Id_muestreo,Id_muestreo_no_dc,Id_group,Nombre_institucion,Uniq_db,Fecha,Ano_grp,Ano,Mes,Dia,Julian_day,Sampling_day,Pc_start,Pc_length,N_samp_periods,N_reps,Rep_ano_grp,Season,Rep_season,Spp_obs,Registrado_por,Noise,Clima,Cows_50m,Canopy_cover,Canopy_height_m
C-MB-A-ED_01,MB-A-ED_01,C-MB-A-ED,Cipav,Cipav mbd,2017-11-04,16-17,2017,11,4,308,89,06:16:00,00:30:00,1,1,1,Early,1,1,"Alexander Velasquez, Amadeo Perdomo",NA,NA,NA,21.85828102366007,5.6
C-MB-A-ED_02,MB-A-ED_02,C-MB-A-ED,Cipav,Cipav mbd,2017-11-04,16-17,2017,11,4,308,89,07:27:00,00:08:00,1,1,1,Early,1,1,"Alexander Velasquez, Amadeo Perdomo",NA,NA,NA,20.937892701788304,6.3
C-MB-A-ED_03,MB-A-ED_03,C-MB-A-ED,Cipav,Cipav mbd,2017-11-04,16-17,2017,11,4,308,89,07:44:00,00:18:00,1,1,1,Early,1,1,"Alexander Velasquez, Amadeo Perdomo",NA,NA,NA,21.405940594059405,6.7
C-MB-A-ED_04,MB-A-ED_04,C-MB-A-ED,Cipav,Cipav mbd,2017-11-04,16-17,2017,11,4,308,89,08:03:00,00:22:00,1,1,1,Early,1,1,"Alexander Velasquez, Amadeo Perdomo",NA,NA,NA,22.39782345828295,7.7
C-MB-A-LF_01,MB-A-LF_01,C-MB-A-LF,Cipav,Cipav mbd,2016-11-28,16-17,2016,11,28,333,63,06:24:00,01:30:00,1,1,1,Early,1,1,"Alexander Velasquez, Amadeo Perdomo",NA,NA,NA,59.35736752963949,14.3
C-MB-A-LF_02,MB-A-LF_02,C-MB-A-LF,Cipav,Cipav mbd,2016-11-28,16-17,2016,11,28,333,63,07:59:00,00:15:00,1,1,1,Early,1,1,"Alexander Velasquez, Amadeo Perdomo",NA,NA,NA,52.17206379893669,10.7
C-MB-A-LF_03,MB-A-LF_03,C-MB-A-LF,Cipav,Cipav mbd,2016-11-28,16-17,2016,11,28,333,63,08:26:00,00:11:00,1,1,1,Early,1,1,"Alexander Velasquez, Amadeo Perdomo",NA,NA,NA,41.08093742449867,9.4
C-MB-A-LF_04,MB-A-LF_04,C-MB-A-LF,Cipav,Cipav mbd,2016-11-28,16-17,2016,11,28,333,63,08:59:00,00:12:00,1,1,1,Early,1,1,"Alexander Velasquez, Amadeo Perdomo",NA,NA,NA,29.876328502415458,7
C-MB-A-VE_01,MB-A-VE_01,C-MB-A-VE,Cipav,Cipav mbd,2016-11-29,16-17,2016,11,29,334,64,06:27:00,00:26:00,1,1,1,Early,1,1,"Alexander Velasquez, Amadeo Perdomo",NA,NA,NA,40.83896668276195,10.3
C-MB-A-VE_02,MB-A-VE_02,C-MB-A-VE,Cipav,Cipav mbd,2016-11-29,16-17,2016,11,29,334,64,08:55:00,00:25:00,1,1,1,Early,1,1,"Alexander Velasquez, Amadeo Perdomo",NA,NA,NA,36.99034049746438,7.2
C-MB-A-VE_03,MB-A-VE_03,C-MB-A-VE,Cipav,Cipav mbd,2016-11-29,16-17,2016,11,29,334,64,07:47:00,00:21:00,1,1,1,Early,1,1,"Alexander Velasquez, Amadeo Perdomo",NA,NA,NA,33.913422007255136,9.5
C-MB-A-VE_04,MB-A-VE_04,C-MB-A-VE,Cipav,Cipav mbd,2016-11-29,16-17,2016,11,29,334,64,08:29:00,00:04:00,1,1,1,Early,1,1,"Alexander Velasquez, Amadeo Perdomo",NA,NA,NA,31.05190729116369,3.6
C-MB-B-LEST_01,MB-B-LEST_01,C-MB-B-LEST,Cipav,Cipav mbd,2017-04-07,16-17,2017,4,7,97,1,06:32:00,00:26:00,1,1,1,Early,1,1,"Alexander Velasquez, Amadeo Perdomo",NA,NA,NA,38.0851480303401,14.2
C-MB-B-LEST_02,MB-B-LEST_02,C-MB-B-LEST,Cipav,Cipav mbd,2017-04-07,16-17,2017,4,7,97,1,07:00:00,00:21:00,1,1,1,Early,1,1,"Alexander Velasquez, Amadeo Perdomo",NA,NA,NA,36.90926876987039,9
C-MB-B-LEST_03,MB-B-LEST_03,C-MB-B-LEST,Cipav,Cipav mbd,2017-04-07,16-17,2017,4,7,97,1,09:41:00,00:08:00,1,1,1,Early,1,1,"Alexander Velasquez, Amadeo Perdomo",NA,NA,NA,35.3717008797654,13.1
C-MB-B-LEST_04,MB-B-LEST_04,C-MB-B-LEST,Cipav,Cipav mbd,2017-04-07,16-17,2017,4,7,97,1,09:51:00,00:05:00,1,1,1,Early,1,1,"Alexander Velasquez, Amadeo Perdomo",NA,NA,NA,39.357282502443795,17.9
C-MB-B-LES_01,MB-B-LES_01,C-MB-B-LES,Cipav,Cipav mbd,2017-04-07,16-17,2017,4,7,97,1,10:00:00,00:26:00,1,1,1,Early,1,1,"Alexander Velasquez, Amadeo Perdomo",NA,NA,NA,3.4609164420485174,0
C-MB-B-LES_02,MB-B-LES_02,C-MB-B-LES,Cipav,Cipav mbd,2017-04-07,16-17,2017,4,7,97,1,10:29:00,00:17:00,1,1,1,Early,1,1,"Alexander Velasquez, Amadeo Perdomo",NA,NA,NA,2.614310218083803,0
C-MB-B-LES_03,MB-B-LES_03,C-MB-B-LES,Cipav,Cipav mbd,2017-04-07,16-17,2017,4,7,97,1,05:50:00,00:18:00,1,1,1,Early,1,1,"Alexander Velasquez, Amadeo Perdomo",NA,NA,NA,2.2019583843329253,13.7
C-MB-B-LES_04,MB-B-LES_04,C-MB-B-LES,Cipav,Cipav mbd,2017-04-07,16-17,2017,4,7,97,1,06:10:00,00:19:00,1,1,1,Early,1,1,"Alexander Velasquez, Amadeo Perdomo",NA,NA,NA,1.9870129870129871,0
C-MB-B-LM_01,MB-B-LM_01,C-MB-B-LM,Cipav,Cipav mbd,2017-08-08,16-17,2017,8,8,220,1,07:15:00,00:17:00,1,1,1,Early,1,1,"Alexander Velasquez, Amadeo Perdomo",NA,NA,NA,13.57656555772994,11.6
C-MB-B-LM_02,MB-B-LM_02,C-MB-B-LM,Cipav,Cipav mbd,2017-08-08,16-17,2017,8,8,220,1,06:19:00,00:08:00,1,1,1,Early,1,1,"Alexander Velasquez, Amadeo Perdomo",NA,NA,NA,8.851100244498777,0
C-MB-B-LM_03,MB-B-LM_03,C-MB-B-LM,Cipav,Cipav mbd,2017-08-08,16-17,2017,8,8,220,1,09:07:00,00:27:00,1,1,1,Early,1,1,"Alexander Velasquez, Amadeo Perdomo",NA,NA,NA,7.111491442542787,0
C-MB-B-LM_04,MB-B-LM_04,C-MB-B-LM,Cipav,Cipav mbd,2017-08-08,16-17,2017,8,8,220,1,09:52:00,00:06:00,1,1,1,Early,1,1,"Alexander Velasquez, Amadeo Perdomo",NA,NA,NA,6.148347613219094,0
C-MB-B-LP_01,MB-B-LP_01,C-MB-B-LP,Cipav,Cipav mbd,2017-08-09,16-17,2017,8,9,221,2,06:47:00,00:10:00,1,1,1,Early,1,1,"Alexander Velasquez, Amadeo Perdomo",NA,NA,NA,48.17237163814181,0
C-MB-B-LP_02,MB-B-LP_02,C-MB-B-LP,Cipav,Cipav mbd,2017-08-09,16-17,2017,8,9,221,2,07:21:00,00:00:00,1,1,1,Early,1,1,"Alexander Velasquez, Amadeo Perdomo",NA,NA,NA,47.37267839687195,16.6
C-MB-B-LP_03,MB-B-LP_03,C-MB-B-LP,Cipav,Cipav mbd,2017-08-09,16-17,2017,8,9,221,2,08:15:00,00:27:00,1,1,1,Early,1,1,"Alexander Velasquez, Amadeo Perdomo",NA,NA,NA,43.54712362301102,0
C-MB-B-LP_04,MB-B-LP_04,C-MB-B-LP,Cipav,Cipav mbd,2017-08-09,16-17,2017,8,9,221,2,09:37:00,00:31:00,1,1,1,Early,1,1,"Alexander Velasquez, Amadeo Perdomo",NA,NA,NA,44.12744618395303,0
C-MB-BL-EP_01,MB-BL-EP_01,C-MB-BL-EP,Cipav,Cipav mbd,2016-11-30,16-17,2016,11,30,335,65,08:49:00,00:20:00,1,1,1,Early,1,1,"Alexander Velasquez, Amadeo Perdomo",NA,NA,NA,5.347541777670138,0
C-MB-BL-EP_02,MB-BL-EP_02,C-MB-BL-EP,Cipav,Cipav mbd,2016-11-30,16-17,2016,11,30,335,65,08:21:00,00:21:00,1,1,1,Early,1,1,"Alexander Velasquez, Amadeo Perdomo",NA,NA,NA,5.114631197097944,2
C-MB-BL-EP_03,MB-BL-EP_03,C-MB-BL-EP,Cipav,Cipav mbd,2016-11-30,16-17,2016,11,30,335,65,07:44:00,00:21:00,1,1,1,Early,1,1,"Alexander Velasquez, Amadeo Perdomo",NA,NA,NA,5.1866504854368936,0
C-MB-BL-EP_04,MB-BL-EP_04,C-MB-BL-EP,Cipav,Cipav mbd,2016-11-30,16-17,2016,11,30,335,65,06:57:00,00:21:00,1,1,1,Early,1,1,"Alexander Velasquez, Amadeo Perdomo",NA,NA,NA,5.371946795646917,0
C-MB-CD-LMO_01,MB-CD-LMO_01,C-MB-CD-LMO,Cipav,Cipav mbd,2016-09-27,16-17,2016,9,27,271,1,06:04:00,00:23:00,1,1,1,Early,1,1,"Alexander Velasquez, Amadeo Perdomo",NA,NA,NA,58.38655256723716,10.3
C-MB-CD-LMO_02,MB-CD-LMO_02,C-MB-CD-LMO,Cipav,Cipav mbd,2016-09-27,16-17,2016,9,27,271,1,06:50:00,00:25:00,1,1,1,Early,1,1,"Alexander Velasquez, Amadeo Perdomo",NA,NA,NA,58.463157894736845,6.4
C-MB-CD-LMO_03,MB-CD-LMO_03,C-MB-CD-LMO,Cipav,Cipav mbd,2016-09-27,16-17,2016,9,27,271,1,08:02:00,00:12:00,1,1,1,Early,1,1,"Alexander Velasquez, Amadeo Perdomo",NA,NA,NA,57.893006134969326,5.2
C-MB-CD-LMO_04,MB-CD-LMO_04,C-MB-CD-LMO,Cipav,Cipav mbd,2016-09-27,16-17,2016,9,27,271,1,08:17:00,00:21:00,1,1,1,Early,1,1,"Alexander Velasquez, Amadeo Perdomo",NA,NA,NA,57.45300613496933,9.2
C-MB-CS-CA_01,MB-CS-CA_01,C-MB-CS-CA,Cipav,Cipav mbd,2016-10-17,16-17,2016,10,17,291,21,06:33:00,00:36:00,1,1,1,Early,1,1,"Alexander Velasquez, Amadeo Perdomo",NA,NA,NA,19.154312015503876,0
C-MB-CS-CA_02,MB-CS-CA_02,C-MB-CS-CA,Cipav,Cipav mbd,2016-10-17,16-17,2016,10,17,291,21,07:30:00,00:20:00,1,1,1,Early,1,1,"Alexander Velasquez, Amadeo Perdomo",NA,NA,NA,20.76632801161103,0
C-MB-CS-CA_03,MB-CS-CA_03,C-MB-CS-CA,Cipav,Cipav mbd,2016-10-17,16-17,2016,10,17,291,21,08:20:00,00:16:00,1,1,1,Early,1,1,"Alexander Velasquez, Amadeo Perdomo",NA,NA,NA,20.92503022974607,4
C-MB-CS-CA_04,MB-CS-CA_04,C-MB-CS-CA,Cipav,Cipav mbd,2016-10-17,16-17,2016,10,17,291,21,08:48:00,00:11:00,1,1,1,Early,1,1,"Alexander Velasquez, Amadeo Perdomo",NA,NA,NA,24.40285161913968,0
C-MB-CS-LD2_01,MB-CS-LD2_01,C-MB-CS-LD2,Cipav,Cipav mbd,2016-10-19,16-17,2016,10,19,293,23,07:45:00,00:18:00,1,1,1,Early,1,1,"Alexander Velasquez, Amadeo Perdomo",NA,NA,NA,64.06101694915255,11.6
C-MB-CS-LD2_02,MB-CS-LD2_02,C-MB-CS-LD2,Cipav,Cipav mbd,2016-10-19,16-17,2016,10,19,293,23,08:06:00,00:28:00,1,1,1,Early,1,1,"Alexander Velasquez, Amadeo Perdomo",NA,NA,NA,58.82821937666103,0
C-MB-CS-LD2_03,MB-CS-LD2_03,C-MB-CS-LD2,Cipav,Cipav mbd,2016-10-19,16-17,2016,10,19,293,23,08:36:00,00:35:00,1,1,1,Early,1,1,"Alexander Velasquez, Amadeo Perdomo",NA,NA,NA,57.22783280985745,7.8
C-MB-CS-LD2_04,MB-CS-LD2_04,C-MB-CS-LD2,Cipav,Cipav mbd,2016-10-19,16-17,2016,10,19,293,23,09:13:00,00:16:00,1,1,1,Early,1,1,"Alexander Velasquez, Amadeo Perdomo",NA,NA,NA,53.30785973397823,8.2
C-MB-CS-LL_01,MB-CS-LL_01,C-MB-CS-LL,Cipav,Cipav mbd,2017-11-06,16-17,2017,11,6,310,91,06:42:00,00:28:00,1,1,1,Early,1,1,"Alexander Velasquez, Amadeo Perdomo",NA,NA,NA,65.6428398352314,14.5
C-MB-CS-LL_02,MB-CS-LL_02,C-MB-CS-LL,Cipav,Cipav mbd,2017-11-06,16-17,2017,11,6,310,91,07:31:00,00:27:00,1,1,1,Early,1,1,"Alexander Velasquez, Amadeo Perdomo",NA,NA,NA,45.22639225181598,9.4
C-MB-CS-LL_03,MB-CS-LL_03,C-MB-CS-LL,Cipav,Cipav mbd,2017-11-06,16-17,2017,11,6,310,91,08:47:00,00:10:00,1,1,1,Early,1,1,"Alexander Velasquez, Amadeo Perdomo",NA,NA,NA,32.71171609139524,4.2
C-MB-CS-LL_04,MB-CS-LL_04,C-MB-CS-LL,Cipav,Cipav mbd,2017-11-06,16-17,2017,11,6,310,91,09:02:00,00:27:00,1,1,1,Early,1,1,"Alexander Velasquez, Amadeo Perdomo",NA,NA,NA,22.614192298377333,9.5
C-MB-CS-PV_01,MB-CS-PV_01,C-MB-CS-PV,Cipav,Cipav mbd,2017-11-07,16-17,2017,11,7,311,92,06:44:00,00:20:00,1,1,1,Early,1,1,"Alexander Velasquez, Amadeo Perdomo",NA,NA,NA,20.16166505324298,2
C-MB-CS-PV_02,MB-CS-PV_02,C-MB-CS-PV,Cipav,Cipav mbd,2017-11-07,16-17,2017,11,7,311,92,07:40:00,00:29:00,1,1,1,Early,1,1,"Alexander Velasquez, Amadeo Perdomo",NA,NA,NA,26.970716360116167,0
C-MB-CS-PV_03,MB-CS-PV_03,C-MB-CS-PV,Cipav,Cipav mbd,2017-11-07,16-17,2017,11,7,311,92,08:10:00,00:17:00,1,1,1,Early,1,1,"Alexander Velasquez, Amadeo Perdomo",NA,NA,NA,32.85281280310378,0
C-MB-CS-PV_04,MB-CS-PV_04,C-MB-CS-PV,Cipav,Cipav mbd,2017-11-07,16-17,2017,11,7,311,92,08:38:00,00:25:00,1,1,1,Early,1,1,"Alexander Velasquez, Amadeo Perdomo",NA,NA,NA,37.863988383349465,5.2
C-MB-CS-SI_01,MB-CS-SI_01,C-MB-CS-SI,Cipav,Cipav mbd,2016-10-16,16-17,2016,10,16,290,20,10:50:00,00:22:00,1,1,1,Early,1,1,"Alexander Velasquez, Amadeo Perdomo",NA,NA,NA,46.17070805043647,11.4
C-MB-CS-SI_02,MB-CS-SI_02,C-MB-CS-SI,Cipav,Cipav mbd,2016-10-16,16-17,2016,10,16,290,20,07:50:00,00:22:00,1,1,1,Early,1,1,"Alexander Velasquez, Amadeo Perdomo",NA,NA,NA,46.80261564543473,8.8
C-MB-CS-SI_03,MB-CS-SI_03,C-MB-CS-SI,Cipav,Cipav mbd,2016-10-16,16-17,2016,10,16,290,20,09:21:00,00:24:00,1,1,1,Early,1,1,"Alexander Velasquez, Amadeo Perdomo",NA,NA,NA,46.279728747880846,9.6
C-MB-CS-SI_04,MB-CS-SI_04,C-MB-CS-SI,Cipav,Cipav mbd,2016-10-16,16-17,2016,10,16,290,20,09:01:00,00:20:00,1,1,1,Early,1,1,"Alexander Velasquez, Amadeo Perdomo",NA,NA,NA,46.99732620320856,12.4
C-MB-G-LO_01,MB-G-LO_01,C-MB-G-LO,Cipav,Cipav mbd,2016-10-15,16-17,2016,10,15,289,19,06:28:00,00:25:00,1,1,1,Early,1,1,"Alexander Velasquez, Amadeo Perdomo",NA,NA,NA,26.832689521970064,0
C-MB-G-LO_02,MB-G-LO_02,C-MB-G-LO,Cipav,Cipav mbd,2016-10-15,16-17,2016,10,15,289,19,07:29:00,00:20:00,1,1,1,Early,1,1,"Alexander Velasquez, Amadeo Perdomo",NA,NA,NA,32.824083011583014,2
C-MB-G-LO_03,MB-G-LO_03,C-MB-G-LO,Cipav,Cipav mbd,2016-10-15,16-17,2016,10,15,289,19,08:48:00,00:21:00,1,1,1,Early,1,1,"Alexander Velasquez, Amadeo Perdomo",NA,NA,NA,33.535912938331315,0
C-MB-G-LO_04,MB-G-LO_04,C-MB-G-LO,Cipav,Cipav mbd,2016-10-15,16-17,2016,10,15,289,19,09:19:00,00:17:00,1,1,1,Early,1,1,"Alexander Velasquez, Amadeo Perdomo",NA,NA,NA,32.783187984496124,0
C-MB-G-LO_05,MB-G-LO_05,C-MB-G-LO,Cipav,Cipav mbd,2016-10-15,16-17,2016,10,15,289,19,09:42:00,00:15:00,1,1,1,Early,1,1,"Alexander Velasquez, Amadeo Perdomo",NA,NA,NA,49.06239419588876,7.3
C-MB-G-LP_01,MB-G-LP_01,C-MB-G-LP,Cipav,Cipav mbd,2016-10-18,16-17,2016,10,18,292,22,06:10:00,01:02:00,1,1,1,Early,1,1,"Alexander Velasquez, Amadeo Perdomo",NA,NA,NA,27.865664403491756,9.5
C-MB-G-LP_02,MB-G-LP_02,C-MB-G-LP,Cipav,Cipav mbd,2016-10-18,16-17,2016,10,18,292,22,07:52:00,01:06:00,1,1,1,Early,1,1,"Alexander Velasquez, Amadeo Perdomo",NA,NA,NA,34.259097525473074,7.9
C-MB-G-LP_03,MB-G-LP_03,C-MB-G-LP,Cipav,Cipav mbd,2016-10-18,16-17,2016,10,18,292,22,08:58:00,00:28:00,1,1,1,Early,1,1,"Alexander Velasquez, Amadeo Perdomo",NA,NA,NA,30.704688255195748,0
C-MB-G-LP_04,MB-G-LP_04,C-MB-G-LP,Cipav,Cipav mbd,2016-10-18,16-17,2016,10,18,292,22,09:26:00,00:35:00,1,1,1,Early,1,1,"Alexander Velasquez, Amadeo Perdomo",NA,NA,NA,24.86346060898985,11
C-MB-M-C_01,MB-M-C_01,C-MB-M-C,Cipav,Cipav mbd,2017-11-03,16-17,2017,11,3,307,88,05:50:00,00:26:00,1,1,1,Early,1,1,"Alexander Velasquez, Amadeo Perdomo",NA,NA,NA,16.097447226313207,4.8
C-MB-M-C_02,MB-M-C_02,C-MB-M-C,Cipav,Cipav mbd,2017-11-03,16-17,2017,11,3,307,88,06:31:00,00:12:00,1,1,1,Early,1,1,"Alexander Velasquez, Amadeo Perdomo",NA,NA,NA,16.273686794305352,0
C-MB-M-C_03,MB-M-C_03,C-MB-M-C,Cipav,Cipav mbd,2017-11-03,16-17,2017,11,3,307,88,07:09:00,00:20:00,1,1,1,Early,1,1,"Alexander Velasquez, Amadeo Perdomo",NA,NA,NA,15.596474045053869,11.2
C-MB-M-C_04,MB-M-C_04,C-MB-M-C,Cipav,Cipav mbd,2017-11-03,16-17,2017,11,3,307,88,07:34:00,00:41:00,1,1,1,Early,1,1,"Alexander Velasquez, Amadeo Perdomo",NA,NA,NA,16.342492639842984,18.5
C-MB-M-EPO2_01,MB-M-EPO2_01,C-MB-M-EPO2,Cipav,Cipav mbd,2016-11-01,16-17,2016,11,1,306,36,06:40:00,00:20:00,1,1,1,Early,1,1,"Alexander Velasquez, Amadeo Perdomo",NA,NA,NA,38.02916666666667,21.9
C-MB-M-EPO2_02,MB-M-EPO2_02,C-MB-M-EPO2,Cipav,Cipav mbd,2016-10-31,16-17,2016,10,31,305,35,07:05:00,00:13:00,1,1,1,Early,1,1,"Alexander Velasquez, Amadeo Perdomo",NA,NA,NA,34.44539877300613,16.8
C-MB-M-EPO2_03,MB-M-EPO2_03,C-MB-M-EPO2,Cipav,Cipav mbd,2016-10-31,16-17,2016,10,31,305,35,07:50:00,00:19:00,1,1,1,Early,1,1,"Alexander Velasquez, Amadeo Perdomo",NA,NA,NA,28.43953887662497,0
C-MB-M-EPO2_04,MB-M-EPO2_04,C-MB-M-EPO2,Cipav,Cipav mbd,2016-10-31,16-17,2016,10,31,305,35,06:10:00,00:20:00,1,1,1,Early,1,1,"Alexander Velasquez, Amadeo Perdomo",NA,NA,NA,23.377238165317635,0
C-MB-M-NC_01,MB-M-NC_01,C-MB-M-NC,Cipav,Cipav mbd,2016-10-30,16-17,2016,10,30,304,34,07:00:00,00:25:00,1,1,1,Early,1,1,"Alexander Velasquez, Amadeo Perdomo",NA,NA,NA,25.882960413080895,11.1
C-MB-M-NC_02,MB-M-NC_02,C-MB-M-NC,Cipav,Cipav mbd,2016-10-30,16-17,2016,10,30,304,34,06:20:00,00:26:00,1,1,1,Early,1,1,"Alexander Velasquez, Amadeo Perdomo",NA,NA,NA,24.46815834767642,17.9
C-MB-M-NC_03,MB-M-NC_03,C-MB-M-NC,Cipav,Cipav mbd,2016-10-30,16-17,2016,10,30,304,34,07:40:00,00:26:00,1,1,1,Early,1,1,"Alexander Velasquez, Amadeo Perdomo",NA,NA,NA,26.93413320274241,9.6
C-MB-M-NC_04,MB-M-NC_04,C-MB-M-NC,Cipav,Cipav mbd,2016-10-30,16-17,2016,10,30,304,34,09:20:00,00:15:00,1,1,1,Early,1,1,"Alexander Velasquez, Amadeo Perdomo",NA,NA,NA,23.563314482419475,15.2
C-MB-M-S_01,MB-M-S_01,C-MB-M-S,Cipav,Cipav mbd,2017-11-02,16-17,2017,11,2,306,87,06:19:00,00:20:00,1,1,1,Early,1,1,"Alexander Velasquez, Amadeo Perdomo",NA,NA,NA,27.24754661432777,14.5
C-MB-M-S_02,MB-M-S_02,C-MB-M-S,Cipav,Cipav mbd,2017-11-02,16-17,2017,11,2,306,87,07:02:00,00:17:00,1,1,1,Early,1,1,"Alexander Velasquez, Amadeo Perdomo",NA,NA,NA,31.09327442317133,0
C-MB-M-S_03,MB-M-S_03,C-MB-M-S,Cipav,Cipav mbd,2017-11-02,16-17,2017,11,2,306,87,07:32:00,00:23:00,1,1,1,Early,1,1,"Alexander Velasquez, Amadeo Perdomo",NA,NA,NA,30.52208047105005,0
C-MB-M-S_04,MB-M-S_04,C-MB-M-S,Cipav,Cipav mbd,2017-11-02,16-17,2017,11,2,306,87,07:27:00,00:36:00,1,1,1,Early,1,1,"Alexander Velasquez, Amadeo Perdomo",NA,NA,NA,30.967844869906724,0
C-MB-R-LES_01,MB-R-LES_01,C-MB-R-LES,Cipav,Cipav mbd,2016-09-28,16-17,2016,9,28,272,2,06:14:00,00:23:00,1,1,1,Early,1,1,"Alexander Velasquez, Amadeo Perdomo",NA,NA,NA,64.33406754772393,19
C-MB-R-LES_02,MB-R-LES_02,C-MB-R-LES,Cipav,Cipav mbd,2016-09-28,16-17,2016,9,28,272,2,07:01:00,00:26:00,1,1,1,Early,1,1,"Alexander Velasquez, Amadeo Perdomo",NA,NA,NA,64.5205680705191,20.4
C-MB-R-LES_03,MB-R-LES_03,C-MB-R-LES,Cipav,Cipav mbd,2016-09-28,16-17,2016,9,28,272,2,07:55:00,00:15:00,1,1,1,Early,1,1,"Alexander Velasquez, Amadeo Perdomo",NA,NA,NA,64.562469377756,17
C-MB-R-LES_04,MB-R-LES_04,C-MB-R-LES,Cipav,Cipav mbd,2016-09-28,16-17,2016,9,28,272,2,07:37:00,00:13:00,1,1,1,Early,1,1,"Alexander Velasquez, Amadeo Perdomo",NA,NA,NA,63.77633194205745,12.1
C-MB-S-BA_01,MB-S-BA_01,C-MB-S-BA,Cipav,Cipav mbd,2017-04-10,16-17,2017,4,10,100,4,07:41:00,00:19:00,1,1,1,Early,1,1,"Alexander Velasquez, Amadeo Perdomo",NA,NA,NA,47.44232649071359,19.8
C-MB-S-BA_02,MB-S-BA_02,C-MB-S-BA,Cipav,Cipav mbd,2017-04-10,16-17,2017,4,10,100,4,06:05:00,00:14:00,1,1,1,Early,1,1,"Alexander Velasquez, Amadeo Perdomo",NA,NA,NA,49.203567937438905,17.8
C-MB-S-BA_03,MB-S-BA_03,C-MB-S-BA,Cipav,Cipav mbd,2017-04-10,16-17,2017,4,10,100,4,06:27:00,00:09:00,1,1,1,Early,1,1,"Alexander Velasquez, Amadeo Perdomo",NA,NA,NA,49.65672371638142,14.3
C-MB-S-BA_04,MB-S-BA_04,C-MB-S-BA,Cipav,Cipav mbd,2017-04-10,16-17,2017,4,10,100,4,06:40:00,00:29:00,1,1,1,Early,1,1,"Alexander Velasquez, Amadeo Perdomo",NA,NA,NA,50.2890625,19.4
C-MB-S-LR_01,MB-S-LR_01,C-MB-S-LR,Cipav,Cipav mbd,2017-04-11,16-17,2017,4,11,101,5,07:39:00,00:15:00,1,1,1,Early,1,1,"Alexander Velasquez, Amadeo Perdomo",NA,NA,NA,67.03643922719492,20.6
C-MB-S-LR_02,MB-S-LR_02,C-MB-S-LR,Cipav,Cipav mbd,2017-04-11,16-17,2017,4,11,101,5,07:17:00,00:14:00,1,1,1,Early,1,1,"Alexander Velasquez, Amadeo Perdomo",NA,NA,NA,66.59530791788856,22.1
C-MB-S-LR_03,MB-S-LR_03,C-MB-S-LR,Cipav,Cipav mbd,2017-04-11,16-17,2017,4,11,101,5,06:13:00,00:26:00,1,1,1,Early,1,1,"Alexander Velasquez, Amadeo Perdomo",NA,NA,NA,65.82416238689166,18.9
C-MB-S-LR_04,MB-S-LR_04,C-MB-S-LR,Cipav,Cipav mbd,2017-04-11,16-17,2017,4,11,101,5,08:25:00,00:24:00,1,1,1,Early,1,1,"Alexander Velasquez, Amadeo Perdomo",NA,NA,NA,66.00537634408602,19
C-MB-S-V_01,MB-S-V_01,C-MB-S-V,Cipav,Cipav mbd,2017-04-09,16-17,2017,4,9,99,3,06:35:00,00:21:00,1,1,1,Early,1,1,"Alexander Velasquez, Amadeo Perdomo",NA,NA,NA,52.11750305997552,13.6
C-MB-S-V_02,MB-S-V_02,C-MB-S-V,Cipav,Cipav mbd,2017-04-09,16-17,2017,4,9,99,3,07:10:00,00:23:00,1,1,1,Early,1,1,"Alexander Velasquez, Amadeo Perdomo",NA,NA,NA,48.1282991202346,5.6
C-MB-S-V_03,MB-S-V_03,C-MB-S-V,Cipav,Cipav mbd,2017-04-09,16-17,2017,4,9,99,3,08:28:00,00:20:00,1,1,1,Early,1,1,"Alexander Velasquez, Amadeo Perdomo",NA,NA,NA,44.10746634026928,9.1
C-MB-S-V_04,MB-S-V_04,C-MB-S-V,Cipav,Cipav mbd,2017-04-09,16-17,2017,4,9,99,3,08:28:00,00:21:00,1,1,1,Early,1,1,"Alexander Velasquez, Amadeo Perdomo",NA,NA,NA,44.43574051407589,0
C-MB-T-ECH_01,MB-T-ECH_01,C-MB-T-ECH,Cipav,Cipav mbd,2017-11-13,16-17,2017,11,13,317,98,06:24:00,00:23:00,1,1,1,Early,1,1,"Alexander Velasquez, Amadeo Perdomo",NA,NA,NA,28.06733594515181,16.7
C-MB-T-ECH_02,MB-T-ECH_02,C-MB-T-ECH,Cipav,Cipav mbd,2017-11-13,16-17,2017,11,13,317,98,07:12:00,00:25:00,1,1,1,Early,1,1,"Alexander Velasquez, Amadeo Perdomo",NA,NA,NA,27.078151880068813,9.5
C-MB-T-ECH_03,MB-T-ECH_03,C-MB-T-ECH,Cipav,Cipav mbd,2017-11-13,16-17,2017,11,13,317,98,07:45:00,00:23:00,1,1,1,Early,1,1,"Alexander Velasquez, Amadeo Perdomo",NA,NA,NA,27.6307541625857,0
C-MB-T-ECH_04,MB-T-ECH_04,C-MB-T-ECH,Cipav,Cipav mbd,2017-11-13,16-17,2017,11,13,317,98,08:28:00,00:18:00,1,1,1,Early,1,1,"Alexander Velasquez, Amadeo Perdomo",NA,NA,NA,23.529411764705884,0
C-MB-T-SA_01,MB-T-SA_01,C-MB-T-SA,Cipav,Cipav mbd,2017-11-12,16-17,2017,11,12,316,97,06:31:00,00:40:00,1,1,1,Early,1,1,"Alexander Velasquez, Amadeo Perdomo",NA,NA,NA,16.34843290891283,18.6
C-MB-T-SA_02,MB-T-SA_02,C-MB-T-SA,Cipav,Cipav mbd,2017-11-12,16-17,2017,11,12,316,97,07:15:00,00:21:00,1,1,1,Early,1,1,"Alexander Velasquez, Amadeo Perdomo",NA,NA,NA,15.70763956904995,12.2
C-MB-T-SA_03,MB-T-SA_03,C-MB-T-SA,Cipav,Cipav mbd,2017-11-12,16-17,2017,11,12,316,97,07:44:00,00:18:00,1,1,1,Early,1,1,"Alexander Velasquez, Amadeo Perdomo",NA,NA,NA,14.832272282076396,11.1
C-MB-T-SA_04,MB-T-SA_04,C-MB-T-SA,Cipav,Cipav mbd,2017-11-12,16-17,2017,11,12,316,97,08:10:00,00:27:00,1,1,1,Early,1,1,"Alexander Velasquez, Amadeo Perdomo",NA,NA,NA,14.832556999264526,2
C-MB-VC-EB_01,MB-VC-EB_01,C-MB-VC-EB,Cipav,Cipav mbd,2016-09-29,16-17,2016,9,29,273,3,06:06:00,00:23:00,1,1,1,Early,1,1,"Alexander Velasquez, Amadeo Perdomo",NA,NA,NA,25.89325153374233,21.7
C-MB-VC-EB_02,MB-VC-EB_02,C-MB-VC-EB,Cipav,Cipav mbd,2016-09-29,16-17,2016,9,29,273,3,06:50:00,00:26:00,1,1,1,Early,1,1,"Alexander Velasquez, Amadeo Perdomo",NA,NA,NA,24.761391474767272,18.3
C-MB-VC-EB_03,MB-VC-EB_03,C-MB-VC-EB,Cipav,Cipav mbd,2016-09-29,16-17,2016,9,29,273,3,07:40:00,00:24:00,1,1,1,Early,1,1,"Alexander Velasquez, Amadeo Perdomo",NA,NA,NA,27.073865030674845,13.8
C-MB-VC-EH_01,MB-VC-EH_01,C-MB-VC-EH,Cipav,Cipav mbd,2017-12-03,16-17,2017,12,3,337,118,05:50:00,00:29:00,2,1,1,Early,1,1,"Alexander Velasquez, Amadeo Perdomo",NA,NA,NA,41.66601226993865,26.4
C-MB-VC-EH_02,MB-VC-EH_02,C-MB-VC-EH,Cipav,Cipav mbd,2017-12-03,16-17,2017,12,3,337,118,06:15:00,00:04:00,2,1,1,Early,1,1,"Alexander Velasquez, Amadeo Perdomo",NA,NA,NA,39.656219392752206,19.5
C-MB-VC-EH_03,MB-VC-EH_03,C-MB-VC-EH,Cipav,Cipav mbd,2017-12-03,16-17,2017,12,3,337,118,06:50:00,00:19:00,2,1,1,Early,1,1,"Alexander Velasquez, Amadeo Perdomo",NA,NA,NA,35.34101495464574,12
C-MB-VC-EH_04,MB-VC-EH_04,C-MB-VC-EH,Cipav,Cipav mbd,2017-12-03,16-17,2017,12,3,337,118,08:00:00,00:10:00,2,1,1,Early,1,1,"Alexander Velasquez, Amadeo Perdomo",NA,NA,NA,27.151752880607994,15.6
C-MB-VC-LCH_01,MB-VC-LCH_01,C-MB-VC-LCH,Cipav,Cipav mbd,2016-09-30,16-17,2016,9,30,274,4,06:13:00,00:29:00,1,1,1,Early,1,1,"Alexander Velasquez, Amadeo Perdomo",NA,NA,NA,45.19277108433735,15.1
C-MB-VC-LCH_02,MB-VC-LCH_02,C-MB-VC-LCH,Cipav,Cipav mbd,2016-09-30,16-17,2016,9,30,274,4,06:42:00,00:27:00,1,1,1,Early,1,1,"Alexander Velasquez, Amadeo Perdomo",NA,NA,NA,51.09467745891587,12.2
C-MB-VC-LCH_03,MB-VC-LCH_03,C-MB-VC-LCH,Cipav,Cipav mbd,2016-09-30,16-17,2016,9,30,274,4,08:01:00,00:24:00,1,1,1,Early,1,1,"Alexander Velasquez, Amadeo Perdomo",NA,NA,NA,47.298211222739525,0
C-MB-VC-LCH_04,MB-VC-LCH_04,C-MB-VC-LCH,Cipav,Cipav mbd,2016-09-30,16-17,2016,9,30,274,4,08:29:00,00:23:00,1,1,1,Early,1,1,"Alexander Velasquez, Amadeo Perdomo",NA,NA,NA,46.982090284592736,12.4
C-MB-VC-L_01,MB-VC-L_01,C-MB-VC-L,Cipav,Cipav mbd,2017-12-02,16-17,2017,12,2,336,117,06:50:00,00:21:00,1,1,1,Early,1,1,"Alexander Velasquez, Amadeo Perdomo",NA,NA,NA,7.0507850834151125,19.9
C-MB-VC-L_02,MB-VC-L_02,C-MB-VC-L,Cipav,Cipav mbd,2017-12-02,16-17,2017,12,2,336,117,07:25:00,00:21:00,1,1,1,Early,1,1,"Alexander Velasquez, Amadeo Perdomo",NA,NA,NA,8.543717854518736,10.5
C-MB-VC-L_03,MB-VC-L_03,C-MB-VC-L,Cipav,Cipav mbd,2017-12-02,16-17,2017,12,2,336,117,08:00:00,00:23:00,1,1,1,Early,1,1,"Alexander Velasquez, Amadeo Perdomo",NA,NA,NA,9.262383521333987,15.2
C-MB-VC-L_04,MB-VC-L_04,C-MB-VC-L,Cipav,Cipav mbd,2017-12-02,16-17,2017,12,2,336,117,08:34:00,00:19:00,1,1,1,Early,1,1,"Alexander Velasquez, Amadeo Perdomo",NA,NA,NA,7.604708190289357,11.8
C-MB-VC-P_01,MB-VC-P_01,C-MB-VC-P,Cipav,Cipav mbd,2017-12-01,16-17,2017,12,1,335,116,06:47:00,00:29:00,1,1,1,Early,1,1,"Alexander Velasquez, Amadeo Perdomo",NA,NA,NA,42.053045186640475,18.5
C-MB-VC-P_02,MB-VC-P_02,C-MB-VC-P,Cipav,Cipav mbd,2017-12-01,16-17,2017,12,1,335,116,07:18:00,00:20:00,1,1,1,Early,1,1,"Alexander Velasquez, Amadeo Perdomo",NA,NA,NA,42.47404505386876,22.3
C-MB-VC-P_03,MB-VC-P_03,C-MB-VC-P,Cipav,Cipav mbd,2017-12-01,16-17,2017,12,1,335,116,08:25:00,00:20:00,1,1,1,Early,1,1,"Alexander Velasquez, Amadeo Perdomo",NA,NA,NA,41.86777668952008,20.2
C-MB-VC-P_04,MB-VC-P_04,C-MB-VC-P,Cipav,Cipav mbd,2017-12-01,16-17,2017,12,1,335,116,08:50:00,00:27:00,1,1,1,Early,1,1,"Alexander Velasquez, Amadeo Perdomo",NA,NA,NA,41.31723461632753,21.2
C-MB-VC-SJ_01,MB-VC-SJ_01,C-MB-VC-SJ,Cipav,Cipav mbd,2017-11-30,16-17,2017,11,30,334,115,06:41:00,00:19:00,1,1,1,Early,1,1,"Alexander Velasquez, Amadeo Perdomo",NA,NA,NA,56.45443410093092,17.3
C-MB-VC-SJ_02,MB-VC-SJ_02,C-MB-VC-SJ,Cipav,Cipav mbd,2017-11-30,16-17,2017,11,30,334,115,08:10:00,00:23:00,1,1,1,Early,1,1,"Alexander Velasquez, Amadeo Perdomo",NA,NA,NA,57.29958323118411,17.2
C-MB-VC-SJ_03,MB-VC-SJ_03,C-MB-VC-SJ,Cipav,Cipav mbd,2017-11-30,16-17,2017,11,30,334,115,08:40:00,00:26:00,1,1,1,Early,1,1,"Alexander Velasquez, Amadeo Perdomo",NA,NA,NA,56.77668952007836,21.7
C-MB-VC-SJ_04,MB-VC-SJ_04,C-MB-VC-SJ,Cipav,Cipav mbd,2017-11-30,16-17,2017,11,30,334,115,09:26:00,00:23:00,1,1,1,Early,1,1,"Alexander Velasquez, Amadeo Perdomo",NA,NA,NA,56.04395874263261,17.8
G-AD-M-CO_01,AD-M-CO_01,G-AD-M-CO,Gaica,Gaica distancia,2019-09-24,19,2019,9,24,267,1,05:53:00,00:07:00,1,5,1,Early,1,1,"Yuri Rosero-Mora, Diego Cardenas",NA,Despejado,NA,29.86936274509804,5.5
G-AD-M-CO_01,AD-M-CO_01,G-AD-M-CO,Gaica,Gaica distancia,2019-09-24,19,2019,9,24,267,1,15:05:00,00:09:00,1,5,2,Early,2,1,"Yuri Rosero-Mora, Diego Cardenas",NA,Despejado,NA,29.86936274509804,5.5
G-AD-M-CO_01,AD-M-CO_01,G-AD-M-CO,Gaica,Gaica distancia,2019-09-25,19,2019,9,25,268,2,09:56:00,00:10:00,1,5,3,Early,3,1,"Yuri Rosero-Mora, Diego Cardenas",NA,Despejado,NA,29.86936274509804,5.5
G-AD-M-CO_01,AD-M-CO_01,G-AD-M-CO,Gaica,Gaica distancia,2019-09-25,19,2019,9,25,268,2,18:23:00,00:00:00,1,5,4,Early,4,1,"Yuri Rosero-Mora, Diego Cardenas",NA,Nublado,NA,29.86936274509804,5.5
G-AD-M-CO_01,AD-M-CO_01,G-AD-M-CO,Gaica,Gaica distancia,2019-09-26,19,2019,9,26,269,3,05:46:00,00:02:00,1,5,5,Early,5,1,"Yuri Rosero-Mora, Diego Cardenas",NA,Despejado,NA,29.86936274509804,5.5
G-AD-M-CO_02,AD-M-CO_02,G-AD-M-CO,Gaica,Gaica distancia,2019-09-24,19,2019,9,24,267,1,06:18:00,00:09:00,1,5,1,Early,1,1,"Yuri Rosero-Mora, Diego Cardenas",NA,Despejado,NA,29.11851487582985,0
G-AD-M-CO_02,AD-M-CO_02,G-AD-M-CO,Gaica,Gaica distancia,2019-09-24,19,2019,9,24,267,1,15:20:00,00:09:00,1,5,2,Early,2,1,"Yuri Rosero-Mora, Diego Cardenas",NA,Despejado,NA,29.11851487582985,0
G-AD-M-CO_02,AD-M-CO_02,G-AD-M-CO,Gaica,Gaica distancia,2019-09-25,19,2019,9,25,268,2,09:38:00,00:02:00,1,5,3,Early,3,1,"Yuri Rosero-Mora, Diego Cardenas",NA,Despejado,NA,29.11851487582985,0
G-AD-M-CO_02,AD-M-CO_02,G-AD-M-CO,Gaica,Gaica distancia,2019-09-25,19,2019,9,25,268,2,17:56:00,00:00:00,1,5,4,Early,4,1,"Yuri Rosero-Mora, Diego Cardenas",NA,Nublado,NA,29.11851487582985,0
G-AD-M-CO_02,AD-M-CO_02,G-AD-M-CO,Gaica,Gaica distancia,2019-09-26,19,2019,9,26,269,3,06:11:00,00:04:00,1,5,5,Early,5,1,"Yuri Rosero-Mora, Diego Cardenas",NA,Despejado,NA,29.11851487582985,0
G-AD-M-CO_03,AD-M-CO_03,G-AD-M-CO,Gaica,Gaica distancia,2019-09-24,19,2019,9,24,267,1,06:32:00,00:10:00,1,5,1,Early,1,1,"Yuri Rosero-Mora, Diego Cardenas",NA,Despejado,NA,30.352133398724867,0
G-AD-M-CO_03,AD-M-CO_03,G-AD-M-CO,Gaica,Gaica distancia,2019-09-24,19,2019,9,24,267,1,15:36:00,00:09:00,1,5,2,Early,2,1,"Yuri Rosero-Mora, Diego Cardenas",NA,Despejado,NA,30.352133398724867,0
G-AD-M-CO_03,AD-M-CO_03,G-AD-M-CO,Gaica,Gaica distancia,2019-09-25,19,2019,9,25,268,2,09:10:00,00:10:00,1,5,3,Early,3,1,"Yuri Rosero-Mora, Diego Cardenas",NA,Despejado,NA,30.352133398724867,0
G-AD-M-CO_03,AD-M-CO_03,G-AD-M-CO,Gaica,Gaica distancia,2019-09-25,19,2019,9,25,268,2,17:40:00,00:09:00,1,5,4,Early,4,1,"Yuri Rosero-Mora, Diego Cardenas",NA,Nublado,NA,30.352133398724867,0
G-AD-M-CO_03,AD-M-CO_03,G-AD-M-CO,Gaica,Gaica distancia,2019-09-26,19,2019,9,26,269,3,06:29:00,00:10:00,1,5,5,Early,5,1,"Yuri Rosero-Mora, Diego Cardenas",NA,Despejado,NA,30.352133398724867,0
G-AD-M-CO_04,AD-M-CO_04,G-AD-M-CO,Gaica,Gaica distancia,2019-09-24,19,2019,9,24,267,1,06:52:00,00:10:00,1,5,1,Early,1,1,"Yuri Rosero-Mora, Diego Cardenas",NA,Despejado,NA,28.039480137322215,12.5
G-AD-M-CO_04,AD-M-CO_04,G-AD-M-CO,Gaica,Gaica distancia,2019-09-24,19,2019,9,24,267,1,15:51:00,00:09:00,1,5,2,Early,2,1,"Yuri Rosero-Mora, Diego Cardenas",NA,Despejado,NA,28.039480137322215,12.5
G-AD-M-CO_04,AD-M-CO_04,G-AD-M-CO,Gaica,Gaica distancia,2019-09-25,19,2019,9,25,268,2,08:45:00,00:07:00,1,5,3,Early,3,1,"Yuri Rosero-Mora, Diego Cardenas",NA,Despejado,NA,28.039480137322215,12.5
G-AD-M-CO_04,AD-M-CO_04,G-AD-M-CO,Gaica,Gaica distancia,2019-09-25,19,2019,9,25,268,2,17:21:00,00:00:00,1,5,4,Early,4,1,"Yuri Rosero-Mora, Diego Cardenas",NA,Nublado,NA,28.039480137322215,12.5
G-AD-M-CO_04,AD-M-CO_04,G-AD-M-CO,Gaica,Gaica distancia,2019-09-26,19,2019,9,26,269,3,06:54:00,00:06:00,1,5,5,Early,5,1,"Yuri Rosero-Mora, Diego Cardenas",NA,Despejado,NA,28.039480137322215,12.5
G-AD-M-CO_05,AD-M-CO_05,G-AD-M-CO,Gaica,Gaica distancia,2019-09-24,19,2019,9,24,267,1,07:25:00,00:10:00,1,5,1,Early,1,1,"Yuri Rosero-Mora, Diego Cardenas",NA,Despejado,NA,23.967100417382763,13.5
G-AD-M-CO_05,AD-M-CO_05,G-AD-M-CO,Gaica,Gaica distancia,2019-09-24,19,2019,9,24,267,1,16:14:00,00:08:00,1,5,2,Early,2,1,"Yuri Rosero-Mora, Diego Cardenas",NA,Despejado,NA,23.967100417382763,13.5
G-AD-M-CO_05,AD-M-CO_05,G-AD-M-CO,Gaica,Gaica distancia,2019-09-25,19,2019,9,25,268,2,08:20:00,00:09:00,1,5,3,Early,3,1,"Yuri Rosero-Mora, Diego Cardenas",NA,Despejado,NA,23.967100417382763,13.5
G-AD-M-CO_05,AD-M-CO_05,G-AD-M-CO,Gaica,Gaica distancia,2019-09-25,19,2019,9,25,268,2,17:04:00,00:07:00,1,5,4,Early,4,1,"Yuri Rosero-Mora, Diego Cardenas",NA,Nublado,NA,23.967100417382763,13.5
G-AD-M-CO_05,AD-M-CO_05,G-AD-M-CO,Gaica,Gaica distancia,2019-09-26,19,2019,9,26,269,3,07:13:00,00:10:00,1,5,5,Early,5,1,"Yuri Rosero-Mora, Diego Cardenas",NA,Despejado,NA,23.967100417382763,13.5
G-AD-M-CO_06,AD-M-CO_06,G-AD-M-CO,Gaica,Gaica distancia,2019-09-24,19,2019,9,24,267,1,07:54:00,00:10:00,1,5,1,Early,1,1,"Yuri Rosero-Mora, Diego Cardenas",NA,Despejado,NA,21.23308823529412,10.1
G-AD-M-CO_06,AD-M-CO_06,G-AD-M-CO,Gaica,Gaica distancia,2019-09-24,19,2019,9,24,267,1,16:33:00,00:09:00,1,5,2,Early,2,1,"Yuri Rosero-Mora, Diego Cardenas",NA,Despejado,NA,21.23308823529412,10.1
G-AD-M-CO_06,AD-M-CO_06,G-AD-M-CO,Gaica,Gaica distancia,2019-09-25,19,2019,9,25,268,2,08:00:00,00:10:00,1,5,3,Early,3,1,"Yuri Rosero-Mora, Diego Cardenas",NA,Despejado,NA,21.23308823529412,10.1
G-AD-M-CO_06,AD-M-CO_06,G-AD-M-CO,Gaica,Gaica distancia,2019-09-25,19,2019,9,25,268,2,16:43:00,00:10:00,1,5,4,Early,4,1,"Yuri Rosero-Mora, Diego Cardenas",NA,Nublado,NA,21.23308823529412,10.1
G-AD-M-CO_06,AD-M-CO_06,G-AD-M-CO,Gaica,Gaica distancia,2019-09-26,19,2019,9,26,269,3,07:30:00,00:10:00,1,5,5,Early,5,1,"Yuri Rosero-Mora, Diego Cardenas",NA,Despejado,NA,21.23308823529412,10.1
G-AD-M-CO_07,AD-M-CO_07,G-AD-M-CO,Gaica,Gaica distancia,2019-09-24,19,2019,9,24,267,1,08:22:00,00:08:00,1,5,1,Early,1,1,"Yuri Rosero-Mora, Diego Cardenas",NA,Despejado,NA,38.72133562484655,0
G-AD-M-CO_07,AD-M-CO_07,G-AD-M-CO,Gaica,Gaica distancia,2019-09-24,19,2019,9,24,267,1,16:50:00,00:08:00,1,5,2,Early,2,1,"Yuri Rosero-Mora, Diego Cardenas",NA,Despejado,NA,38.72133562484655,0
G-AD-M-CO_07,AD-M-CO_07,G-AD-M-CO,Gaica,Gaica distancia,2019-09-25,19,2019,9,25,268,2,07:39:00,00:07:00,1,5,3,Early,3,1,"Yuri Rosero-Mora, Diego Cardenas",NA,Despejado,NA,38.72133562484655,0
G-AD-M-CO_07,AD-M-CO_07,G-AD-M-CO,Gaica,Gaica distancia,2019-09-25,19,2019,9,25,268,2,16:20:00,00:10:00,1,5,4,Early,4,1,"Yuri Rosero-Mora, Diego Cardenas",NA,Nublado,NA,38.72133562484655,0
G-AD-M-CO_07,AD-M-CO_07,G-AD-M-CO,Gaica,Gaica distancia,2019-09-26,19,2019,9,26,269,3,07:48:00,00:10:00,1,5,5,Early,5,1,"Yuri Rosero-Mora, Diego Cardenas",NA,Despejado,NA,38.72133562484655,0
G-AD-M-CO_08,AD-M-CO_08,G-AD-M-CO,Gaica,Gaica distancia,2019-09-24,19,2019,9,24,267,1,08:40:00,00:08:00,1,5,1,Early,1,1,"Yuri Rosero-Mora, Diego Cardenas",NA,Despejado,NA,16.975735294117648,0
G-AD-M-CO_08,AD-M-CO_08,G-AD-M-CO,Gaica,Gaica distancia,2019-09-24,19,2019,9,24,267,1,17:05:00,00:10:00,1,5,2,Early,2,1,"Yuri Rosero-Mora, Diego Cardenas",NA,Despejado,NA,16.975735294117648,0
G-AD-M-CO_08,AD-M-CO_08,G-AD-M-CO,Gaica,Gaica distancia,2019-09-25,19,2019,9,25,268,2,07:21:00,00:10:00,1,5,3,Early,3,1,"Yuri Rosero-Mora, Diego Cardenas",NA,Despejado,NA,16.975735294117648,0
G-AD-M-CO_08,AD-M-CO_08,G-AD-M-CO,Gaica,Gaica distancia,2019-09-25,19,2019,9,25,268,2,16:03:00,00:10:00,1,5,4,Early,4,1,"Yuri Rosero-Mora, Diego Cardenas",NA,Nublado,NA,16.975735294117648,0
G-AD-M-CO_08,AD-M-CO_08,G-AD-M-CO,Gaica,Gaica distancia,2019-09-26,19,2019,9,26,269,3,08:06:00,00:00:00,1,5,5,Early,5,1,"Yuri Rosero-Mora, Diego Cardenas",NA,Despejado,NA,16.975735294117648,0
G-AD-M-CO_09,AD-M-CO_09,G-AD-M-CO,Gaica,Gaica distancia,2019-09-24,19,2019,9,24,267,1,09:08:00,00:06:00,1,5,1,Early,1,1,"Yuri Rosero-Mora, Diego Cardenas",NA,Despejado,NA,38.59681372549019,0
G-AD-M-CO_09,AD-M-CO_09,G-AD-M-CO,Gaica,Gaica distancia,2019-09-24,19,2019,9,24,267,1,17:18:00,00:10:00,1,5,2,Early,2,1,"Yuri Rosero-Mora, Diego Cardenas",NA,Despejado,NA,38.59681372549019,0
G-AD-M-CO_09,AD-M-CO_09,G-AD-M-CO,Gaica,Gaica distancia,2019-09-25,19,2019,9,25,268,2,06:59:00,00:10:00,1,5,3,Early,3,1,"Yuri Rosero-Mora, Diego Cardenas",NA,Despejado,NA,38.59681372549019,0
G-AD-M-CO_09,AD-M-CO_09,G-AD-M-CO,Gaica,Gaica distancia,2019-09-25,19,2019,9,25,268,2,15:48:00,00:00:00,1,5,4,Early,4,1,"Yuri Rosero-Mora, Diego Cardenas",NA,Nublado,NA,38.59681372549019,0
G-AD-M-CO_09,AD-M-CO_09,G-AD-M-CO,Gaica,Gaica distancia,2019-09-26,19,2019,9,26,269,3,08:20:00,00:10:00,1,5,5,Early,5,1,"Yuri Rosero-Mora, Diego Cardenas",NA,Despejado,NA,38.59681372549019,0
G-AD-M-CO_10,AD-M-CO_10,G-AD-M-CO,Gaica,Gaica distancia,2019-09-24,19,2019,9,24,267,1,09:29:00,00:10:00,1,5,1,Early,1,1,"Yuri Rosero-Mora, Diego Cardenas",NA,Despejado,NA,24.111956788607905,14.5
G-AD-M-CO_10,AD-M-CO_10,G-AD-M-CO,Gaica,Gaica distancia,2019-09-24,19,2019,9,24,267,1,17:38:00,00:07:00,1,5,2,Early,2,1,"Yuri Rosero-Mora, Diego Cardenas",NA,Despejado,NA,24.111956788607905,14.5
G-AD-M-CO_10,AD-M-CO_10,G-AD-M-CO,Gaica,Gaica distancia,2019-09-25,19,2019,9,25,268,2,06:32:00,00:08:00,1,5,3,Early,3,1,"Yuri Rosero-Mora, Diego Cardenas",NA,Despejado,NA,24.111956788607905,14.5
G-AD-M-CO_10,AD-M-CO_10,G-AD-M-CO,Gaica,Gaica distancia,2019-09-25,19,2019,9,25,268,2,15:32:00,00:07:00,1,5,4,Early,4,1,"Yuri Rosero-Mora, Diego Cardenas",NA,Nublado,NA,24.111956788607905,14.5
G-AD-M-CO_10,AD-M-CO_10,G-AD-M-CO,Gaica,Gaica distancia,2019-09-26,19,2019,9,26,269,3,08:38:00,00:09:00,1,5,5,Early,5,1,"Yuri Rosero-Mora, Diego Cardenas",NA,Despejado,NA,24.111956788607905,14.5
G-AD-M-CO_11,AD-M-CO_11,G-AD-M-CO,Gaica,Gaica distancia,2019-09-24,19,2019,9,24,267,1,09:58:00,00:10:00,1,5,1,Early,1,1,"Yuri Rosero-Mora, Diego Cardenas",NA,Despejado,NA,26.036064769381746,0
G-AD-M-CO_11,AD-M-CO_11,G-AD-M-CO,Gaica,Gaica distancia,2019-09-24,19,2019,9,24,267,1,17:50:00,00:02:00,1,5,2,Early,2,1,"Yuri Rosero-Mora, Diego Cardenas",NA,Despejado,NA,26.036064769381746,0
G-AD-M-CO_11,AD-M-CO_11,G-AD-M-CO,Gaica,Gaica distancia,2019-09-25,19,2019,9,25,268,2,06:07:00,00:10:00,1,5,3,Early,3,1,"Yuri Rosero-Mora, Diego Cardenas",NA,Despejado,NA,26.036064769381746,0
G-AD-M-CO_11,AD-M-CO_11,G-AD-M-CO,Gaica,Gaica distancia,2019-09-25,19,2019,9,25,268,2,15:13:00,00:09:00,1,5,4,Early,4,1,"Yuri Rosero-Mora, Diego Cardenas",NA,Nublado,NA,26.036064769381746,0
G-AD-M-CO_11,AD-M-CO_11,G-AD-M-CO,Gaica,Gaica distancia,2019-09-26,19,2019,9,26,269,3,08:56:00,00:10:00,1,5,5,Early,5,1,"Yuri Rosero-Mora, Diego Cardenas",NA,Despejado,NA,26.036064769381746,0
G-AD-M-EPO3_01,AD-M-EPO3_01,G-AD-M-EPO3,Gaica,Gaica distancia,2019-10-08,19,2019,10,8,281,15,06:26:00,00:09:00,1,4,1,Early,1,1,"Robert Rodriguez, Daniela Parra",NA,Nublado,NA,32.31516936671576,12.1
G-AD-M-EPO3_01,AD-M-EPO3_01,G-AD-M-EPO3,Gaica,Gaica distancia,2019-10-08,19,2019,10,8,281,15,15:14:00,00:06:00,1,4,2,Early,2,1,"Robert Rodriguez, Daniela Parra",NA,Nublado,NA,32.31516936671576,12.1
G-AD-M-EPO3_01,AD-M-EPO3_01,G-AD-M-EPO3,Gaica,Gaica distancia,2019-10-09,19,2019,10,9,282,16,09:07:00,00:05:00,1,4,3,Early,3,1,"Robert Rodriguez, Daniela Parra",NA,Despejado,NA,32.31516936671576,12.1
G-AD-M-EPO3_01,AD-M-EPO3_01,G-AD-M-EPO3,Gaica,Gaica distancia,2019-10-09,19,2019,10,9,282,16,16:28:18,00:10:00,1,4,4,Early,4,0,NA,NA,NA,NA,32.31516936671576,12.1
G-AD-M-EPO3_02,AD-M-EPO3_02,G-AD-M-EPO3,Gaica,Gaica distancia,2019-10-08,19,2019,10,8,281,15,06:42:00,00:07:00,1,4,1,Early,1,1,"Robert Rodriguez, Daniela Parra",NA,Nublado,NA,33.36095402016228,15.2
G-AD-M-EPO3_02,AD-M-EPO3_02,G-AD-M-EPO3,Gaica,Gaica distancia,2019-10-08,19,2019,10,8,281,15,15:28:00,00:04:00,1,4,2,Early,2,1,"Robert Rodriguez, Daniela Parra",NA,Nublado,NA,33.36095402016228,15.2
G-AD-M-EPO3_02,AD-M-EPO3_02,G-AD-M-EPO3,Gaica,Gaica distancia,2019-10-09,19,2019,10,9,282,16,08:53:00,00:08:00,1,4,3,Early,3,1,"Robert Rodriguez, Daniela Parra",NA,Despejado,NA,33.36095402016228,15.2
G-AD-M-EPO3_02,AD-M-EPO3_02,G-AD-M-EPO3,Gaica,Gaica distancia,2019-10-09,19,2019,10,9,282,16,17:41:00,00:00:00,1,4,4,Early,4,1,"Robert Rodriguez, Daniela Parra",NA,Nublado,NA,33.36095402016228,15.2
G-AD-M-EPO3_03,AD-M-EPO3_03,G-AD-M-EPO3,Gaica,Gaica distancia,2019-10-08,19,2019,10,8,281,15,07:03:00,00:07:00,1,4,1,Early,1,1,"Robert Rodriguez, Daniela Parra",NA,Nublado,NA,31.834641805691856,11.7
G-AD-M-EPO3_03,AD-M-EPO3_03,G-AD-M-EPO3,Gaica,Gaica distancia,2019-10-08,19,2019,10,8,281,15,15:47:00,00:10:00,1,4,2,Early,2,1,"Robert Rodriguez, Daniela Parra",NA,Nublado,NA,31.834641805691856,11.7
G-AD-M-EPO3_03,AD-M-EPO3_03,G-AD-M-EPO3,Gaica,Gaica distancia,2019-10-09,19,2019,10,9,282,16,08:35:00,00:05:00,1,4,3,Early,3,1,"Robert Rodriguez, Daniela Parra",NA,Despejado,NA,31.834641805691856,11.7
G-AD-M-EPO3_03,AD-M-EPO3_03,G-AD-M-EPO3,Gaica,Gaica distancia,2019-10-09,19,2019,10,9,282,16,17:19:00,00:06:00,1,4,4,Early,4,1,"Robert Rodriguez, Daniela Parra",NA,Nublado,NA,31.834641805691856,11.7
G-AD-M-EPO3_04,AD-M-EPO3_04,G-AD-M-EPO3,Gaica,Gaica distancia,2019-10-08,19,2019,10,8,281,15,07:16:00,00:09:00,1,4,1,Early,1,1,"Robert Rodriguez, Daniela Parra",NA,Nublado,NA,28.268502581755595,12.4
G-AD-M-EPO3_04,AD-M-EPO3_04,G-AD-M-EPO3,Gaica,Gaica distancia,2019-10-08,19,2019,10,8,281,15,16:08:00,00:02:00,1,4,2,Early,2,1,"Robert Rodriguez, Daniela Parra",NA,Nublado,NA,28.268502581755595,12.4
G-AD-M-EPO3_04,AD-M-EPO3_04,G-AD-M-EPO3,Gaica,Gaica distancia,2019-10-09,19,2019,10,9,282,16,08:18:00,00:07:00,1,4,3,Early,3,1,"Robert Rodriguez, Daniela Parra",NA,Despejado,NA,28.268502581755595,12.4
G-AD-M-EPO3_04,AD-M-EPO3_04,G-AD-M-EPO3,Gaica,Gaica distancia,2019-10-09,19,2019,10,9,282,16,17:03:00,00:06:00,1,4,4,Early,4,1,"Robert Rodriguez, Daniela Parra",NA,Nublado,NA,28.268502581755595,12.4
G-AD-M-EPO3_05,AD-M-EPO3_05,G-AD-M-EPO3,Gaica,Gaica distancia,2019-10-08,19,2019,10,8,281,15,07:30:00,00:10:00,1,4,1,Early,1,1,"Robert Rodriguez, Daniela Parra",NA,Nublado,NA,27.42335945151812,13.2
G-AD-M-EPO3_05,AD-M-EPO3_05,G-AD-M-EPO3,Gaica,Gaica distancia,2019-10-08,19,2019,10,8,281,15,16:15:00,00:10:00,1,4,2,Early,2,1,"Robert Rodriguez, Daniela Parra",NA,Nublado,NA,27.42335945151812,13.2
G-AD-M-EPO3_05,AD-M-EPO3_05,G-AD-M-EPO3,Gaica,Gaica distancia,2019-10-09,19,2019,10,9,282,16,08:04:00,00:06:00,1,4,3,Early,3,1,"Robert Rodriguez, Daniela Parra",NA,Despejado,NA,27.42335945151812,13.2
G-AD-M-EPO3_05,AD-M-EPO3_05,G-AD-M-EPO3,Gaica,Gaica distancia,2019-10-09,19,2019,10,9,282,16,16:53:00,00:06:00,1,4,4,Early,4,1,"Robert Rodriguez, Daniela Parra",NA,Nublado,NA,27.42335945151812,13.2
G-AD-M-EPO3_06,AD-M-EPO3_06,G-AD-M-EPO3,Gaica,Gaica distancia,2019-10-08,19,2019,10,8,281,15,07:54:00,00:00:00,1,4,1,Early,1,1,"Robert Rodriguez, Daniela Parra",NA,Nublado,NA,27.483316977428853,17.2
G-AD-M-EPO3_06,AD-M-EPO3_06,G-AD-M-EPO3,Gaica,Gaica distancia,2019-10-08,19,2019,10,8,281,15,16:28:00,00:10:00,1,4,2,Early,2,1,"Robert Rodriguez, Daniela Parra",NA,Nublado,NA,27.483316977428853,17.2
G-AD-M-EPO3_06,AD-M-EPO3_06,G-AD-M-EPO3,Gaica,Gaica distancia,2019-10-09,19,2019,10,9,282,16,07:50:00,00:03:00,1,4,3,Early,3,1,"Robert Rodriguez, Daniela Parra",NA,Nublado,NA,27.483316977428853,17.2
G-AD-M-EPO3_06,AD-M-EPO3_06,G-AD-M-EPO3,Gaica,Gaica distancia,2019-10-09,19,2019,10,9,282,16,16:44:00,00:02:00,1,4,4,Early,4,1,"Robert Rodriguez, Daniela Parra",NA,Nublado,NA,27.483316977428853,17.2
G-AD-M-EPO3_07,AD-M-EPO3_07,G-AD-M-EPO3,Gaica,Gaica distancia,2019-10-08,19,2019,10,8,281,15,08:03:00,00:04:00,1,4,1,Early,1,1,"Robert Rodriguez, Daniela Parra",NA,Nublado,NA,27.18308823529412,18.8
G-AD-M-EPO3_07,AD-M-EPO3_07,G-AD-M-EPO3,Gaica,Gaica distancia,2019-10-08,19,2019,10,8,281,15,16:41:00,00:10:00,1,4,2,Early,2,1,"Robert Rodriguez, Daniela Parra",NA,Nublado,NA,27.18308823529412,18.8
G-AD-M-EPO3_07,AD-M-EPO3_07,G-AD-M-EPO3,Gaica,Gaica distancia,2019-10-09,19,2019,10,9,282,16,07:41:00,00:05:00,1,4,3,Early,3,1,"Robert Rodriguez, Daniela Parra",NA,Nublado,NA,27.18308823529412,18.8
G-AD-M-EPO3_07,AD-M-EPO3_07,G-AD-M-EPO3,Gaica,Gaica distancia,2019-10-09,19,2019,10,9,282,16,16:23:00,00:10:00,1,4,4,Early,4,1,"Robert Rodriguez, Daniela Parra",NA,Nublado,NA,27.18308823529412,18.8
G-AD-M-EPO3_08,AD-M-EPO3_08,G-AD-M-EPO3,Gaica,Gaica distancia,2019-10-08,19,2019,10,8,281,15,08:18:00,00:09:00,1,4,1,Early,1,1,"Robert Rodriguez, Daniela Parra",NA,Nublado,NA,27.869234543670267,19.4
G-AD-M-EPO3_08,AD-M-EPO3_08,G-AD-M-EPO3,Gaica,Gaica distancia,2019-10-08,19,2019,10,8,281,15,17:00:00,00:10:00,1,4,2,Early,2,1,"Robert Rodriguez, Daniela Parra",NA,Nublado,NA,27.869234543670267,19.4
G-AD-M-EPO3_08,AD-M-EPO3_08,G-AD-M-EPO3,Gaica,Gaica distancia,2019-10-09,19,2019,10,9,282,16,07:20:00,00:10:00,1,4,3,Early,3,1,"Robert Rodriguez, Daniela Parra",NA,Nublado,NA,27.869234543670267,19.4
G-AD-M-EPO3_08,AD-M-EPO3_08,G-AD-M-EPO3,Gaica,Gaica distancia,2019-10-09,19,2019,10,9,282,16,15:59:00,00:10:00,1,4,4,Early,4,1,"Robert Rodriguez, Daniela Parra",NA,Nublado,NA,27.869234543670267,19.4
G-AD-M-EPO3_09,AD-M-EPO3_09,G-AD-M-EPO3,Gaica,Gaica distancia,2019-10-08,19,2019,10,8,281,15,08:32:00,00:08:00,1,4,1,Early,1,1,"Robert Rodriguez, Daniela Parra",NA,Despejado,NA,27.75650466372116,14.7
G-AD-M-EPO3_09,AD-M-EPO3_09,G-AD-M-EPO3,Gaica,Gaica distancia,2019-10-08,19,2019,10,8,281,15,17:14:00,00:10:00,1,4,2,Early,2,1,"Robert Rodriguez, Daniela Parra",NA,Nublado,NA,27.75650466372116,14.7
G-AD-M-EPO3_09,AD-M-EPO3_09,G-AD-M-EPO3,Gaica,Gaica distancia,2019-10-09,19,2019,10,9,282,16,07:03:00,00:10:00,1,4,3,Early,3,1,"Robert Rodriguez, Daniela Parra",NA,Despejado,NA,27.75650466372116,14.7
G-AD-M-EPO3_09,AD-M-EPO3_09,G-AD-M-EPO3,Gaica,Gaica distancia,2019-10-09,19,2019,10,9,282,16,15:46:00,00:10:00,1,4,4,Early,4,1,"Robert Rodriguez, Daniela Parra",NA,Nublado,NA,27.75650466372116,14.7
G-AD-M-EPO3_10,AD-M-EPO3_10,G-AD-M-EPO3,Gaica,Gaica distancia,2019-10-08,19,2019,10,8,281,15,08:55:00,00:07:00,1,4,1,Early,1,1,"Robert Rodriguez, Daniela Parra",NA,Despejado,NA,28.21000981354269,9.4
G-AD-M-EPO3_10,AD-M-EPO3_10,G-AD-M-EPO3,Gaica,Gaica distancia,2019-10-08,19,2019,10,8,281,15,17:30:00,00:09:00,1,4,2,Early,2,1,"Robert Rodriguez, Daniela Parra",NA,Nublado,NA,28.21000981354269,9.4
G-AD-M-EPO3_10,AD-M-EPO3_10,G-AD-M-EPO3,Gaica,Gaica distancia,2019-10-09,19,2019,10,9,282,16,06:50:00,00:10:00,1,4,3,Early,3,1,"Robert Rodriguez, Daniela Parra",NA,Despejado,NA,28.21000981354269,9.4
G-AD-M-EPO3_10,AD-M-EPO3_10,G-AD-M-EPO3,Gaica,Gaica distancia,2019-10-09,19,2019,10,9,282,16,15:34:00,00:06:00,1,4,4,Early,4,1,"Robert Rodriguez, Daniela Parra",NA,Nublado,NA,28.21000981354269,9.4
G-AD-M-EPO3_11,AD-M-EPO3_11,G-AD-M-EPO3,Gaica,Gaica distancia,2019-10-08,19,2019,10,8,281,15,09:12:00,00:05:00,1,4,1,Early,1,1,"Robert Rodriguez, Daniela Parra",NA,Despejado,NA,30.159577083845587,14.5
G-AD-M-EPO3_11,AD-M-EPO3_11,G-AD-M-EPO3,Gaica,Gaica distancia,2019-10-08,19,2019,10,8,281,15,17:49:00,00:05:00,1,4,2,Early,2,1,"Robert Rodriguez, Daniela Parra",NA,Nublado,NA,30.159577083845587,14.5
G-AD-M-EPO3_11,AD-M-EPO3_11,G-AD-M-EPO3,Gaica,Gaica distancia,2019-10-09,19,2019,10,9,282,16,06:35:00,00:10:00,1,4,3,Early,3,1,"Robert Rodriguez, Daniela Parra",NA,Despejado,NA,30.159577083845587,14.5
G-AD-M-EPO3_11,AD-M-EPO3_11,G-AD-M-EPO3,Gaica,Gaica distancia,2019-10-09,19,2019,10,9,282,16,15:21:00,00:01:00,1,4,4,Early,4,1,"Robert Rodriguez, Daniela Parra",NA,Nublado,NA,30.159577083845587,14.5
G-AD-M-LCA1_01,AD-M-LCA1_01,G-AD-M-LCA1,Gaica,Gaica distancia,2019-09-24,19,2019,9,24,267,1,06:18:00,00:10:00,1,5,1,Early,1,1,"Robert Rodriguez, Daniela Parra",NA,Despejado,NA,18.159224730127576,3.1
G-AD-M-LCA1_01,AD-M-LCA1_01,G-AD-M-LCA1,Gaica,Gaica distancia,2019-09-24,19,2019,9,24,267,1,15:03:00,00:10:00,1,5,2,Early,2,1,"Robert Rodriguez, Daniela Parra",NA,Despejado,NA,18.159224730127576,3.1
G-AD-M-LCA1_01,AD-M-LCA1_01,G-AD-M-LCA1,Gaica,Gaica distancia,2019-09-25,19,2019,9,25,268,2,09:15:00,00:10:00,1,5,3,Early,3,1,"Robert Rodriguez, Daniela Parra",NA,Despejado,NA,18.159224730127576,3.1
G-AD-M-LCA1_01,AD-M-LCA1_01,G-AD-M-LCA1,Gaica,Gaica distancia,2019-09-25,19,2019,9,25,268,2,17:30:00,00:09:00,1,5,4,Early,4,1,"Robert Rodriguez, Daniela Parra",NA,Nublado,NA,18.159224730127576,3.1
G-AD-M-LCA1_01,AD-M-LCA1_01,G-AD-M-LCA1,Gaica,Gaica distancia,2019-09-26,19,2019,9,26,269,3,06:20:00,00:08:00,1,5,5,Early,5,1,"Robert Rodriguez, Daniela Parra",NA,Despejado,NA,18.159224730127576,3.1
G-AD-M-LCA1_02,AD-M-LCA1_02,G-AD-M-LCA1,Gaica,Gaica distancia,2019-09-24,19,2019,9,24,267,1,06:39:00,00:10:00,1,5,1,Early,1,1,"Robert Rodriguez, Daniela Parra",NA,Despejado,NA,17.694648993618067,7.3
G-AD-M-LCA1_02,AD-M-LCA1_02,G-AD-M-LCA1,Gaica,Gaica distancia,2019-09-24,19,2019,9,24,267,1,15:20:00,00:09:00,1,5,2,Early,2,1,"Robert Rodriguez, Daniela Parra",NA,Despejado,NA,17.694648993618067,7.3
G-AD-M-LCA1_02,AD-M-LCA1_02,G-AD-M-LCA1,Gaica,Gaica distancia,2019-09-25,19,2019,9,25,268,2,09:00:00,00:10:00,1,5,3,Early,3,1,"Robert Rodriguez, Daniela Parra",NA,Despejado,NA,17.694648993618067,7.3
G-AD-M-LCA1_02,AD-M-LCA1_02,G-AD-M-LCA1,Gaica,Gaica distancia,2019-09-25,19,2019,9,25,268,2,17:15:00,00:08:00,1,5,4,Early,4,1,"Robert Rodriguez, Daniela Parra",NA,Nublado,NA,17.694648993618067,7.3
G-AD-M-LCA1_02,AD-M-LCA1_02,G-AD-M-LCA1,Gaica,Gaica distancia,2019-09-26,19,2019,9,26,269,3,06:34:00,00:08:00,1,5,5,Early,5,1,"Robert Rodriguez, Daniela Parra",NA,Despejado,NA,17.694648993618067,7.3
G-AD-M-LCA1_03,AD-M-LCA1_03,G-AD-M-LCA1,Gaica,Gaica distancia,2019-09-24,19,2019,9,24,267,1,06:58:00,00:09:00,1,5,1,Early,1,1,"Robert Rodriguez, Daniela Parra",NA,Despejado,NA,17.1146575006138,0
G-AD-M-LCA1_03,AD-M-LCA1_03,G-AD-M-LCA1,Gaica,Gaica distancia,2019-09-24,19,2019,9,24,267,1,16:05:00,00:10:00,1,5,2,Early,2,1,"Robert Rodriguez, Daniela Parra",NA,Despejado,NA,17.1146575006138,0
G-AD-M-LCA1_03,AD-M-LCA1_03,G-AD-M-LCA1,Gaica,Gaica distancia,2019-09-25,19,2019,9,25,268,2,08:46:00,00:10:00,1,5,3,Early,3,1,"Robert Rodriguez, Daniela Parra",NA,Despejado,NA,17.1146575006138,0
G-AD-M-LCA1_03,AD-M-LCA1_03,G-AD-M-LCA1,Gaica,Gaica distancia,2019-09-25,19,2019,9,25,268,2,17:02:00,00:09:00,1,5,4,Early,4,1,"Robert Rodriguez, Daniela Parra",NA,Nublado,NA,17.1146575006138,0
G-AD-M-LCA1_03,AD-M-LCA1_03,G-AD-M-LCA1,Gaica,Gaica distancia,2019-09-26,19,2019,9,26,269,3,06:48:00,00:10:00,1,5,5,Early,5,1,"Robert Rodriguez, Daniela Parra",NA,Despejado,NA,17.1146575006138,0
G-AD-M-LCA1_04,AD-M-LCA1_04,G-AD-M-LCA1,Gaica,Gaica distancia,2019-09-24,19,2019,9,24,267,1,07:25:00,00:00:00,1,5,1,Early,1,1,"Robert Rodriguez, Daniela Parra",NA,Despejado,NA,16.631230051559047,14
G-AD-M-LCA1_04,AD-M-LCA1_04,G-AD-M-LCA1,Gaica,Gaica distancia,2019-09-24,19,2019,9,24,267,1,16:23:00,00:01:00,1,5,2,Early,2,1,"Robert Rodriguez, Daniela Parra",NA,Despejado,NA,16.631230051559047,14
G-AD-M-LCA1_04,AD-M-LCA1_04,G-AD-M-LCA1,Gaica,Gaica distancia,2019-09-25,19,2019,9,25,268,2,08:22:00,00:09:00,1,5,3,Early,3,1,"Robert Rodriguez, Daniela Parra",NA,Despejado,NA,16.631230051559047,14
G-AD-M-LCA1_04,AD-M-LCA1_04,G-AD-M-LCA1,Gaica,Gaica distancia,2019-09-25,19,2019,9,25,268,2,16:45:00,00:05:00,1,5,4,Early,4,1,"Robert Rodriguez, Daniela Parra",NA,Nublado,NA,16.631230051559047,14
G-AD-M-LCA1_04,AD-M-LCA1_04,G-AD-M-LCA1,Gaica,Gaica distancia,2019-09-26,19,2019,9,26,269,3,07:09:00,00:10:00,1,5,5,Early,5,1,"Robert Rodriguez, Daniela Parra",NA,Despejado,NA,16.631230051559047,14
G-AD-M-LCA1_05,AD-M-LCA1_05,G-AD-M-LCA1,Gaica,Gaica distancia,2019-09-24,19,2019,9,24,267,1,07:43:00,00:06:00,1,5,1,Early,1,1,"Robert Rodriguez, Daniela Parra",NA,Despejado,NA,16.117632612966602,13.3
G-AD-M-LCA1_05,AD-M-LCA1_05,G-AD-M-LCA1,Gaica,Gaica distancia,2019-09-24,19,2019,9,24,267,1,16:46:00,00:08:00,1,5,2,Early,2,1,"Robert Rodriguez, Daniela Parra",NA,Despejado,NA,16.117632612966602,13.3
G-AD-M-LCA1_05,AD-M-LCA1_05,G-AD-M-LCA1,Gaica,Gaica distancia,2019-09-25,19,2019,9,25,268,2,08:06:00,00:01:00,1,5,3,Early,3,1,"Robert Rodriguez, Daniela Parra",NA,Despejado,NA,16.117632612966602,13.3
G-AD-M-LCA1_05,AD-M-LCA1_05,G-AD-M-LCA1,Gaica,Gaica distancia,2019-09-25,19,2019,9,25,268,2,16:30:00,00:02:00,1,5,4,Early,4,1,"Robert Rodriguez, Daniela Parra",NA,Nublado,NA,16.117632612966602,13.3
G-AD-M-LCA1_05,AD-M-LCA1_05,G-AD-M-LCA1,Gaica,Gaica distancia,2019-09-26,19,2019,9,26,269,3,07:24:00,00:06:00,1,5,5,Early,5,1,"Robert Rodriguez, Daniela Parra",NA,Despejado,NA,16.117632612966602,13.3
G-AD-M-LCA1_06,AD-M-LCA1_06,G-AD-M-LCA1,Gaica,Gaica distancia,2019-09-24,19,2019,9,24,267,1,07:57:00,00:08:00,1,5,1,Early,1,1,"Robert Rodriguez, Daniela Parra",NA,Despejado,NA,15.895383104125736,7.6
G-AD-M-LCA1_06,AD-M-LCA1_06,G-AD-M-LCA1,Gaica,Gaica distancia,2019-09-24,19,2019,9,24,267,1,17:00:00,00:08:00,1,5,2,Early,2,1,"Robert Rodriguez, Daniela Parra",NA,Despejado,NA,15.895383104125736,7.6
G-AD-M-LCA1_06,AD-M-LCA1_06,G-AD-M-LCA1,Gaica,Gaica distancia,2019-09-25,19,2019,9,25,268,2,07:53:00,00:05:00,1,5,3,Early,3,1,"Robert Rodriguez, Daniela Parra",NA,Despejado,NA,15.895383104125736,7.6
G-AD-M-LCA1_06,AD-M-LCA1_06,G-AD-M-LCA1,Gaica,Gaica distancia,2019-09-25,19,2019,9,25,268,2,16:15:00,00:00:00,1,5,4,Early,4,1,"Robert Rodriguez, Daniela Parra",NA,Nublado,NA,15.895383104125736,7.6
G-AD-M-LCA1_06,AD-M-LCA1_06,G-AD-M-LCA1,Gaica,Gaica distancia,2019-09-26,19,2019,9,26,269,3,07:38:00,00:00:00,1,5,5,Early,5,1,"Robert Rodriguez, Daniela Parra",NA,Despejado,NA,15.895383104125736,7.6
G-AD-M-LCA1_07,AD-M-LCA1_07,G-AD-M-LCA1,Gaica,Gaica distancia,2019-09-24,19,2019,9,24,267,1,08:11:00,00:08:00,1,5,1,Early,1,1,"Robert Rodriguez, Daniela Parra",NA,Despejado,NA,15.934803921568628,0
G-AD-M-LCA1_07,AD-M-LCA1_07,G-AD-M-LCA1,Gaica,Gaica distancia,2019-09-24,19,2019,9,24,267,1,17:14:00,00:09:00,1,5,2,Early,2,1,"Robert Rodriguez, Daniela Parra",NA,Nublado,NA,15.934803921568628,0
G-AD-M-LCA1_07,AD-M-LCA1_07,G-AD-M-LCA1,Gaica,Gaica distancia,2019-09-25,19,2019,9,25,268,2,07:39:00,00:07:00,1,5,3,Early,3,1,"Robert Rodriguez, Daniela Parra",NA,Despejado,NA,15.934803921568628,0
G-AD-M-LCA1_07,AD-M-LCA1_07,G-AD-M-LCA1,Gaica,Gaica distancia,2019-09-25,19,2019,9,25,268,2,16:00:00,00:10:00,1,5,4,Early,4,1,"Robert Rodriguez, Daniela Parra",NA,Nublado,NA,15.934803921568628,0
G-AD-M-LCA1_07,AD-M-LCA1_07,G-AD-M-LCA1,Gaica,Gaica distancia,2019-09-26,19,2019,9,26,269,3,07:54:00,00:00:00,1,5,5,Early,5,1,"Robert Rodriguez, Daniela Parra",NA,Despejado,NA,15.934803921568628,0
G-AD-M-LCA1_08,AD-M-LCA1_08,G-AD-M-LCA1,Gaica,Gaica distancia,2019-09-24,19,2019,9,24,267,1,08:28:00,00:10:00,1,5,1,Early,1,1,"Robert Rodriguez, Daniela Parra",NA,Despejado,NA,16.32671568627451,0
G-AD-M-LCA1_08,AD-M-LCA1_08,G-AD-M-LCA1,Gaica,Gaica distancia,2019-09-24,19,2019,9,24,267,1,17:31:00,00:00:00,1,5,2,Early,2,1,"Robert Rodriguez, Daniela Parra",NA,Nublado,NA,16.32671568627451,0
G-AD-M-LCA1_08,AD-M-LCA1_08,G-AD-M-LCA1,Gaica,Gaica distancia,2019-09-25,19,2019,9,25,268,2,07:25:00,00:00:00,1,5,3,Early,3,1,"Robert Rodriguez, Daniela Parra",NA,Despejado,NA,16.32671568627451,0
G-AD-M-LCA1_08,AD-M-LCA1_08,G-AD-M-LCA1,Gaica,Gaica distancia,2019-09-25,19,2019,9,25,268,2,15:45:00,00:01:00,1,5,4,Early,4,1,"Robert Rodriguez, Daniela Parra",NA,Nublado,NA,16.32671568627451,0
G-AD-M-LCA1_08,AD-M-LCA1_08,G-AD-M-LCA1,Gaica,Gaica distancia,2019-09-26,19,2019,9,26,269,3,08:07:00,00:02:00,1,5,5,Early,5,1,"Robert Rodriguez, Daniela Parra",NA,Despejado,NA,16.32671568627451,0
G-AD-M-LCA1_09,AD-M-LCA1_09,G-AD-M-LCA1,Gaica,Gaica distancia,2019-09-24,19,2019,9,24,267,1,07:47:06,00:10:00,1,5,2,Early,1,0,NA,NA,NA,NA,16.18605792832597,0
G-AD-M-LCA1_09,AD-M-LCA1_09,G-AD-M-LCA1,Gaica,Gaica distancia,2019-09-24,19,2019,9,24,267,1,17:33:00,00:10:00,1,5,1,Early,2,1,"Robert Rodriguez, Daniela Parra",NA,Nublado,NA,16.18605792832597,0
G-AD-M-LCA1_09,AD-M-LCA1_09,G-AD-M-LCA1,Gaica,Gaica distancia,2019-09-25,19,2019,9,25,268,2,07:12:00,00:10:00,1,5,3,Early,3,1,"Robert Rodriguez, Daniela Parra",NA,Despejado,NA,16.18605792832597,0
G-AD-M-LCA1_09,AD-M-LCA1_09,G-AD-M-LCA1,Gaica,Gaica distancia,2019-09-25,19,2019,9,25,268,2,15:32:00,00:09:00,1,5,4,Early,4,1,"Robert Rodriguez, Daniela Parra",NA,Nublado,NA,16.18605792832597,0
G-AD-M-LCA1_09,AD-M-LCA1_09,G-AD-M-LCA1,Gaica,Gaica distancia,2019-09-26,19,2019,9,26,269,3,08:21:00,00:06:00,1,5,5,Early,5,1,"Robert Rodriguez, Daniela Parra",NA,Despejado,NA,16.18605792832597,0
G-AD-M-LCA1_10,AD-M-LCA1_10,G-AD-M-LCA1,Gaica,Gaica distancia,2019-09-24,19,2019,9,24,267,1,08:55:00,00:00:00,1,5,1,Early,1,1,"Robert Rodriguez, Daniela Parra",NA,Despejado,NA,16.61134299042475,0
G-AD-M-LCA1_10,AD-M-LCA1_10,G-AD-M-LCA1,Gaica,Gaica distancia,2019-09-24,19,2019,9,24,267,1,17:55:00,00:08:00,1,5,2,Early,2,1,"Robert Rodriguez, Daniela Parra",NA,Nublado,NA,16.61134299042475,0
G-AD-M-LCA1_10,AD-M-LCA1_10,G-AD-M-LCA1,Gaica,Gaica distancia,2019-09-25,19,2019,9,25,268,2,06:57:00,00:09:00,1,5,3,Early,3,1,"Robert Rodriguez, Daniela Parra",NA,Despejado,NA,16.61134299042475,0
G-AD-M-LCA1_10,AD-M-LCA1_10,G-AD-M-LCA1,Gaica,Gaica distancia,2019-09-25,19,2019,9,25,268,2,15:18:00,00:09:00,1,5,4,Early,4,1,"Robert Rodriguez, Daniela Parra",NA,Nublado,NA,16.61134299042475,0
G-AD-M-LCA1_10,AD-M-LCA1_10,G-AD-M-LCA1,Gaica,Gaica distancia,2019-09-26,19,2019,9,26,269,3,08:34:00,00:06:00,1,5,5,Early,5,1,"Robert Rodriguez, Daniela Parra",NA,Despejado,NA,16.61134299042475,0
G-AD-M-LCA1_11,AD-M-LCA1_11,G-AD-M-LCA1,Gaica,Gaica distancia,2019-09-24,19,2019,9,24,267,1,09:17:00,00:09:00,1,5,1,Early,1,1,"Robert Rodriguez, Daniela Parra",NA,Despejado,NA,17.50466601178782,10.2
G-AD-M-LCA1_11,AD-M-LCA1_11,G-AD-M-LCA1,Gaica,Gaica distancia,2019-09-24,19,2019,9,24,267,1,18:08:00,00:10:00,1,5,2,Early,2,1,"Robert Rodriguez, Daniela Parra",NA,Nublado,NA,17.50466601178782,10.2
G-AD-M-LCA1_11,AD-M-LCA1_11,G-AD-M-LCA1,Gaica,Gaica distancia,2019-09-25,19,2019,9,25,268,2,06:40:00,00:08:00,1,5,3,Early,3,1,"Robert Rodriguez, Daniela Parra",NA,Despejado,NA,17.50466601178782,10.2
G-AD-M-LCA1_11,AD-M-LCA1_11,G-AD-M-LCA1,Gaica,Gaica distancia,2019-09-25,19,2019,9,25,268,2,15:00:00,00:00:00,1,5,4,Early,4,1,"Robert Rodriguez, Daniela Parra",NA,Nublado,NA,17.50466601178782,10.2
G-AD-M-LCA1_11,AD-M-LCA1_11,G-AD-M-LCA1,Gaica,Gaica distancia,2019-09-26,19,2019,9,26,269,3,08:50:00,00:10:00,1,5,5,Early,5,1,"Robert Rodriguez, Daniela Parra",NA,Despejado,NA,17.50466601178782,10.2
G-AD-M-LCA2_01,AD-M-LCA2_01,G-AD-M-LCA2,Gaica,Gaica distancia,2019-10-08,19,2019,10,8,281,15,06:48:00,00:10:00,1,5,1,Early,1,1,"Yuri Rosero-Mora, Diego Cardenas",NA,Despejado,NA,23.656932515337424,0
G-AD-M-LCA2_01,AD-M-LCA2_01,G-AD-M-LCA2,Gaica,Gaica distancia,2019-10-08,19,2019,10,8,281,15,15:40:00,00:10:00,1,5,2,Early,2,1,"Yuri Rosero-Mora, Diego Cardenas",NA,Nublado,NA,23.656932515337424,0
G-AD-M-LCA2_01,AD-M-LCA2_01,G-AD-M-LCA2,Gaica,Gaica distancia,2019-10-09,19,2019,10,9,282,16,06:47:00,00:10:00,1,5,3,Early,3,1,"Yuri Rosero-Mora, Diego Cardenas",NA,Nublado,NA,23.656932515337424,0
G-AD-M-LCA2_01,AD-M-LCA2_01,G-AD-M-LCA2,Gaica,Gaica distancia,2019-10-09,19,2019,10,9,282,16,17:57:00,00:10:00,1,5,4,Early,4,1,"Yuri Rosero-Mora, Diego Cardenas",NA,Despejado,NA,23.656932515337424,0
G-AD-M-LCA2_01,AD-M-LCA2_01,G-AD-M-LCA2,Gaica,Gaica distancia,2019-10-10,19,2019,10,10,283,17,06:30:00,00:10:00,1,5,5,Early,5,1,"Yuri Rosero-Mora, Diego Cardenas",NA,Nublado,NA,23.656932515337424,0
G-AD-M-LCA2_02,AD-M-LCA2_02,G-AD-M-LCA2,Gaica,Gaica distancia,2019-10-08,19,2019,10,8,281,15,10:10:00,00:08:00,1,5,1,Early,1,1,"Yuri Rosero-Mora, Diego Cardenas",NA,Despejado,NA,19.50098135426889,13.9
G-AD-M-LCA2_02,AD-M-LCA2_02,G-AD-M-LCA2,Gaica,Gaica distancia,2019-10-08,19,2019,10,8,281,15,18:05:00,00:05:00,1,5,2,Early,2,1,"Yuri Rosero-Mora, Diego Cardenas",NA,Nublado,NA,19.50098135426889,13.9
G-AD-M-LCA2_02,AD-M-LCA2_02,G-AD-M-LCA2,Gaica,Gaica distancia,2019-10-09,19,2019,10,9,282,16,09:37:00,00:10:00,1,5,3,Early,3,1,"Yuri Rosero-Mora, Diego Cardenas",NA,Nublado,NA,19.50098135426889,13.9
G-AD-M-LCA2_02,AD-M-LCA2_02,G-AD-M-LCA2,Gaica,Gaica distancia,2019-10-09,19,2019,10,9,282,16,15:35:00,00:10:00,1,5,4,Early,4,1,"Yuri Rosero-Mora, Diego Cardenas",NA,Despejado,NA,19.50098135426889,13.9
G-AD-M-LCA2_02,AD-M-LCA2_02,G-AD-M-LCA2,Gaica,Gaica distancia,2019-10-10,19,2019,10,10,283,17,15:00:00,00:10:00,1,5,5,Early,5,0,NA,NA,NA,NA,19.50098135426889,13.9
G-AD-M-LCA2_03,AD-M-LCA2_03,G-AD-M-LCA2,Gaica,Gaica distancia,2019-10-08,19,2019,10,8,281,15,09:41:00,00:10:00,1,5,1,Early,1,1,"Yuri Rosero-Mora, Diego Cardenas",NA,Despejado,NA,19.84707903780069,14.3
G-AD-M-LCA2_03,AD-M-LCA2_03,G-AD-M-LCA2,Gaica,Gaica distancia,2019-10-08,19,2019,10,8,281,15,17:45:00,00:01:00,1,5,2,Early,2,1,"Yuri Rosero-Mora, Diego Cardenas",NA,Nublado,NA,19.84707903780069,14.3
G-AD-M-LCA2_03,AD-M-LCA2_03,G-AD-M-LCA2,Gaica,Gaica distancia,2019-10-09,19,2019,10,9,282,16,08:00:00,00:10:00,1,5,4,Early,3,0,NA,NA,NA,NA,19.84707903780069,14.3
G-AD-M-LCA2_03,AD-M-LCA2_03,G-AD-M-LCA2,Gaica,Gaica distancia,2019-10-09,19,2019,10,9,282,16,09:22:00,00:10:00,1,5,3,Early,4,1,"Yuri Rosero-Mora, Diego Cardenas",NA,Nublado,NA,19.84707903780069,14.3
G-AD-M-LCA2_03,AD-M-LCA2_03,G-AD-M-LCA2,Gaica,Gaica distancia,2019-10-10,19,2019,10,10,283,17,15:00:00,00:10:00,1,5,5,Early,5,0,NA,NA,NA,NA,19.84707903780069,14.3
G-AD-M-LCA2_04,AD-M-LCA2_04,G-AD-M-LCA2,Gaica,Gaica distancia,2019-10-08,19,2019,10,8,281,15,09:12:00,00:10:00,1,5,1,Early,1,1,"Yuri Rosero-Mora, Diego Cardenas",NA,Despejado,NA,22.859489946051987,14.1
G-AD-M-LCA2_04,AD-M-LCA2_04,G-AD-M-LCA2,Gaica,Gaica distancia,2019-10-08,19,2019,10,8,281,15,17:28:00,00:09:00,1,5,2,Early,2,1,"Yuri Rosero-Mora, Diego Cardenas",NA,Nublado,NA,22.859489946051987,14.1
G-AD-M-LCA2_04,AD-M-LCA2_04,G-AD-M-LCA2,Gaica,Gaica distancia,2019-10-09,19,2019,10,9,282,16,08:46:00,00:10:00,1,5,3,Early,3,1,"Yuri Rosero-Mora, Diego Cardenas",NA,Nublado,NA,22.859489946051987,14.1
G-AD-M-LCA2_04,AD-M-LCA2_04,G-AD-M-LCA2,Gaica,Gaica distancia,2019-10-09,19,2019,10,9,282,16,16:17:48,00:10:00,1,5,4,Early,4,0,NA,NA,NA,NA,22.859489946051987,14.1
G-AD-M-LCA2_04,AD-M-LCA2_04,G-AD-M-LCA2,Gaica,Gaica distancia,2019-10-10,19,2019,10,10,283,17,15:00:00,00:10:00,1,5,5,Early,5,0,NA,NA,NA,NA,22.859489946051987,14.1
G-AD-M-LCA2_05,AD-M-LCA2_05,G-AD-M-LCA2,Gaica,Gaica distancia,2019-10-08,19,2019,10,8,281,15,08:51:00,00:10:00,1,5,1,Early,1,1,"Yuri Rosero-Mora, Diego Cardenas",NA,Despejado,NA,25.90478527607362,9.4
G-AD-M-LCA2_05,AD-M-LCA2_05,G-AD-M-LCA2,Gaica,Gaica distancia,2019-10-08,19,2019,10,8,281,15,17:13:00,00:05:00,1,5,2,Early,2,1,"Yuri Rosero-Mora, Diego Cardenas",NA,Nublado,NA,25.90478527607362,9.4
G-AD-M-LCA2_05,AD-M-LCA2_05,G-AD-M-LCA2,Gaica,Gaica distancia,2019-10-09,19,2019,10,9,282,16,08:25:00,00:01:00,1,5,3,Early,3,1,"Yuri Rosero-Mora, Diego Cardenas",NA,Nublado,NA,25.90478527607362,9.4
G-AD-M-LCA2_05,AD-M-LCA2_05,G-AD-M-LCA2,Gaica,Gaica distancia,2019-10-09,19,2019,10,9,282,16,16:36:00,00:00:00,1,5,4,Early,4,1,"Yuri Rosero-Mora, Diego Cardenas",NA,Despejado,NA,25.90478527607362,9.4
G-AD-M-LCA2_05,AD-M-LCA2_05,G-AD-M-LCA2,Gaica,Gaica distancia,2019-10-10,19,2019,10,10,283,17,15:00:00,00:10:00,1,5,5,Early,5,0,NA,NA,NA,NA,25.90478527607362,9.4
G-AD-M-LCA2_06,AD-M-LCA2_06,G-AD-M-LCA2,Gaica,Gaica distancia,2019-10-08,19,2019,10,8,281,15,08:21:00,00:10:00,1,5,1,Early,1,1,"Yuri Rosero-Mora, Diego Cardenas",NA,Despejado,NA,27.705925743791493,12.4
G-AD-M-LCA2_06,AD-M-LCA2_06,G-AD-M-LCA2,Gaica,Gaica distancia,2019-10-08,19,2019,10,8,281,15,16:55:00,00:10:00,1,5,2,Early,2,1,"Yuri Rosero-Mora, Diego Cardenas",NA,Nublado,NA,27.705925743791493,12.4
G-AD-M-LCA2_06,AD-M-LCA2_06,G-AD-M-LCA2,Gaica,Gaica distancia,2019-10-09,19,2019,10,9,282,16,08:05:00,00:10:00,1,5,3,Early,3,1,"Yuri Rosero-Mora, Diego Cardenas",NA,Nublado,NA,27.705925743791493,12.4
G-AD-M-LCA2_06,AD-M-LCA2_06,G-AD-M-LCA2,Gaica,Gaica distancia,2019-10-09,19,2019,10,9,282,16,16:50:00,00:07:00,1,5,4,Early,4,1,"Yuri Rosero-Mora, Diego Cardenas",NA,Despejado,NA,27.705925743791493,12.4
G-AD-M-LCA2_06,AD-M-LCA2_06,G-AD-M-LCA2,Gaica,Gaica distancia,2019-10-10,19,2019,10,10,283,17,07:45:00,00:10:00,1,5,5,Early,5,1,"Yuri Rosero-Mora, Diego Cardenas",NA,Nublado,NA,27.705925743791493,12.4
G-AD-M-LCA2_07,AD-M-LCA2_07,G-AD-M-LCA2,Gaica,Gaica distancia,2019-10-08,19,2019,10,8,281,15,08:00:00,00:10:00,1,5,1,Early,1,1,"Yuri Rosero-Mora, Diego Cardenas",NA,Despejado,NA,29.266781411359723,17.1
G-AD-M-LCA2_07,AD-M-LCA2_07,G-AD-M-LCA2,Gaica,Gaica distancia,2019-10-08,19,2019,10,8,281,15,16:36:00,00:04:00,1,5,2,Early,2,1,"Yuri Rosero-Mora, Diego Cardenas",NA,Nublado,NA,29.266781411359723,17.1
G-AD-M-LCA2_07,AD-M-LCA2_07,G-AD-M-LCA2,Gaica,Gaica distancia,2019-10-09,19,2019,10,9,282,16,07:46:00,00:08:00,1,5,3,Early,3,1,"Yuri Rosero-Mora, Diego Cardenas",NA,Nublado,NA,29.266781411359723,17.1
G-AD-M-LCA2_07,AD-M-LCA2_07,G-AD-M-LCA2,Gaica,Gaica distancia,2019-10-09,19,2019,10,9,282,16,17:05:00,00:10:00,1,5,4,Early,4,1,"Yuri Rosero-Mora, Diego Cardenas",NA,Despejado,NA,29.266781411359723,17.1
G-AD-M-LCA2_07,AD-M-LCA2_07,G-AD-M-LCA2,Gaica,Gaica distancia,2019-10-10,19,2019,10,10,283,17,07:30:00,00:07:00,1,5,5,Early,5,1,"Yuri Rosero-Mora, Diego Cardenas",NA,Nublado,NA,29.266781411359723,17.1
G-AD-M-LCA2_08,AD-M-LCA2_08,G-AD-M-LCA2,Gaica,Gaica distancia,2019-10-08,19,2019,10,8,281,15,07:30:00,00:10:00,1,5,1,Early,1,1,"Yuri Rosero-Mora, Diego Cardenas",NA,Despejado,NA,29.47791952894995,8.8
G-AD-M-LCA2_08,AD-M-LCA2_08,G-AD-M-LCA2,Gaica,Gaica distancia,2019-10-08,19,2019,10,8,281,15,16:21:00,00:10:00,1,5,2,Early,2,1,"Yuri Rosero-Mora, Diego Cardenas",NA,Nublado,NA,29.47791952894995,8.8
G-AD-M-LCA2_08,AD-M-LCA2_08,G-AD-M-LCA2,Gaica,Gaica distancia,2019-10-09,19,2019,10,9,282,16,07:30:00,00:08:00,1,5,3,Early,3,1,"Yuri Rosero-Mora, Diego Cardenas",NA,Nublado,NA,29.47791952894995,8.8
G-AD-M-LCA2_08,AD-M-LCA2_08,G-AD-M-LCA2,Gaica,Gaica distancia,2019-10-09,19,2019,10,9,282,16,17:18:00,00:10:00,1,5,4,Early,4,1,"Yuri Rosero-Mora, Diego Cardenas",NA,Despejado,NA,29.47791952894995,8.8
G-AD-M-LCA2_08,AD-M-LCA2_08,G-AD-M-LCA2,Gaica,Gaica distancia,2019-10-10,19,2019,10,10,283,17,07:15:00,00:07:00,1,5,5,Early,5,1,"Yuri Rosero-Mora, Diego Cardenas",NA,Nublado,NA,29.47791952894995,8.8
G-AD-M-LCA2_09,AD-M-LCA2_09,G-AD-M-LCA2,Gaica,Gaica distancia,2019-10-08,19,2019,10,8,281,15,07:09:00,00:08:00,1,5,1,Early,1,1,"Yuri Rosero-Mora, Diego Cardenas",NA,Despejado,NA,24.98504168710152,0
G-AD-M-LCA2_09,AD-M-LCA2_09,G-AD-M-LCA2,Gaica,Gaica distancia,2019-10-08,19,2019,10,8,281,15,16:07:00,00:10:00,1,5,2,Early,2,1,"Yuri Rosero-Mora, Diego Cardenas",NA,Nublado,NA,24.98504168710152,0
G-AD-M-LCA2_09,AD-M-LCA2_09,G-AD-M-LCA2,Gaica,Gaica distancia,2019-10-09,19,2019,10,9,282,16,07:08:00,00:08:00,1,5,3,Early,3,1,"Yuri Rosero-Mora, Diego Cardenas",NA,Nublado,NA,24.98504168710152,0
G-AD-M-LCA2_09,AD-M-LCA2_09,G-AD-M-LCA2,Gaica,Gaica distancia,2019-10-09,19,2019,10,9,282,16,17:35:00,00:00:00,1,5,4,Early,4,1,"Yuri Rosero-Mora, Diego Cardenas",NA,Despejado,NA,24.98504168710152,0
G-AD-M-LCA2_09,AD-M-LCA2_09,G-AD-M-LCA2,Gaica,Gaica distancia,2019-10-10,19,2019,10,10,283,17,06:54:00,00:10:00,1,5,5,Early,5,1,"Yuri Rosero-Mora, Diego Cardenas",NA,Nublado,NA,24.98504168710152,0
G-AD-M-LCA2_10,AD-M-LCA2_10,G-AD-M-LCA2,Gaica,Gaica distancia,2019-10-08,19,2019,10,8,281,15,06:30:00,00:10:00,1,5,1,Early,1,1,"Yuri Rosero-Mora, Diego Cardenas",NA,Despejado,NA,24.143312883435584,6.2
G-AD-M-LCA2_10,AD-M-LCA2_10,G-AD-M-LCA2,Gaica,Gaica distancia,2019-10-08,19,2019,10,8,281,15,15:16:00,00:10:00,1,5,2,Early,2,1,"Yuri Rosero-Mora, Diego Cardenas",NA,Nublado,NA,24.143312883435584,6.2
G-AD-M-LCA2_10,AD-M-LCA2_10,G-AD-M-LCA2,Gaica,Gaica distancia,2019-10-09,19,2019,10,9,282,16,05:32:00,00:10:00,1,5,3,Early,3,1,"Yuri Rosero-Mora, Diego Cardenas",NA,Nublado,NA,24.143312883435584,6.2
G-AD-M-LCA2_10,AD-M-LCA2_10,G-AD-M-LCA2,Gaica,Gaica distancia,2019-10-09,19,2019,10,9,282,16,17:47:00,00:08:00,1,5,4,Early,4,1,"Yuri Rosero-Mora, Diego Cardenas",NA,Despejado,NA,24.143312883435584,6.2
G-AD-M-LCA2_10,AD-M-LCA2_10,G-AD-M-LCA2,Gaica,Gaica distancia,2019-10-10,19,2019,10,10,283,17,06:15:00,00:10:00,1,5,5,Early,5,1,"Yuri Rosero-Mora, Diego Cardenas",NA,Nublado,NA,24.143312883435584,6.2
G-AD-M-LCA2_11,AD-M-LCA2_11,G-AD-M-LCA2,Gaica,Gaica distancia,2019-10-08,19,2019,10,8,281,15,06:05:00,00:10:00,1,5,1,Early,1,1,"Yuri Rosero-Mora, Diego Cardenas",NA,Despejado,NA,24.62346588119784,13.8
G-AD-M-LCA2_11,AD-M-LCA2_11,G-AD-M-LCA2,Gaica,Gaica distancia,2019-10-08,19,2019,10,8,281,15,15:05:00,00:05:00,1,5,2,Early,2,1,"Yuri Rosero-Mora, Diego Cardenas",NA,Nublado,NA,24.62346588119784,13.8
G-AD-M-LCA2_11,AD-M-LCA2_11,G-AD-M-LCA2,Gaica,Gaica distancia,2019-10-09,19,2019,10,9,282,16,06:14:00,00:10:00,1,5,3,Early,3,1,"Yuri Rosero-Mora, Diego Cardenas",NA,Nublado,NA,24.62346588119784,13.8
G-AD-M-LCA2_11,AD-M-LCA2_11,G-AD-M-LCA2,Gaica,Gaica distancia,2019-10-09,19,2019,10,9,282,16,18:15:00,00:00:00,1,5,4,Early,4,1,"Yuri Rosero-Mora, Diego Cardenas",NA,Despejado,NA,24.62346588119784,13.8
G-AD-M-LCA2_11,AD-M-LCA2_11,G-AD-M-LCA2,Gaica,Gaica distancia,2019-10-10,19,2019,10,10,283,17,05:58:00,00:10:00,1,5,5,Early,5,1,"Yuri Rosero-Mora, Diego Cardenas",NA,Nublado,NA,24.62346588119784,13.8
G-AD-M-LC_01,AD-M-LC_01,G-AD-M-LC,Gaica,Gaica distancia,2019-10-01,19,2019,10,1,274,8,06:25:00,00:10:00,1,5,1,Early,1,1,"Yuri Rosero-Mora, Diego Cardenas",NA,Despejado,NA,17.66584887144259,13.3
G-AD-M-LC_01,AD-M-LC_01,G-AD-M-LC,Gaica,Gaica distancia,2019-10-01,19,2019,10,1,274,8,15:20:00,00:05:00,1,5,2,Early,2,1,"Yuri Rosero-Mora, Diego Cardenas",NA,Despejado,NA,17.66584887144259,13.3
G-AD-M-LC_01,AD-M-LC_01,G-AD-M-LC,Gaica,Gaica distancia,2019-10-02,19,2019,10,2,275,9,09:30:00,00:10:00,1,5,3,Early,3,1,"Yuri Rosero-Mora, Diego Cardenas",NA,Despejado,NA,17.66584887144259,13.3
G-AD-M-LC_01,AD-M-LC_01,G-AD-M-LC,Gaica,Gaica distancia,2019-10-02,19,2019,10,2,275,9,18:20:00,00:00:00,1,5,4,Early,4,1,"Yuri Rosero-Mora, Diego Cardenas",NA,Despejado,NA,17.66584887144259,13.3
G-AD-M-LC_01,AD-M-LC_01,G-AD-M-LC,Gaica,Gaica distancia,2019-10-03,19,2019,10,3,276,10,12:30:00,00:10:00,1,5,5,Early,5,1,"Yuri Rosero-Mora, Diego Cardenas",NA,Nublado,NA,17.66584887144259,13.3
G-AD-M-LC_02,AD-M-LC_02,G-AD-M-LC,Gaica,Gaica distancia,2019-10-01,19,2019,10,1,274,8,06:47:00,00:08:00,1,5,1,Early,1,1,"Yuri Rosero-Mora, Diego Cardenas",NA,Despejado,NA,17.37152692402262,0
G-AD-M-LC_02,AD-M-LC_02,G-AD-M-LC,Gaica,Gaica distancia,2019-10-01,19,2019,10,1,274,8,15:25:00,00:00:00,1,5,2,Early,2,1,"Yuri Rosero-Mora, Diego Cardenas",NA,Despejado,NA,17.37152692402262,0
G-AD-M-LC_02,AD-M-LC_02,G-AD-M-LC,Gaica,Gaica distancia,2019-10-02,19,2019,10,2,275,9,09:15:00,00:07:00,1,5,3,Early,3,1,"Yuri Rosero-Mora, Diego Cardenas",NA,Despejado,NA,17.37152692402262,0
G-AD-M-LC_02,AD-M-LC_02,G-AD-M-LC,Gaica,Gaica distancia,2019-10-02,19,2019,10,2,275,9,18:05:00,00:00:00,1,5,4,Early,4,1,"Yuri Rosero-Mora, Diego Cardenas",NA,Despejado,NA,17.37152692402262,0
G-AD-M-LC_02,AD-M-LC_02,G-AD-M-LC,Gaica,Gaica distancia,2019-10-03,19,2019,10,3,276,10,12:14:00,00:10:00,1,5,5,Early,5,1,"Yuri Rosero-Mora, Diego Cardenas",NA,Nublado,NA,17.37152692402262,0
G-AD-M-LC_03,AD-M-LC_03,G-AD-M-LC,Gaica,Gaica distancia,2019-10-01,19,2019,10,1,274,8,07:06:00,00:09:00,1,5,1,Early,1,1,"Yuri Rosero-Mora, Diego Cardenas",NA,Despejado,NA,17.0590115564298,11.1
G-AD-M-LC_03,AD-M-LC_03,G-AD-M-LC,Gaica,Gaica distancia,2019-10-01,19,2019,10,1,274,8,15:55:00,00:05:00,1,5,2,Early,2,1,"Yuri Rosero-Mora, Diego Cardenas",NA,Despejado,NA,17.0590115564298,11.1
G-AD-M-LC_03,AD-M-LC_03,G-AD-M-LC,Gaica,Gaica distancia,2019-10-02,19,2019,10,2,275,9,08:52:00,00:10:00,1,5,3,Early,3,1,"Yuri Rosero-Mora, Diego Cardenas",NA,Despejado,NA,17.0590115564298,11.1
G-AD-M-LC_03,AD-M-LC_03,G-AD-M-LC,Gaica,Gaica distancia,2019-10-02,19,2019,10,2,275,9,17:47:00,00:03:00,1,5,4,Early,4,1,"Yuri Rosero-Mora, Diego Cardenas",NA,Despejado,NA,17.0590115564298,11.1
G-AD-M-LC_03,AD-M-LC_03,G-AD-M-LC,Gaica,Gaica distancia,2019-10-03,19,2019,10,3,276,10,11:55:00,00:10:00,1,5,5,Early,5,1,"Yuri Rosero-Mora, Diego Cardenas",NA,Nublado,NA,17.0590115564298,11.1
G-AD-M-LC_04,AD-M-LC_04,G-AD-M-LC,Gaica,Gaica distancia,2019-10-01,19,2019,10,1,274,8,07:25:00,00:10:00,1,5,1,Early,1,1,"Yuri Rosero-Mora, Diego Cardenas",NA,Despejado,NA,16.810539215686273,13.7
G-AD-M-LC_04,AD-M-LC_04,G-AD-M-LC,Gaica,Gaica distancia,2019-10-01,19,2019,10,1,274,8,16:15:00,00:10:00,1,5,2,Early,2,1,"Yuri Rosero-Mora, Diego Cardenas",NA,Despejado,NA,16.810539215686273,13.7
G-AD-M-LC_04,AD-M-LC_04,G-AD-M-LC,Gaica,Gaica distancia,2019-10-02,19,2019,10,2,275,9,08:35:00,00:10:00,1,5,3,Early,3,1,"Yuri Rosero-Mora, Diego Cardenas",NA,Despejado,NA,16.810539215686273,13.7
G-AD-M-LC_04,AD-M-LC_04,G-AD-M-LC,Gaica,Gaica distancia,2019-10-02,19,2019,10,2,275,9,17:30:00,00:10:00,1,5,4,Early,4,1,"Yuri Rosero-Mora, Diego Cardenas",NA,Despejado,NA,16.810539215686273,13.7
G-AD-M-LC_04,AD-M-LC_04,G-AD-M-LC,Gaica,Gaica distancia,2019-10-03,19,2019,10,3,276,10,11:40:00,00:09:00,1,5,5,Early,5,1,"Yuri Rosero-Mora, Diego Cardenas",NA,Nublado,NA,16.810539215686273,13.7
G-AD-M-LC_05,AD-M-LC_05,G-AD-M-LC,Gaica,Gaica distancia,2019-10-01,19,2019,10,1,274,8,07:57:00,00:03:00,1,5,1,Early,1,1,"Yuri Rosero-Mora, Diego Cardenas",NA,Despejado,NA,16.113725490196078,11.2
G-AD-M-LC_05,AD-M-LC_05,G-AD-M-LC,Gaica,Gaica distancia,2019-10-01,19,2019,10,1,274,8,16:38:00,00:09:00,1,5,2,Early,2,1,"Yuri Rosero-Mora, Diego Cardenas",NA,Despejado,NA,16.113725490196078,11.2
G-AD-M-LC_05,AD-M-LC_05,G-AD-M-LC,Gaica,Gaica distancia,2019-10-02,19,2019,10,2,275,9,08:12:00,00:08:00,1,5,3,Early,3,1,"Yuri Rosero-Mora, Diego Cardenas",NA,Despejado,NA,16.113725490196078,11.2
G-AD-M-LC_05,AD-M-LC_05,G-AD-M-LC,Gaica,Gaica distancia,2019-10-02,19,2019,10,2,275,9,17:15:00,00:07:00,1,5,4,Early,4,1,"Yuri Rosero-Mora, Diego Cardenas",NA,Despejado,NA,16.113725490196078,11.2
G-AD-M-LC_05,AD-M-LC_05,G-AD-M-LC,Gaica,Gaica distancia,2019-10-03,19,2019,10,3,276,10,11:20:00,00:10:00,1,5,5,Early,5,1,"Yuri Rosero-Mora, Diego Cardenas",NA,Nublado,NA,16.113725490196078,11.2
G-AD-M-LC_06,AD-M-LC_06,G-AD-M-LC,Gaica,Gaica distancia,2019-10-01,19,2019,10,1,274,8,08:17:00,00:03:00,1,5,1,Early,1,1,"Yuri Rosero-Mora, Diego Cardenas",NA,Despejado,NA,15.76564417177914,15
G-AD-M-LC_06,AD-M-LC_06,G-AD-M-LC,Gaica,Gaica distancia,2019-10-01,19,2019,10,1,274,8,16:55:00,00:10:00,1,5,2,Early,2,1,"Yuri Rosero-Mora, Diego Cardenas",NA,Despejado,NA,15.76564417177914,15
G-AD-M-LC_06,AD-M-LC_06,G-AD-M-LC,Gaica,Gaica distancia,2019-10-02,19,2019,10,2,275,9,07:51:00,00:08:00,1,5,3,Early,3,1,"Yuri Rosero-Mora, Diego Cardenas",NA,Despejado,NA,15.76564417177914,15
G-AD-M-LC_06,AD-M-LC_06,G-AD-M-LC,Gaica,Gaica distancia,2019-10-02,19,2019,10,2,275,9,17:00:00,00:08:00,1,5,4,Early,4,1,"Yuri Rosero-Mora, Diego Cardenas",NA,Despejado,NA,15.76564417177914,15
G-AD-M-LC_06,AD-M-LC_06,G-AD-M-LC,Gaica,Gaica distancia,2019-10-03,19,2019,10,3,276,10,11:07:00,00:01:00,1,5,5,Early,5,1,"Yuri Rosero-Mora, Diego Cardenas",NA,Nublado,NA,15.76564417177914,15
G-AD-M-LC_07,AD-M-LC_07,G-AD-M-LC,Gaica,Gaica distancia,2019-10-01,19,2019,10,1,274,8,08:35:00,00:10:00,1,5,1,Early,1,1,"Yuri Rosero-Mora, Diego Cardenas",NA,Despejado,NA,14.671897989210397,2.9
G-AD-M-LC_07,AD-M-LC_07,G-AD-M-LC,Gaica,Gaica distancia,2019-10-01,19,2019,10,1,274,8,17:10:00,00:08:00,1,5,2,Early,2,1,"Yuri Rosero-Mora, Diego Cardenas",NA,Despejado,NA,14.671897989210397,2.9
G-AD-M-LC_07,AD-M-LC_07,G-AD-M-LC,Gaica,Gaica distancia,2019-10-02,19,2019,10,2,275,9,07:30:00,00:07:00,1,5,3,Early,3,1,"Yuri Rosero-Mora, Diego Cardenas",NA,Despejado,NA,14.671897989210397,2.9
G-AD-M-LC_07,AD-M-LC_07,G-AD-M-LC,Gaica,Gaica distancia,2019-10-02,19,2019,10,2,275,9,16:40:00,00:08:00,1,5,4,Early,4,1,"Yuri Rosero-Mora, Diego Cardenas",NA,Despejado,NA,14.671897989210397,2.9
G-AD-M-LC_07,AD-M-LC_07,G-AD-M-LC,Gaica,Gaica distancia,2019-10-03,19,2019,10,3,276,10,10:52:00,00:05:00,1,5,5,Early,5,1,"Yuri Rosero-Mora, Diego Cardenas",NA,Nublado,NA,14.671897989210397,2.9
G-AD-M-LC_08,AD-M-LC_08,G-AD-M-LC,Gaica,Gaica distancia,2019-10-01,19,2019,10,1,274,8,08:52:00,00:05:00,1,5,1,Early,1,1,"Yuri Rosero-Mora, Diego Cardenas",NA,Despejado,NA,13.996311777723138,4.7
G-AD-M-LC_08,AD-M-LC_08,G-AD-M-LC,Gaica,Gaica distancia,2019-10-01,19,2019,10,1,274,8,17:23:00,00:04:00,1,5,2,Early,2,1,"Yuri Rosero-Mora, Diego Cardenas",NA,Despejado,NA,13.996311777723138,4.7
G-AD-M-LC_08,AD-M-LC_08,G-AD-M-LC,Gaica,Gaica distancia,2019-10-02,19,2019,10,2,275,9,07:12:00,00:10:00,1,5,3,Early,3,1,"Yuri Rosero-Mora, Diego Cardenas",NA,Despejado,NA,13.996311777723138,4.7
G-AD-M-LC_08,AD-M-LC_08,G-AD-M-LC,Gaica,Gaica distancia,2019-10-02,19,2019,10,2,275,9,16:24:00,00:04:00,1,5,4,Early,4,1,"Yuri Rosero-Mora, Diego Cardenas",NA,Despejado,NA,13.996311777723138,4.7
G-AD-M-LC_08,AD-M-LC_08,G-AD-M-LC,Gaica,Gaica distancia,2019-10-03,19,2019,10,3,276,10,10:35:00,00:08:00,1,5,5,Early,5,1,"Yuri Rosero-Mora, Diego Cardenas",NA,Nublado,NA,13.996311777723138,4.7
G-AD-M-LC_09,AD-M-LC_09,G-AD-M-LC,Gaica,Gaica distancia,2019-10-01,19,2019,10,1,274,8,09:17:00,00:06:00,1,5,1,Early,1,1,"Yuri Rosero-Mora, Diego Cardenas",NA,Despejado,NA,14.533136966126657,0
G-AD-M-LC_09,AD-M-LC_09,G-AD-M-LC,Gaica,Gaica distancia,2019-10-01,19,2019,10,1,274,8,17:46:00,00:06:00,1,5,2,Early,2,1,"Yuri Rosero-Mora, Diego Cardenas",NA,Despejado,NA,14.533136966126657,0
G-AD-M-LC_09,AD-M-LC_09,G-AD-M-LC,Gaica,Gaica distancia,2019-10-02,19,2019,10,2,275,9,06:57:00,00:05:00,1,5,3,Early,3,1,"Yuri Rosero-Mora, Diego Cardenas",NA,Despejado,NA,14.533136966126657,0
G-AD-M-LC_09,AD-M-LC_09,G-AD-M-LC,Gaica,Gaica distancia,2019-10-02,19,2019,10,2,275,9,16:15:00,00:07:00,1,5,4,Early,4,1,"Yuri Rosero-Mora, Diego Cardenas",NA,Despejado,NA,14.533136966126657,0
G-AD-M-LC_09,AD-M-LC_09,G-AD-M-LC,Gaica,Gaica distancia,2019-10-03,19,2019,10,3,276,10,10:18:00,00:07:00,1,5,5,Early,5,1,"Yuri Rosero-Mora, Diego Cardenas",NA,Nublado,NA,14.533136966126657,0
G-AD-M-LC_10,AD-M-LC_10,G-AD-M-LC,Gaica,Gaica distancia,2019-10-01,19,2019,10,1,274,8,09:35:00,00:02:00,1,5,1,Early,1,1,"Yuri Rosero-Mora, Diego Cardenas",NA,Despejado,NA,16.54561059342815,0
G-AD-M-LC_10,AD-M-LC_10,G-AD-M-LC,Gaica,Gaica distancia,2019-10-01,19,2019,10,1,274,8,16:42:06,00:10:00,1,5,2,Early,2,0,NA,NA,NA,NA,16.54561059342815,0
G-AD-M-LC_10,AD-M-LC_10,G-AD-M-LC,Gaica,Gaica distancia,2019-10-02,19,2019,10,2,275,9,06:36:00,00:09:00,1,5,3,Early,3,1,"Yuri Rosero-Mora, Diego Cardenas",NA,Despejado,NA,16.54561059342815,0
G-AD-M-LC_10,AD-M-LC_10,G-AD-M-LC,Gaica,Gaica distancia,2019-10-02,19,2019,10,2,275,9,15:50:00,00:08:00,1,5,4,Early,4,1,"Yuri Rosero-Mora, Diego Cardenas",NA,Despejado,NA,16.54561059342815,0
G-AD-M-LC_10,AD-M-LC_10,G-AD-M-LC,Gaica,Gaica distancia,2019-10-03,19,2019,10,3,276,10,10:00:00,00:10:00,1,5,5,Early,5,1,"Yuri Rosero-Mora, Diego Cardenas",NA,Nublado,NA,16.54561059342815,0
G-AD-M-LC_11,AD-M-LC_11,G-AD-M-LC,Gaica,Gaica distancia,2019-10-01,19,2019,10,1,274,8,09:55:00,00:08:00,1,5,1,Early,1,1,"Yuri Rosero-Mora, Diego Cardenas",NA,Despejado,NA,17.343397152675504,9.5
G-AD-M-LC_11,AD-M-LC_11,G-AD-M-LC,Gaica,Gaica distancia,2019-10-01,19,2019,10,1,274,8,18:14:00,00:00:00,1,5,2,Early,2,1,"Yuri Rosero-Mora, Diego Cardenas",NA,Despejado,NA,17.343397152675504,9.5
G-AD-M-LC_11,AD-M-LC_11,G-AD-M-LC,Gaica,Gaica distancia,2019-10-02,19,2019,10,2,275,9,06:05:00,00:10:00,1,5,3,Early,3,1,"Yuri Rosero-Mora, Diego Cardenas",NA,Despejado,NA,17.343397152675504,9.5
G-AD-M-LC_11,AD-M-LC_11,G-AD-M-LC,Gaica,Gaica distancia,2019-10-02,19,2019,10,2,275,9,15:19:00,00:10:00,1,5,4,Early,4,1,"Yuri Rosero-Mora, Diego Cardenas",NA,Despejado,NA,17.343397152675504,9.5
G-AD-M-LC_11,AD-M-LC_11,G-AD-M-LC,Gaica,Gaica distancia,2019-10-03,19,2019,10,3,276,10,09:46:00,00:09:00,1,5,5,Early,5,1,"Yuri Rosero-Mora, Diego Cardenas",NA,Nublado,NA,17.343397152675504,9.5
G-AD-M-LD1_01,AD-M-LD1_01,G-AD-M-LD1,Gaica,Gaica distancia,2019-09-27,19,2019,9,27,270,4,15:12:00,00:06:00,1,4,1,Early,1,1,"Yuri Rosero-Mora, Diego Cardenas",NA,Despejado,NA,28.89730392156863,9.3
G-AD-M-LD1_01,AD-M-LD1_01,G-AD-M-LD1,Gaica,Gaica distancia,2019-09-28,19,2019,9,28,271,5,05:48:00,00:10:00,1,4,2,Early,2,1,"Yuri Rosero-Mora, Diego Cardenas",NA,Despejado,NA,28.89730392156863,9.3
G-AD-M-LD1_01,AD-M-LD1_01,G-AD-M-LD1,Gaica,Gaica distancia,2019-09-28,19,2019,9,28,271,5,15:20:00,00:09:00,1,4,3,Early,3,1,"Yuri Rosero-Mora, Diego Cardenas",NA,Despejado,NA,28.89730392156863,9.3
G-AD-M-LD1_01,AD-M-LD1_01,G-AD-M-LD1,Gaica,Gaica distancia,2019-09-29,19,2019,9,29,272,6,11:30:00,00:10:00,1,4,4,Early,4,1,"Yuri Rosero-Mora, Diego Cardenas",NA,Despejado,NA,28.89730392156863,9.3
G-AD-M-LD1_02,AD-M-LD1_02,G-AD-M-LD1,Gaica,Gaica distancia,2019-09-27,19,2019,9,27,270,4,15:36:00,00:10:00,1,5,1,Early,1,1,"Yuri Rosero-Mora, Diego Cardenas",NA,Despejado,NA,27.127268268759195,9.3
G-AD-M-LD1_02,AD-M-LD1_02,G-AD-M-LD1,Gaica,Gaica distancia,2019-09-28,19,2019,9,28,271,5,06:11:00,00:07:00,1,5,2,Early,2,1,"Yuri Rosero-Mora, Diego Cardenas",NA,Despejado,NA,27.127268268759195,9.3
G-AD-M-LD1_02,AD-M-LD1_02,G-AD-M-LD1,Gaica,Gaica distancia,2019-09-28,19,2019,9,28,271,5,15:36:00,00:10:00,1,5,3,Early,3,1,"Yuri Rosero-Mora, Diego Cardenas",NA,Despejado,NA,27.127268268759195,9.3
G-AD-M-LD1_02,AD-M-LD1_02,G-AD-M-LD1,Gaica,Gaica distancia,2019-09-29,19,2019,9,29,272,6,11:15:00,00:10:00,1,5,4,Early,4,1,"Yuri Rosero-Mora, Diego Cardenas",NA,Despejado,NA,27.127268268759195,9.3
G-AD-M-LD1_02,AD-M-LD1_02,G-AD-M-LD1,Gaica,Gaica distancia,2019-09-29,19,2019,9,29,272,6,16:20:00,00:10:00,1,5,5,Early,5,0,NA,NA,NA,NA,27.127268268759195,9.3
G-AD-M-LD1_03,AD-M-LD1_03,G-AD-M-LD1,Gaica,Gaica distancia,2019-09-27,19,2019,9,27,270,4,15:53:00,00:06:00,1,5,1,Early,1,1,"Yuri Rosero-Mora, Diego Cardenas",NA,Despejado,NA,24.240981595092023,10.6
G-AD-M-LD1_03,AD-M-LD1_03,G-AD-M-LD1,Gaica,Gaica distancia,2019-09-28,19,2019,9,28,271,5,06:30:00,00:07:00,1,5,2,Early,2,1,"Yuri Rosero-Mora, Diego Cardenas",NA,Despejado,NA,24.240981595092023,10.6
G-AD-M-LD1_03,AD-M-LD1_03,G-AD-M-LD1,Gaica,Gaica distancia,2019-09-28,19,2019,9,28,271,5,15:49:00,00:10:00,1,5,3,Early,3,1,"Yuri Rosero-Mora, Diego Cardenas",NA,Despejado,NA,24.240981595092023,10.6
G-AD-M-LD1_03,AD-M-LD1_03,G-AD-M-LD1,Gaica,Gaica distancia,2019-09-29,19,2019,9,29,272,6,10:50:00,00:10:00,1,5,4,Early,4,1,"Yuri Rosero-Mora, Diego Cardenas",NA,Despejado,NA,24.240981595092023,10.6
G-AD-M-LD1_03,AD-M-LD1_03,G-AD-M-LD1,Gaica,Gaica distancia,2019-09-29,19,2019,9,29,272,6,16:20:00,00:10:00,1,5,5,Early,5,0,NA,NA,NA,NA,24.240981595092023,10.6
G-AD-M-LD1_04,AD-M-LD1_04,G-AD-M-LD1,Gaica,Gaica distancia,2019-09-27,19,2019,9,27,270,4,16:44:00,00:05:00,1,5,1,Early,1,1,"Yuri Rosero-Mora, Diego Cardenas",NA,Despejado,NA,22.47938144329897,9.9
G-AD-M-LD1_04,AD-M-LD1_04,G-AD-M-LD1,Gaica,Gaica distancia,2019-09-28,19,2019,9,28,271,5,06:54:00,00:10:00,1,5,2,Early,2,1,"Yuri Rosero-Mora, Diego Cardenas",NA,Despejado,NA,22.47938144329897,9.9
G-AD-M-LD1_04,AD-M-LD1_04,G-AD-M-LD1,Gaica,Gaica distancia,2019-09-28,19,2019,9,28,271,5,16:27:00,00:10:00,1,5,3,Early,3,1,"Yuri Rosero-Mora, Diego Cardenas",NA,Despejado,NA,22.47938144329897,9.9
G-AD-M-LD1_04,AD-M-LD1_04,G-AD-M-LD1,Gaica,Gaica distancia,2019-09-29,19,2019,9,29,272,6,10:26:00,00:10:00,1,5,4,Early,4,1,"Yuri Rosero-Mora, Diego Cardenas",NA,Despejado,NA,22.47938144329897,9.9
G-AD-M-LD1_04,AD-M-LD1_04,G-AD-M-LD1,Gaica,Gaica distancia,2019-09-29,19,2019,9,29,272,6,17:15:00,00:10:00,1,5,5,Early,5,1,"Yuri Rosero-Mora, Diego Cardenas",NA,Nublado,NA,22.47938144329897,9.9
G-AD-M-LD1_05,AD-M-LD1_05,G-AD-M-LD1,Gaica,Gaica distancia,2019-09-27,19,2019,9,27,270,4,16:08:00,00:00:00,1,5,1,Early,1,1,"Yuri Rosero-Mora, Diego Cardenas",NA,Despejado,NA,23.576828669612176,0
G-AD-M-LD1_05,AD-M-LD1_05,G-AD-M-LD1,Gaica,Gaica distancia,2019-09-28,19,2019,9,28,271,5,07:07:00,00:10:00,1,5,2,Early,2,1,"Yuri Rosero-Mora, Diego Cardenas",NA,Despejado,NA,23.576828669612176,0
G-AD-M-LD1_05,AD-M-LD1_05,G-AD-M-LD1,Gaica,Gaica distancia,2019-09-28,19,2019,9,28,271,5,16:43:00,00:10:00,1,5,3,Early,3,1,"Yuri Rosero-Mora, Diego Cardenas",NA,Despejado,NA,23.576828669612176,0
G-AD-M-LD1_05,AD-M-LD1_05,G-AD-M-LD1,Gaica,Gaica distancia,2019-09-29,19,2019,9,29,272,6,10:12:00,00:10:00,1,5,4,Early,4,1,"Yuri Rosero-Mora, Diego Cardenas",NA,Despejado,NA,23.576828669612176,0
G-AD-M-LD1_05,AD-M-LD1_05,G-AD-M-LD1,Gaica,Gaica distancia,2019-09-29,19,2019,9,29,272,6,17:00:00,00:10:00,1,5,5,Early,5,1,"Yuri Rosero-Mora, Diego Cardenas",NA,Nublado,NA,23.576828669612176,0
G-AD-M-LD1_06,AD-M-LD1_06,G-AD-M-LD1,Gaica,Gaica distancia,2019-09-27,19,2019,9,27,270,4,16:32:00,00:08:00,1,5,1,Early,1,1,"Yuri Rosero-Mora, Diego Cardenas",NA,Despejado,NA,26.47754601226994,9.1
G-AD-M-LD1_06,AD-M-LD1_06,G-AD-M-LD1,Gaica,Gaica distancia,2019-09-28,19,2019,9,28,271,5,07:27:00,00:09:00,1,5,2,Early,2,1,"Yuri Rosero-Mora, Diego Cardenas",NA,Despejado,NA,26.47754601226994,9.1
G-AD-M-LD1_06,AD-M-LD1_06,G-AD-M-LD1,Gaica,Gaica distancia,2019-09-28,19,2019,9,28,271,5,16:58:00,00:00:00,1,5,3,Early,3,1,"Yuri Rosero-Mora, Diego Cardenas",NA,Despejado,NA,26.47754601226994,9.1
G-AD-M-LD1_06,AD-M-LD1_06,G-AD-M-LD1,Gaica,Gaica distancia,2019-09-29,19,2019,9,29,272,6,09:58:00,00:10:00,1,5,4,Early,4,1,"Yuri Rosero-Mora, Diego Cardenas",NA,Despejado,NA,26.47754601226994,9.1
G-AD-M-LD1_06,AD-M-LD1_06,G-AD-M-LD1,Gaica,Gaica distancia,2019-09-29,19,2019,9,29,272,6,16:43:00,00:10:00,1,5,5,Early,5,1,"Yuri Rosero-Mora, Diego Cardenas",NA,Nublado,NA,26.47754601226994,9.1
G-AD-M-LD1_07,AD-M-LD1_07,G-AD-M-LD1,Gaica,Gaica distancia,2019-09-27,19,2019,9,27,270,4,17:01:00,00:00:00,1,5,1,Early,1,1,"Yuri Rosero-Mora, Diego Cardenas",NA,Despejado,NA,29.63852760736196,11.2
G-AD-M-LD1_07,AD-M-LD1_07,G-AD-M-LD1,Gaica,Gaica distancia,2019-09-28,19,2019,9,28,271,5,07:47:00,00:10:00,1,5,2,Early,2,1,"Yuri Rosero-Mora, Diego Cardenas",NA,Despejado,NA,29.63852760736196,11.2
G-AD-M-LD1_07,AD-M-LD1_07,G-AD-M-LD1,Gaica,Gaica distancia,2019-09-28,19,2019,9,28,271,5,17:15:00,00:10:00,1,5,3,Early,3,1,"Yuri Rosero-Mora, Diego Cardenas",NA,Despejado,NA,29.63852760736196,11.2
G-AD-M-LD1_07,AD-M-LD1_07,G-AD-M-LD1,Gaica,Gaica distancia,2019-09-29,19,2019,9,29,272,6,09:40:00,00:10:00,1,5,4,Early,4,1,"Yuri Rosero-Mora, Diego Cardenas",NA,Despejado,NA,29.63852760736196,11.2
G-AD-M-LD1_07,AD-M-LD1_07,G-AD-M-LD1,Gaica,Gaica distancia,2019-09-29,19,2019,9,29,272,6,16:29:00,00:00:00,1,5,5,Early,5,1,"Yuri Rosero-Mora, Diego Cardenas",NA,Nublado,NA,29.63852760736196,11.2
G-AD-M-LD1_08,AD-M-LD1_08,G-AD-M-LD1,Gaica,Gaica distancia,2019-09-27,19,2019,9,27,270,4,17:18:00,00:05:00,1,5,1,Early,1,1,"Yuri Rosero-Mora, Diego Cardenas",NA,Despejado,NA,31.53766871165644,13.1
G-AD-M-LD1_08,AD-M-LD1_08,G-AD-M-LD1,Gaica,Gaica distancia,2019-09-28,19,2019,9,28,271,5,08:07:00,00:10:00,1,5,2,Early,2,1,"Yuri Rosero-Mora, Diego Cardenas",NA,Despejado,NA,31.53766871165644,13.1
G-AD-M-LD1_08,AD-M-LD1_08,G-AD-M-LD1,Gaica,Gaica distancia,2019-09-28,19,2019,9,28,271,5,17:32:00,00:05:00,1,5,3,Early,3,1,"Yuri Rosero-Mora, Diego Cardenas",NA,Despejado,NA,31.53766871165644,13.1
G-AD-M-LD1_08,AD-M-LD1_08,G-AD-M-LD1,Gaica,Gaica distancia,2019-09-29,19,2019,9,29,272,6,09:00:00,00:10:00,1,5,4,Early,4,1,"Yuri Rosero-Mora, Diego Cardenas",NA,Despejado,NA,31.53766871165644,13.1
G-AD-M-LD1_08,AD-M-LD1_08,G-AD-M-LD1,Gaica,Gaica distancia,2019-09-29,19,2019,9,29,272,6,16:10:00,00:10:00,1,5,5,Early,5,1,"Yuri Rosero-Mora, Diego Cardenas",NA,Nublado,NA,31.53766871165644,13.1
G-AD-M-LD1_09,AD-M-LD1_09,G-AD-M-LD1,Gaica,Gaica distancia,2019-09-27,19,2019,9,27,270,4,17:29:00,00:10:00,1,5,1,Early,1,1,"Yuri Rosero-Mora, Diego Cardenas",NA,Despejado,NA,33.00269938650307,14.3
G-AD-M-LD1_09,AD-M-LD1_09,G-AD-M-LD1,Gaica,Gaica distancia,2019-09-28,19,2019,9,28,271,5,08:26:00,00:10:00,1,5,2,Early,2,1,"Yuri Rosero-Mora, Diego Cardenas",NA,Despejado,NA,33.00269938650307,14.3
G-AD-M-LD1_09,AD-M-LD1_09,G-AD-M-LD1,Gaica,Gaica distancia,2019-09-28,19,2019,9,28,271,5,17:49:00,00:10:00,1,5,3,Early,3,1,"Yuri Rosero-Mora, Diego Cardenas",NA,Despejado,NA,33.00269938650307,14.3
G-AD-M-LD1_09,AD-M-LD1_09,G-AD-M-LD1,Gaica,Gaica distancia,2019-09-29,19,2019,9,29,272,6,09:21:00,00:10:00,1,5,4,Early,4,1,"Yuri Rosero-Mora, Diego Cardenas",NA,Despejado,NA,33.00269938650307,14.3
G-AD-M-LD1_09,AD-M-LD1_09,G-AD-M-LD1,Gaica,Gaica distancia,2019-09-29,19,2019,9,29,272,6,16:00:00,00:05:00,1,5,5,Early,5,1,"Yuri Rosero-Mora, Diego Cardenas",NA,Nublado,NA,33.00269938650307,14.3
G-AD-M-LD1_10,AD-M-LD1_10,G-AD-M-LD1,Gaica,Gaica distancia,2019-09-27,19,2019,9,27,270,4,17:46:00,00:04:00,1,5,1,Early,1,1,"Yuri Rosero-Mora, Diego Cardenas",NA,Despejado,NA,32.47558282208589,14.3
G-AD-M-LD1_10,AD-M-LD1_10,G-AD-M-LD1,Gaica,Gaica distancia,2019-09-28,19,2019,9,28,271,5,08:48:00,00:04:00,1,5,2,Early,2,1,"Yuri Rosero-Mora, Diego Cardenas",NA,Despejado,NA,32.47558282208589,14.3
G-AD-M-LD1_10,AD-M-LD1_10,G-AD-M-LD1,Gaica,Gaica distancia,2019-09-28,19,2019,9,28,271,5,18:08:00,00:10:00,1,5,3,Early,3,1,"Yuri Rosero-Mora, Diego Cardenas",NA,Despejado,NA,32.47558282208589,14.3
G-AD-M-LD1_10,AD-M-LD1_10,G-AD-M-LD1,Gaica,Gaica distancia,2019-09-29,19,2019,9,29,272,6,08:42:00,00:10:00,1,5,4,Early,4,1,"Yuri Rosero-Mora, Diego Cardenas",NA,Despejado,NA,32.47558282208589,14.3
G-AD-M-LD1_10,AD-M-LD1_10,G-AD-M-LD1,Gaica,Gaica distancia,2019-09-29,19,2019,9,29,272,6,15:40:00,00:10:00,1,5,5,Early,5,1,"Yuri Rosero-Mora, Diego Cardenas",NA,Nublado,NA,32.47558282208589,14.3
G-AD-M-LD1_11,AD-M-LD1_11,G-AD-M-LD1,Gaica,Gaica distancia,2019-09-27,19,2019,9,27,270,4,18:00:00,00:00:00,1,5,1,Early,1,1,"Yuri Rosero-Mora, Diego Cardenas",NA,Despejado,NA,33.597303921568624,13.4
G-AD-M-LD1_11,AD-M-LD1_11,G-AD-M-LD1,Gaica,Gaica distancia,2019-09-28,19,2019,9,28,271,5,09:05:00,00:09:00,1,5,2,Early,2,1,"Yuri Rosero-Mora, Diego Cardenas",NA,Despejado,NA,33.597303921568624,13.4
G-AD-M-LD1_11,AD-M-LD1_11,G-AD-M-LD1,Gaica,Gaica distancia,2019-09-28,19,2019,9,28,271,5,18:24:00,00:00:00,1,5,3,Early,3,1,"Yuri Rosero-Mora, Diego Cardenas",NA,Despejado,NA,33.597303921568624,13.4
G-AD-M-LD1_11,AD-M-LD1_11,G-AD-M-LD1,Gaica,Gaica distancia,2019-09-29,19,2019,9,29,272,6,08:26:00,00:00:00,1,5,4,Early,4,1,"Yuri Rosero-Mora, Diego Cardenas",NA,Despejado,NA,33.597303921568624,13.4
G-AD-M-LD1_11,AD-M-LD1_11,G-AD-M-LD1,Gaica,Gaica distancia,2019-09-29,19,2019,9,29,272,6,15:23:00,00:10:00,1,5,5,Early,5,1,"Yuri Rosero-Mora, Diego Cardenas",NA,Nublado,NA,33.597303921568624,13.4
G-AD-M-LE_01,AD-M-LE_01,G-AD-M-LE,Gaica,Gaica distancia,2019-10-04,19,2019,10,4,277,11,15:27:00,00:10:00,1,5,1,Early,1,1,"Yuri Rosero-Mora, Diego Cardenas",NA,Despejado,NA,14.110893032384691,8.1
G-AD-M-LE_01,AD-M-LE_01,G-AD-M-LE,Gaica,Gaica distancia,2019-10-05,19,2019,10,5,278,12,05:48:00,00:10:00,1,5,2,Early,2,1,"Yuri Rosero-Mora, Diego Cardenas",NA,Despejado,NA,14.110893032384691,8.1
G-AD-M-LE_01,AD-M-LE_01,G-AD-M-LE,Gaica,Gaica distancia,2019-10-05,19,2019,10,5,278,12,18:05:00,00:00:00,1,5,3,Early,3,1,"Yuri Rosero-Mora, Diego Cardenas",NA,Despejado,NA,14.110893032384691,8.1
G-AD-M-LE_01,AD-M-LE_01,G-AD-M-LE,Gaica,Gaica distancia,2019-10-06,19,2019,10,6,279,13,08:40:00,00:08:00,1,5,4,Early,4,1,"Yuri Rosero-Mora, Diego Cardenas",NA,Despejado,NA,14.110893032384691,8.1
G-AD-M-LE_01,AD-M-LE_01,G-AD-M-LE,Gaica,Gaica distancia,2019-10-06,19,2019,10,6,279,13,15:13:00,00:05:00,1,5,5,Early,5,1,"Yuri Rosero-Mora, Diego Cardenas",NA,Despejado,NA,14.110893032384691,8.1
G-AD-M-LE_02,AD-M-LE_02,G-AD-M-LE,Gaica,Gaica distancia,2019-10-04,19,2019,10,4,277,11,15:47:00,00:00:00,1,5,1,Early,1,1,"Yuri Rosero-Mora, Diego Cardenas",NA,Despejado,NA,16.46937775600196,14.9
G-AD-M-LE_02,AD-M-LE_02,G-AD-M-LE,Gaica,Gaica distancia,2019-10-05,19,2019,10,5,278,12,06:10:00,00:00:00,1,5,2,Early,2,1,"Yuri Rosero-Mora, Diego Cardenas",NA,Despejado,NA,16.46937775600196,14.9
G-AD-M-LE_02,AD-M-LE_02,G-AD-M-LE,Gaica,Gaica distancia,2019-10-05,19,2019,10,5,278,12,17:50:00,00:10:00,1,5,3,Early,3,1,"Yuri Rosero-Mora, Diego Cardenas",NA,Despejado,NA,16.46937775600196,14.9
G-AD-M-LE_02,AD-M-LE_02,G-AD-M-LE,Gaica,Gaica distancia,2019-10-06,19,2019,10,6,279,13,07:15:30,00:10:00,1,5,5,Early,4,0,NA,NA,NA,NA,16.46937775600196,14.9
G-AD-M-LE_02,AD-M-LE_02,G-AD-M-LE,Gaica,Gaica distancia,2019-10-06,19,2019,10,6,279,13,15:36:00,00:00:00,1,5,4,Early,5,1,"Yuri Rosero-Mora, Diego Cardenas",NA,Despejado,NA,16.46937775600196,14.9
G-AD-M-LE_03,AD-M-LE_03,G-AD-M-LE,Gaica,Gaica distancia,2019-10-04,19,2019,10,4,277,11,16:05:00,00:00:00,1,5,1,Early,1,1,"Yuri Rosero-Mora, Diego Cardenas",NA,Despejado,NA,18.107511045655375,12.6
G-AD-M-LE_03,AD-M-LE_03,G-AD-M-LE,Gaica,Gaica distancia,2019-10-05,19,2019,10,5,278,12,06:27:00,00:07:00,1,5,2,Early,2,1,"Yuri Rosero-Mora, Diego Cardenas",NA,Despejado,NA,18.107511045655375,12.6
G-AD-M-LE_03,AD-M-LE_03,G-AD-M-LE,Gaica,Gaica distancia,2019-10-05,19,2019,10,5,278,12,17:35:00,00:08:00,1,5,3,Early,3,1,"Yuri Rosero-Mora, Diego Cardenas",NA,Despejado,NA,18.107511045655375,12.6
G-AD-M-LE_03,AD-M-LE_03,G-AD-M-LE,Gaica,Gaica distancia,2019-10-06,19,2019,10,6,279,13,08:11:00,00:09:00,1,5,4,Early,4,1,"Yuri Rosero-Mora, Diego Cardenas",NA,Despejado,NA,18.107511045655375,12.6
G-AD-M-LE_03,AD-M-LE_03,G-AD-M-LE,Gaica,Gaica distancia,2019-10-06,19,2019,10,6,279,13,16:47:00,00:10:00,1,5,5,Early,5,0,NA,NA,NA,NA,18.107511045655375,12.6
G-AD-M-LE_04,AD-M-LE_04,G-AD-M-LE,Gaica,Gaica distancia,2019-10-04,19,2019,10,4,277,11,16:23:00,00:10:00,1,5,1,Early,1,1,"Yuri Rosero-Mora, Diego Cardenas",NA,Despejado,NA,20.0166912125675,16.3
G-AD-M-LE_04,AD-M-LE_04,G-AD-M-LE,Gaica,Gaica distancia,2019-10-05,19,2019,10,5,278,12,06:45:00,00:10:00,1,5,2,Early,2,1,"Yuri Rosero-Mora, Diego Cardenas",NA,Despejado,NA,20.0166912125675,16.3
G-AD-M-LE_04,AD-M-LE_04,G-AD-M-LE,Gaica,Gaica distancia,2019-10-05,19,2019,10,5,278,12,17:20:00,00:10:00,1,5,3,Early,3,1,"Yuri Rosero-Mora, Diego Cardenas",NA,Despejado,NA,20.0166912125675,16.3
G-AD-M-LE_04,AD-M-LE_04,G-AD-M-LE,Gaica,Gaica distancia,2019-10-06,19,2019,10,6,279,13,07:55:00,00:10:00,1,5,4,Early,4,1,"Yuri Rosero-Mora, Diego Cardenas",NA,Despejado,NA,20.0166912125675,16.3
G-AD-M-LE_04,AD-M-LE_04,G-AD-M-LE,Gaica,Gaica distancia,2019-10-06,19,2019,10,6,279,13,16:18:00,00:00:00,1,5,5,Early,5,1,"Yuri Rosero-Mora, Diego Cardenas",NA,Despejado,NA,20.0166912125675,16.3
G-AD-M-LE_05,AD-M-LE_05,G-AD-M-LE,Gaica,Gaica distancia,2019-10-04,19,2019,10,4,277,11,16:47:00,00:10:00,1,5,1,Early,1,1,"Yuri Rosero-Mora, Diego Cardenas",NA,Despejado,NA,20.43179587831207,0
G-AD-M-LE_05,AD-M-LE_05,G-AD-M-LE,Gaica,Gaica distancia,2019-10-05,19,2019,10,5,278,12,07:05:00,00:05:00,1,5,2,Early,2,1,"Yuri Rosero-Mora, Diego Cardenas",NA,Despejado,NA,20.43179587831207,0
G-AD-M-LE_05,AD-M-LE_05,G-AD-M-LE,Gaica,Gaica distancia,2019-10-05,19,2019,10,5,278,12,17:02:00,00:10:00,1,5,3,Early,3,1,"Yuri Rosero-Mora, Diego Cardenas",NA,Despejado,NA,20.43179587831207,0
G-AD-M-LE_05,AD-M-LE_05,G-AD-M-LE,Gaica,Gaica distancia,2019-10-06,19,2019,10,6,279,13,07:40:00,00:05:00,1,5,4,Early,4,1,"Yuri Rosero-Mora, Diego Cardenas",NA,Despejado,NA,20.43179587831207,0
G-AD-M-LE_05,AD-M-LE_05,G-AD-M-LE,Gaica,Gaica distancia,2019-10-06,19,2019,10,6,279,13,16:30:00,00:00:00,1,5,5,Early,5,1,"Yuri Rosero-Mora, Diego Cardenas",NA,Despejado,NA,20.43179587831207,0
G-AD-M-LE_06,AD-M-LE_06,G-AD-M-LE,Gaica,Gaica distancia,2019-10-04,19,2019,10,4,277,11,17:06:00,00:07:00,1,5,1,Early,1,1,"Yuri Rosero-Mora, Diego Cardenas",NA,Despejado,NA,19.81063204311612,0
G-AD-M-LE_06,AD-M-LE_06,G-AD-M-LE,Gaica,Gaica distancia,2019-10-05,19,2019,10,5,278,12,07:19:00,00:10:00,1,5,2,Early,2,1,"Yuri Rosero-Mora, Diego Cardenas",NA,Despejado,NA,19.81063204311612,0
G-AD-M-LE_06,AD-M-LE_06,G-AD-M-LE,Gaica,Gaica distancia,2019-10-05,19,2019,10,5,278,12,16:49:00,00:10:00,1,5,3,Early,3,1,"Yuri Rosero-Mora, Diego Cardenas",NA,Despejado,NA,19.81063204311612,0
G-AD-M-LE_06,AD-M-LE_06,G-AD-M-LE,Gaica,Gaica distancia,2019-10-06,19,2019,10,6,279,13,07:22:00,00:08:00,1,5,4,Early,4,1,"Yuri Rosero-Mora, Diego Cardenas",NA,Despejado,NA,19.81063204311612,0
G-AD-M-LE_06,AD-M-LE_06,G-AD-M-LE,Gaica,Gaica distancia,2019-10-06,19,2019,10,6,279,13,16:44:00,00:09:00,1,5,5,Early,5,1,"Yuri Rosero-Mora, Diego Cardenas",NA,Despejado,NA,19.81063204311612,0
G-AD-M-LE_07,AD-M-LE_07,G-AD-M-LE,Gaica,Gaica distancia,2019-10-04,19,2019,10,4,277,11,17:25:00,00:10:00,1,5,1,Early,1,1,"Yuri Rosero-Mora, Diego Cardenas",NA,Despejado,NA,18.930671239588438,0
G-AD-M-LE_07,AD-M-LE_07,G-AD-M-LE,Gaica,Gaica distancia,2019-10-05,19,2019,10,5,278,12,07:36:00,00:10:00,1,5,2,Early,2,1,"Yuri Rosero-Mora, Diego Cardenas",NA,Despejado,NA,18.930671239588438,0
G-AD-M-LE_07,AD-M-LE_07,G-AD-M-LE,Gaica,Gaica distancia,2019-10-05,19,2019,10,5,278,12,16:40:00,00:05:00,1,5,3,Early,3,1,"Yuri Rosero-Mora, Diego Cardenas",NA,Despejado,NA,18.930671239588438,0
G-AD-M-LE_07,AD-M-LE_07,G-AD-M-LE,Gaica,Gaica distancia,2019-10-06,19,2019,10,6,279,13,07:08:00,00:10:00,1,5,4,Early,4,1,"Yuri Rosero-Mora, Diego Cardenas",NA,Despejado,NA,18.930671239588438,0
G-AD-M-LE_07,AD-M-LE_07,G-AD-M-LE,Gaica,Gaica distancia,2019-10-06,19,2019,10,6,279,13,16:58:00,00:02:00,1,5,5,Early,5,1,"Yuri Rosero-Mora, Diego Cardenas",NA,Despejado,NA,18.930671239588438,0
G-AD-M-LE_08,AD-M-LE_08,G-AD-M-LE,Gaica,Gaica distancia,2019-10-04,19,2019,10,4,277,11,17:40:00,00:05:00,1,5,1,Early,1,1,"Yuri Rosero-Mora, Diego Cardenas",NA,Despejado,NA,16.88052011776251,9.2
G-AD-M-LE_08,AD-M-LE_08,G-AD-M-LE,Gaica,Gaica distancia,2019-10-05,19,2019,10,5,278,12,07:52:00,00:10:00,1,5,2,Early,2,1,"Yuri Rosero-Mora, Diego Cardenas",NA,Despejado,NA,16.88052011776251,9.2
G-AD-M-LE_08,AD-M-LE_08,G-AD-M-LE,Gaica,Gaica distancia,2019-10-05,19,2019,10,5,278,12,16:15:00,00:10:00,1,5,3,Early,3,1,"Yuri Rosero-Mora, Diego Cardenas",NA,Despejado,NA,16.88052011776251,9.2
G-AD-M-LE_08,AD-M-LE_08,G-AD-M-LE,Gaica,Gaica distancia,2019-10-06,19,2019,10,6,279,13,06:50:00,00:10:00,1,5,4,Early,4,1,"Yuri Rosero-Mora, Diego Cardenas",NA,Despejado,NA,16.88052011776251,9.2
G-AD-M-LE_08,AD-M-LE_08,G-AD-M-LE,Gaica,Gaica distancia,2019-10-06,19,2019,10,6,279,13,17:15:00,00:00:00,1,5,5,Early,5,1,"Yuri Rosero-Mora, Diego Cardenas",NA,Despejado,NA,16.88052011776251,9.2
G-AD-M-LE_09,AD-M-LE_09,G-AD-M-LE,Gaica,Gaica distancia,2019-10-04,19,2019,10,4,277,11,17:55:00,00:10:00,1,5,1,Early,1,1,"Yuri Rosero-Mora, Diego Cardenas",NA,Despejado,NA,13.80039234919078,13.2
G-AD-M-LE_09,AD-M-LE_09,G-AD-M-LE,Gaica,Gaica distancia,2019-10-05,19,2019,10,5,278,12,08:15:00,00:08:00,1,5,2,Early,2,1,"Yuri Rosero-Mora, Diego Cardenas",NA,Despejado,NA,13.80039234919078,13.2
G-AD-M-LE_09,AD-M-LE_09,G-AD-M-LE,Gaica,Gaica distancia,2019-10-05,19,2019,10,5,278,12,15:58:00,00:10:00,1,5,3,Early,3,1,"Yuri Rosero-Mora, Diego Cardenas",NA,Despejado,NA,13.80039234919078,13.2
G-AD-M-LE_09,AD-M-LE_09,G-AD-M-LE,Gaica,Gaica distancia,2019-10-06,19,2019,10,6,279,13,06:32:00,00:10:00,1,5,4,Early,4,1,"Yuri Rosero-Mora, Diego Cardenas",NA,Despejado,NA,13.80039234919078,13.2
G-AD-M-LE_09,AD-M-LE_09,G-AD-M-LE,Gaica,Gaica distancia,2019-10-06,19,2019,10,6,279,13,17:29:00,00:08:00,1,5,5,Early,5,1,"Yuri Rosero-Mora, Diego Cardenas",NA,Despejado,NA,13.80039234919078,13.2
G-AD-M-LE_10,AD-M-LE_10,G-AD-M-LE,Gaica,Gaica distancia,2019-10-04,19,2019,10,4,277,11,18:15:00,00:00:00,1,5,1,Early,1,1,"Yuri Rosero-Mora, Diego Cardenas",NA,Despejado,NA,12.162984781541482,2.2
G-AD-M-LE_10,AD-M-LE_10,G-AD-M-LE,Gaica,Gaica distancia,2019-10-05,19,2019,10,5,278,12,08:37:00,00:10:00,1,5,2,Early,2,1,"Yuri Rosero-Mora, Diego Cardenas",NA,Despejado,NA,12.162984781541482,2.2
G-AD-M-LE_10,AD-M-LE_10,G-AD-M-LE,Gaica,Gaica distancia,2019-10-05,19,2019,10,5,278,12,15:36:00,00:09:00,1,5,3,Early,3,1,"Yuri Rosero-Mora, Diego Cardenas",NA,Despejado,NA,12.162984781541482,2.2
G-AD-M-LE_10,AD-M-LE_10,G-AD-M-LE,Gaica,Gaica distancia,2019-10-06,19,2019,10,6,279,13,06:18:00,00:10:00,1,5,4,Early,4,1,"Yuri Rosero-Mora, Diego Cardenas",NA,Despejado,NA,12.162984781541482,2.2
G-AD-M-LE_10,AD-M-LE_10,G-AD-M-LE,Gaica,Gaica distancia,2019-10-06,19,2019,10,6,279,13,17:42:00,00:10:00,1,5,5,Early,5,1,"Yuri Rosero-Mora, Diego Cardenas",NA,Despejado,NA,12.162984781541482,2.2
G-AD-M-LE_11,AD-M-LE_11,G-AD-M-LE,Gaica,Gaica distancia,2019-10-04,19,2019,10,4,277,11,18:25:00,00:00:00,1,5,1,Early,1,1,"Yuri Rosero-Mora, Diego Cardenas",NA,Despejado,NA,12.531595770838456,0
G-AD-M-LE_11,AD-M-LE_11,G-AD-M-LE,Gaica,Gaica distancia,2019-10-05,19,2019,10,5,278,12,09:02:00,00:10:00,1,5,2,Early,2,1,"Yuri Rosero-Mora, Diego Cardenas",NA,Despejado,NA,12.531595770838456,0
G-AD-M-LE_11,AD-M-LE_11,G-AD-M-LE,Gaica,Gaica distancia,2019-10-05,19,2019,10,5,278,12,15:21:00,00:10:00,1,5,3,Early,3,1,"Yuri Rosero-Mora, Diego Cardenas",NA,Despejado,NA,12.531595770838456,0
G-AD-M-LE_11,AD-M-LE_11,G-AD-M-LE,Gaica,Gaica distancia,2019-10-06,19,2019,10,6,279,13,05:59:00,00:09:00,1,5,4,Early,4,1,"Yuri Rosero-Mora, Diego Cardenas",NA,Despejado,NA,12.531595770838456,0
G-AD-M-LE_11,AD-M-LE_11,G-AD-M-LE,Gaica,Gaica distancia,2019-10-06,19,2019,10,6,279,13,18:05:00,00:02:00,1,5,5,Early,5,1,"Yuri Rosero-Mora, Diego Cardenas",NA,Despejado,NA,12.531595770838456,0
G-AD-M-LPA_01,AD-M-LPA_01,G-AD-M-LPA,Gaica,Gaica distancia,2019-10-01,19,2019,10,1,274,8,06:30:00,00:10:00,1,5,1,Early,1,1,"Robert Rodriguez, Daniela Parra",NA,Despejado,NA,12.943939021391689,2
G-AD-M-LPA_01,AD-M-LPA_01,G-AD-M-LPA,Gaica,Gaica distancia,2019-10-01,19,2019,10,1,274,8,15:14:00,00:01:00,1,5,2,Early,2,1,"Robert Rodriguez, Daniela Parra",NA,Despejado,NA,12.943939021391689,2
G-AD-M-LPA_01,AD-M-LPA_01,G-AD-M-LPA,Gaica,Gaica distancia,2019-10-02,19,2019,10,2,275,9,09:14:00,00:05:00,1,5,3,Early,3,1,"Robert Rodriguez, Daniela Parra",NA,Despejado,NA,12.943939021391689,2
G-AD-M-LPA_01,AD-M-LPA_01,G-AD-M-LPA,Gaica,Gaica distancia,2019-10-02,19,2019,10,2,275,9,17:49:00,00:02:00,1,5,4,Early,4,1,"Robert Rodriguez, Daniela Parra",NA,Despejado,NA,12.943939021391689,2
G-AD-M-LPA_01,AD-M-LPA_01,G-AD-M-LPA,Gaica,Gaica distancia,2019-10-03,19,2019,10,3,276,10,12:20:00,00:00:00,1,5,5,Early,5,1,"Robert Rodriguez, Daniela Parra",NA,Nublado,NA,12.943939021391689,2
G-AD-M-LPA_02,AD-M-LPA_02,G-AD-M-LPA,Gaica,Gaica distancia,2019-10-01,19,2019,10,1,274,8,06:44:00,00:08:00,1,5,1,Early,1,1,"Robert Rodriguez, Daniela Parra",NA,Despejado,NA,12.399509202453988,0
G-AD-M-LPA_02,AD-M-LPA_02,G-AD-M-LPA,Gaica,Gaica distancia,2019-10-01,19,2019,10,1,274,8,15:25:00,00:06:00,1,5,2,Early,2,1,"Robert Rodriguez, Daniela Parra",NA,Despejado,NA,12.399509202453988,0
G-AD-M-LPA_02,AD-M-LPA_02,G-AD-M-LPA,Gaica,Gaica distancia,2019-10-02,19,2019,10,2,275,9,08:46:00,00:08:00,1,5,3,Early,3,1,"Robert Rodriguez, Daniela Parra",NA,Despejado,NA,12.399509202453988,0
G-AD-M-LPA_02,AD-M-LPA_02,G-AD-M-LPA,Gaica,Gaica distancia,2019-10-02,19,2019,10,2,275,9,17:30:00,00:03:00,1,5,4,Early,4,1,"Robert Rodriguez, Daniela Parra",NA,Despejado,NA,12.399509202453988,0
G-AD-M-LPA_02,AD-M-LPA_02,G-AD-M-LPA,Gaica,Gaica distancia,2019-10-03,19,2019,10,3,276,10,12:04:00,00:04:00,1,5,5,Early,5,1,"Robert Rodriguez, Daniela Parra",NA,Llovizna,NA,12.399509202453988,0
G-AD-M-LPA_03,AD-M-LPA_03,G-AD-M-LPA,Gaica,Gaica distancia,2019-10-01,19,2019,10,1,274,8,06:58:00,00:07:00,1,5,1,Early,1,1,"Robert Rodriguez, Daniela Parra",NA,Despejado,NA,11.351497299950909,2
G-AD-M-LPA_03,AD-M-LPA_03,G-AD-M-LPA,Gaica,Gaica distancia,2019-10-01,19,2019,10,1,274,8,15:37:00,00:08:00,1,5,2,Early,2,1,"Robert Rodriguez, Daniela Parra",NA,Despejado,NA,11.351497299950909,2
G-AD-M-LPA_03,AD-M-LPA_03,G-AD-M-LPA,Gaica,Gaica distancia,2019-10-02,19,2019,10,2,275,9,08:28:00,00:10:00,1,5,3,Early,3,1,"Robert Rodriguez, Daniela Parra",NA,Despejado,NA,11.351497299950909,2
G-AD-M-LPA_03,AD-M-LPA_03,G-AD-M-LPA,Gaica,Gaica distancia,2019-10-02,19,2019,10,2,275,9,17:13:00,00:06:00,1,5,4,Early,4,1,"Robert Rodriguez, Daniela Parra",NA,Despejado,NA,11.351497299950909,2
G-AD-M-LPA_03,AD-M-LPA_03,G-AD-M-LPA,Gaica,Gaica distancia,2019-10-03,19,2019,10,3,276,10,11:52:00,00:07:00,1,5,5,Early,5,1,"Robert Rodriguez, Daniela Parra",NA,Nublado,NA,11.351497299950909,2
G-AD-M-LPA_04,AD-M-LPA_04,G-AD-M-LPA,Gaica,Gaica distancia,2019-10-01,19,2019,10,1,274,8,07:14:00,00:09:00,1,5,1,Early,1,1,"Robert Rodriguez, Daniela Parra",NA,Despejado,NA,9.918342324668956,0
G-AD-M-LPA_04,AD-M-LPA_04,G-AD-M-LPA,Gaica,Gaica distancia,2019-10-01,19,2019,10,1,274,8,15:53:00,00:04:00,1,5,2,Early,2,1,"Robert Rodriguez, Daniela Parra",NA,Despejado,NA,9.918342324668956,0
G-AD-M-LPA_04,AD-M-LPA_04,G-AD-M-LPA,Gaica,Gaica distancia,2019-10-02,19,2019,10,2,275,9,08:14:00,00:05:00,1,5,3,Early,3,1,"Robert Rodriguez, Daniela Parra",NA,Despejado,NA,9.918342324668956,0
G-AD-M-LPA_04,AD-M-LPA_04,G-AD-M-LPA,Gaica,Gaica distancia,2019-10-02,19,2019,10,2,275,9,17:00:00,00:05:00,1,5,4,Early,4,1,"Robert Rodriguez, Daniela Parra",NA,Despejado,NA,9.918342324668956,0
G-AD-M-LPA_04,AD-M-LPA_04,G-AD-M-LPA,Gaica,Gaica distancia,2019-10-03,19,2019,10,3,276,10,11:37:00,00:03:00,1,5,5,Early,5,1,"Robert Rodriguez, Daniela Parra",NA,Nublado,NA,9.918342324668956,0
G-AD-M-LPA_05,AD-M-LPA_05,G-AD-M-LPA,Gaica,Gaica distancia,2019-10-01,19,2019,10,1,274,8,07:30:00,00:07:00,1,5,1,Early,1,1,"Robert Rodriguez, Daniela Parra",NA,Despejado,NA,9.896323529411765,8.7
G-AD-M-LPA_05,AD-M-LPA_05,G-AD-M-LPA,Gaica,Gaica distancia,2019-10-01,19,2019,10,1,274,8,16:05:00,00:09:00,1,5,2,Early,2,1,"Robert Rodriguez, Daniela Parra",NA,Despejado,NA,9.896323529411765,8.7
G-AD-M-LPA_05,AD-M-LPA_05,G-AD-M-LPA,Gaica,Gaica distancia,2019-10-02,19,2019,10,2,275,9,07:58:00,00:05:00,1,5,3,Early,3,1,"Robert Rodriguez, Daniela Parra",NA,Despejado,NA,9.896323529411765,8.7
G-AD-M-LPA_05,AD-M-LPA_05,G-AD-M-LPA,Gaica,Gaica distancia,2019-10-02,19,2019,10,2,275,9,16:42:00,00:10:00,1,5,4,Early,4,1,"Robert Rodriguez, Daniela Parra",NA,Despejado,NA,9.896323529411765,8.7
G-AD-M-LPA_05,AD-M-LPA_05,G-AD-M-LPA,Gaica,Gaica distancia,2019-10-03,19,2019,10,3,276,10,11:24:00,00:05:00,1,5,5,Early,5,1,"Robert Rodriguez, Daniela Parra",NA,Nublado,NA,9.896323529411765,8.7
G-AD-M-LPA_06,AD-M-LPA_06,G-AD-M-LPA,Gaica,Gaica distancia,2019-10-01,19,2019,10,1,274,8,07:48:00,00:10:00,1,5,1,Early,1,1,"Robert Rodriguez, Daniela Parra",NA,Despejado,NA,8.695705521472393,0
G-AD-M-LPA_06,AD-M-LPA_06,G-AD-M-LPA,Gaica,Gaica distancia,2019-10-01,19,2019,10,1,274,8,16:20:36,00:10:00,1,5,2,Early,2,0,NA,NA,NA,NA,8.695705521472393,0
G-AD-M-LPA_06,AD-M-LPA_06,G-AD-M-LPA,Gaica,Gaica distancia,2019-10-02,19,2019,10,2,275,9,07:40:00,00:10:00,1,5,3,Early,3,1,"Robert Rodriguez, Daniela Parra",NA,Despejado,NA,8.695705521472393,0
G-AD-M-LPA_06,AD-M-LPA_06,G-AD-M-LPA,Gaica,Gaica distancia,2019-10-02,19,2019,10,2,275,9,16:29:00,00:04:00,1,5,4,Early,4,1,"Robert Rodriguez, Daniela Parra",NA,Despejado,NA,8.695705521472393,0
G-AD-M-LPA_06,AD-M-LPA_06,G-AD-M-LPA,Gaica,Gaica distancia,2019-10-03,19,2019,10,3,276,10,11:17:00,00:00:00,1,5,5,Early,5,1,"Robert Rodriguez, Daniela Parra",NA,Nublado,NA,8.695705521472393,0
G-AD-M-LPA_07,AD-M-LPA_07,G-AD-M-LPA,Gaica,Gaica distancia,2019-10-01,19,2019,10,1,274,8,08:03:00,00:08:00,1,5,1,Early,1,1,"Robert Rodriguez, Daniela Parra",NA,Despejado,NA,8.082370297516597,0
G-AD-M-LPA_07,AD-M-LPA_07,G-AD-M-LPA,Gaica,Gaica distancia,2019-10-01,19,2019,10,1,274,8,16:35:00,00:07:00,1,5,2,Early,2,1,"Robert Rodriguez, Daniela Parra",NA,Despejado,NA,8.082370297516597,0
G-AD-M-LPA_07,AD-M-LPA_07,G-AD-M-LPA,Gaica,Gaica distancia,2019-10-02,19,2019,10,2,275,9,07:26:00,00:07:00,1,5,3,Early,3,1,"Robert Rodriguez, Daniela Parra",NA,Despejado,NA,8.082370297516597,0
G-AD-M-LPA_07,AD-M-LPA_07,G-AD-M-LPA,Gaica,Gaica distancia,2019-10-02,19,2019,10,2,275,9,16:16:00,00:01:00,1,5,4,Early,4,1,"Robert Rodriguez, Daniela Parra",NA,Despejado,NA,8.082370297516597,0
G-AD-M-LPA_07,AD-M-LPA_07,G-AD-M-LPA,Gaica,Gaica distancia,2019-10-03,19,2019,10,3,276,10,10:56:00,00:05:00,1,5,5,Early,5,1,"Robert Rodriguez, Daniela Parra",NA,Nublado,NA,8.082370297516597,0
G-AD-M-LPA_08,AD-M-LPA_08,G-AD-M-LPA,Gaica,Gaica distancia,2019-10-01,19,2019,10,1,274,8,08:16:00,00:07:00,1,5,1,Early,1,1,"Robert Rodriguez, Daniela Parra",NA,Despejado,NA,8.474497302599314,7.7
G-AD-M-LPA_08,AD-M-LPA_08,G-AD-M-LPA,Gaica,Gaica distancia,2019-10-01,19,2019,10,1,274,8,16:47:00,00:08:00,1,5,2,Early,2,1,"Robert Rodriguez, Daniela Parra",NA,Despejado,NA,8.474497302599314,7.7
G-AD-M-LPA_08,AD-M-LPA_08,G-AD-M-LPA,Gaica,Gaica distancia,2019-10-02,19,2019,10,2,275,9,07:06:00,00:09:00,1,5,3,Early,3,1,"Robert Rodriguez, Daniela Parra",NA,Despejado,NA,8.474497302599314,7.7
G-AD-M-LPA_08,AD-M-LPA_08,G-AD-M-LPA,Gaica,Gaica distancia,2019-10-02,19,2019,10,2,275,9,16:00:00,00:08:00,1,5,4,Early,4,1,"Robert Rodriguez, Daniela Parra",NA,Despejado,NA,8.474497302599314,7.7
G-AD-M-LPA_08,AD-M-LPA_08,G-AD-M-LPA,Gaica,Gaica distancia,2019-10-03,19,2019,10,3,276,10,10:38:00,00:10:00,1,5,5,Early,5,1,"Robert Rodriguez, Daniela Parra",NA,Nublado,NA,8.474497302599314,7.7
G-AD-M-LPA_09,AD-M-LPA_09,G-AD-M-LPA,Gaica,Gaica distancia,2019-10-01,19,2019,10,1,274,8,08:34:00,00:00:00,1,5,1,Early,1,1,"Robert Rodriguez, Daniela Parra",NA,Despejado,NA,9.356372549019609,0
G-AD-M-LPA_09,AD-M-LPA_09,G-AD-M-LPA,Gaica,Gaica distancia,2019-10-01,19,2019,10,1,274,8,17:02:00,00:10:00,1,5,2,Early,2,1,"Robert Rodriguez, Daniela Parra",NA,Despejado,NA,9.356372549019609,0
G-AD-M-LPA_09,AD-M-LPA_09,G-AD-M-LPA,Gaica,Gaica distancia,2019-10-02,19,2019,10,2,275,9,06:52:00,00:10:00,1,5,3,Early,3,1,"Robert Rodriguez, Daniela Parra",NA,Despejado,NA,9.356372549019609,0
G-AD-M-LPA_09,AD-M-LPA_09,G-AD-M-LPA,Gaica,Gaica distancia,2019-10-02,19,2019,10,2,275,9,15:44:00,00:10:00,1,5,4,Early,4,1,"Robert Rodriguez, Daniela Parra",NA,Despejado,NA,9.356372549019609,0
G-AD-M-LPA_09,AD-M-LPA_09,G-AD-M-LPA,Gaica,Gaica distancia,2019-10-03,19,2019,10,3,276,10,10:24:00,00:04:00,1,5,5,Early,5,1,"Robert Rodriguez, Daniela Parra",NA,Nublado,NA,9.356372549019609,0
G-AD-M-LPA_10,AD-M-LPA_10,G-AD-M-LPA,Gaica,Gaica distancia,2019-10-01,19,2019,10,1,274,8,08:44:00,00:10:00,1,5,1,Early,1,1,"Robert Rodriguez, Daniela Parra",NA,Despejado,NA,10.213058419243984,0
G-AD-M-LPA_10,AD-M-LPA_10,G-AD-M-LPA,Gaica,Gaica distancia,2019-10-01,19,2019,10,1,274,8,17:17:00,00:07:00,1,5,2,Early,2,1,"Robert Rodriguez, Daniela Parra",NA,Despejado,NA,10.213058419243984,0
G-AD-M-LPA_10,AD-M-LPA_10,G-AD-M-LPA,Gaica,Gaica distancia,2019-10-02,19,2019,10,2,275,9,06:39:00,00:09:00,1,5,3,Early,3,1,"Robert Rodriguez, Daniela Parra",NA,Despejado,NA,10.213058419243984,0
G-AD-M-LPA_10,AD-M-LPA_10,G-AD-M-LPA,Gaica,Gaica distancia,2019-10-02,19,2019,10,2,275,9,15:31:00,00:07:00,1,5,4,Early,4,1,"Robert Rodriguez, Daniela Parra",NA,Despejado,NA,10.213058419243984,0
G-AD-M-LPA_10,AD-M-LPA_10,G-AD-M-LPA,Gaica,Gaica distancia,2019-10-03,19,2019,10,3,276,10,10:10:00,00:10:00,1,5,5,Early,5,1,"Robert Rodriguez, Daniela Parra",NA,Nublado,NA,10.213058419243984,0
G-AD-M-LPA_11,AD-M-LPA_11,G-AD-M-LPA,Gaica,Gaica distancia,2019-10-01,19,2019,10,1,274,8,09:04:00,00:08:00,1,5,1,Early,1,1,"Robert Rodriguez, Daniela Parra",NA,Despejado,NA,12.216846758349703,0
G-AD-M-LPA_11,AD-M-LPA_11,G-AD-M-LPA,Gaica,Gaica distancia,2019-10-01,19,2019,10,1,274,8,17:31:00,00:08:00,1,5,2,Early,2,1,"Robert Rodriguez, Daniela Parra",NA,Despejado,NA,12.216846758349703,0
G-AD-M-LPA_11,AD-M-LPA_11,G-AD-M-LPA,Gaica,Gaica distancia,2019-10-02,19,2019,10,2,275,9,06:25:00,00:10:00,1,5,3,Early,3,1,"Robert Rodriguez, Daniela Parra",NA,Despejado,NA,12.216846758349703,0
G-AD-M-LPA_11,AD-M-LPA_11,G-AD-M-LPA,Gaica,Gaica distancia,2019-10-02,19,2019,10,2,275,9,15:19:00,00:08:00,1,5,4,Early,4,1,"Robert Rodriguez, Daniela Parra",NA,Despejado,NA,12.216846758349703,0
G-AD-M-LPA_11,AD-M-LPA_11,G-AD-M-LPA,Gaica,Gaica distancia,2019-10-03,19,2019,10,3,276,10,09:55:00,00:09:00,1,5,5,Early,5,1,"Robert Rodriguez, Daniela Parra",NA,Nublado,NA,12.216846758349703,0
G-AD-M-LP_01,AD-M-LP_01,G-AD-M-LP,Gaica,Gaica distancia,2019-09-27,19,2019,9,27,270,4,15:00:00,00:10:00,1,5,1,Early,1,1,"Robert Rodriguez, Daniela Parra",NA,Nublado,NA,28.353475804470644,7.7
G-AD-M-LP_01,AD-M-LP_01,G-AD-M-LP,Gaica,Gaica distancia,2019-09-28,19,2019,9,28,271,5,06:00:00,00:10:00,1,5,2,Early,2,1,"Robert Rodriguez, Daniela Parra",NA,Nublado,NA,28.353475804470644,7.7
G-AD-M-LP_01,AD-M-LP_01,G-AD-M-LP,Gaica,Gaica distancia,2019-09-28,19,2019,9,28,271,5,14:41:00,00:09:00,1,5,3,Early,3,1,"Robert Rodriguez, Daniela Parra",NA,Despejado,NA,28.353475804470644,7.7
G-AD-M-LP_01,AD-M-LP_01,G-AD-M-LP,Gaica,Gaica distancia,2019-09-29,19,2019,9,29,272,6,10:40:00,00:10:00,1,5,4,Early,4,1,"Robert Rodriguez, Daniela Parra",NA,Despejado,NA,28.353475804470644,7.7
G-AD-M-LP_01,AD-M-LP_01,G-AD-M-LP,Gaica,Gaica distancia,2019-09-29,19,2019,9,29,272,6,17:43:00,00:08:00,1,5,5,Early,5,1,"Robert Rodriguez, Daniela Parra",NA,Despejado,NA,28.353475804470644,7.7
G-AD-M-LP_02,AD-M-LP_02,G-AD-M-LP,Gaica,Gaica distancia,2019-09-27,19,2019,9,27,270,4,15:17:00,00:08:00,1,5,1,Early,1,1,"Robert Rodriguez, Daniela Parra",NA,Nublado,NA,27.807314678448694,3.4
G-AD-M-LP_02,AD-M-LP_02,G-AD-M-LP,Gaica,Gaica distancia,2019-09-28,19,2019,9,28,271,5,06:19:00,00:09:00,1,5,2,Early,2,1,"Robert Rodriguez, Daniela Parra",NA,Nublado,NA,27.807314678448694,3.4
G-AD-M-LP_02,AD-M-LP_02,G-AD-M-LP,Gaica,Gaica distancia,2019-09-28,19,2019,9,28,271,5,15:00:00,00:08:00,1,5,3,Early,3,1,"Robert Rodriguez, Daniela Parra",NA,Despejado,NA,27.807314678448694,3.4
G-AD-M-LP_02,AD-M-LP_02,G-AD-M-LP,Gaica,Gaica distancia,2019-09-29,19,2019,9,29,272,6,10:36:00,00:01:00,1,5,4,Early,4,1,"Robert Rodriguez, Daniela Parra",NA,Despejado,NA,27.807314678448694,3.4
G-AD-M-LP_02,AD-M-LP_02,G-AD-M-LP,Gaica,Gaica distancia,2019-09-30,19,2019,9,30,273,7,08:49:00,00:08:00,1,5,5,Early,5,1,"Robert Rodriguez, Daniela Parra",NA,Despejado,NA,27.807314678448694,3.4
G-AD-M-LP_03,AD-M-LP_03,G-AD-M-LP,Gaica,Gaica distancia,2019-09-27,19,2019,9,27,270,4,15:34:00,00:09:00,1,5,1,Early,1,1,"Robert Rodriguez, Daniela Parra",NA,Nublado,NA,27.2665355298746,13.5
G-AD-M-LP_03,AD-M-LP_03,G-AD-M-LP,Gaica,Gaica distancia,2019-09-28,19,2019,9,28,271,5,06:40:00,00:08:00,1,5,2,Early,2,1,"Robert Rodriguez, Daniela Parra",NA,Nublado,NA,27.2665355298746,13.5
G-AD-M-LP_03,AD-M-LP_03,G-AD-M-LP,Gaica,Gaica distancia,2019-09-28,19,2019,9,28,271,5,15:16:00,00:00:00,1,5,3,Early,3,1,"Robert Rodriguez, Daniela Parra",NA,Despejado,NA,27.2665355298746,13.5
G-AD-M-LP_03,AD-M-LP_03,G-AD-M-LP,Gaica,Gaica distancia,2019-09-29,19,2019,9,29,272,6,10:11:00,00:10:00,1,5,4,Early,4,1,"Robert Rodriguez, Daniela Parra",NA,Despejado,NA,27.2665355298746,13.5
G-AD-M-LP_03,AD-M-LP_03,G-AD-M-LP,Gaica,Gaica distancia,2019-09-29,19,2019,9,29,272,6,17:27:00,00:00:00,1,5,5,Early,5,1,"Robert Rodriguez, Daniela Parra",NA,Despejado,NA,27.2665355298746,13.5
G-AD-M-LP_04,AD-M-LP_04,G-AD-M-LP,Gaica,Gaica distancia,2019-09-27,19,2019,9,27,270,4,15:48:00,00:10:00,1,5,1,Early,1,1,"Robert Rodriguez, Daniela Parra",NA,Nublado,NA,26.734939759036145,0
G-AD-M-LP_04,AD-M-LP_04,G-AD-M-LP,Gaica,Gaica distancia,2019-09-28,19,2019,9,28,271,5,06:54:00,00:08:00,1,5,2,Early,2,1,"Robert Rodriguez, Daniela Parra",NA,Nublado,NA,26.734939759036145,0
G-AD-M-LP_04,AD-M-LP_04,G-AD-M-LP,Gaica,Gaica distancia,2019-09-28,19,2019,9,28,271,5,15:31:00,00:04:00,1,5,3,Early,3,1,"Robert Rodriguez, Daniela Parra",NA,Despejado,NA,26.734939759036145,0
G-AD-M-LP_04,AD-M-LP_04,G-AD-M-LP,Gaica,Gaica distancia,2019-09-29,19,2019,9,29,272,6,10:00:00,00:01:00,1,5,4,Early,4,1,"Robert Rodriguez, Daniela Parra",NA,Despejado,NA,26.734939759036145,0
G-AD-M-LP_04,AD-M-LP_04,G-AD-M-LP,Gaica,Gaica distancia,2019-09-29,19,2019,9,29,272,6,16:54:00,00:09:00,1,5,5,Early,5,1,"Robert Rodriguez, Daniela Parra",NA,Despejado,NA,26.734939759036145,0
G-AD-M-LP_05,AD-M-LP_05,G-AD-M-LP,Gaica,Gaica distancia,2019-09-27,19,2019,9,27,270,4,16:03:00,00:07:00,1,5,1,Early,1,1,"Robert Rodriguez, Daniela Parra",NA,Nublado,NA,26.468366846493375,0
G-AD-M-LP_05,AD-M-LP_05,G-AD-M-LP,Gaica,Gaica distancia,2019-09-28,19,2019,9,28,271,5,07:09:00,00:10:00,1,5,2,Early,2,1,"Robert Rodriguez, Daniela Parra",NA,Nublado,NA,26.468366846493375,0
G-AD-M-LP_05,AD-M-LP_05,G-AD-M-LP,Gaica,Gaica distancia,2019-09-28,19,2019,9,28,271,5,15:45:00,00:10:00,1,5,3,Early,3,1,"Robert Rodriguez, Daniela Parra",NA,Despejado,NA,26.468366846493375,0
G-AD-M-LP_05,AD-M-LP_05,G-AD-M-LP,Gaica,Gaica distancia,2019-09-29,19,2019,9,29,272,6,09:43:00,00:10:00,1,5,4,Early,4,1,"Robert Rodriguez, Daniela Parra",NA,Despejado,NA,26.468366846493375,0
G-AD-M-LP_05,AD-M-LP_05,G-AD-M-LP,Gaica,Gaica distancia,2019-09-29,19,2019,9,29,272,6,16:40:00,00:09:00,1,5,5,Early,5,1,"Robert Rodriguez, Daniela Parra",NA,Despejado,NA,26.468366846493375,0
G-AD-M-LP_06,AD-M-LP_06,G-AD-M-LP,Gaica,Gaica distancia,2019-09-27,19,2019,9,27,270,4,16:24:00,00:08:00,1,5,1,Early,1,1,"Robert Rodriguez, Daniela Parra",NA,Nublado,NA,25.68172888015717,8
G-AD-M-LP_06,AD-M-LP_06,G-AD-M-LP,Gaica,Gaica distancia,2019-09-28,19,2019,9,28,271,5,07:28:00,00:10:00,1,5,2,Early,2,1,"Robert Rodriguez, Daniela Parra",NA,Despejado,NA,25.68172888015717,8
G-AD-M-LP_06,AD-M-LP_06,G-AD-M-LP,Gaica,Gaica distancia,2019-09-28,19,2019,9,28,271,5,16:07:00,00:00:00,1,5,3,Early,3,1,"Robert Rodriguez, Daniela Parra",NA,Despejado,NA,25.68172888015717,8
G-AD-M-LP_06,AD-M-LP_06,G-AD-M-LP,Gaica,Gaica distancia,2019-09-29,19,2019,9,29,272,6,09:25:00,00:04:00,1,5,4,Early,4,1,"Robert Rodriguez, Daniela Parra",NA,Despejado,NA,25.68172888015717,8
G-AD-M-LP_06,AD-M-LP_06,G-AD-M-LP,Gaica,Gaica distancia,2019-09-29,19,2019,9,29,272,6,16:25:00,00:05:00,1,5,5,Early,5,1,"Robert Rodriguez, Daniela Parra",NA,Llovizna,NA,25.68172888015717,8
G-AD-M-LP_07,AD-M-LP_07,G-AD-M-LP,Gaica,Gaica distancia,2019-09-27,19,2019,9,27,270,4,16:39:00,00:09:00,1,5,1,Early,1,1,"Robert Rodriguez, Daniela Parra",NA,Nublado,NA,24.41114383897889,0
G-AD-M-LP_07,AD-M-LP_07,G-AD-M-LP,Gaica,Gaica distancia,2019-09-28,19,2019,9,28,271,5,08:00:00,00:03:00,1,5,2,Early,2,1,"Robert Rodriguez, Daniela Parra",NA,Nublado,NA,24.41114383897889,0
G-AD-M-LP_07,AD-M-LP_07,G-AD-M-LP,Gaica,Gaica distancia,2019-09-28,19,2019,9,28,271,5,16:23:00,00:03:00,1,5,3,Early,3,1,"Robert Rodriguez, Daniela Parra",NA,Despejado,NA,24.41114383897889,0
G-AD-M-LP_07,AD-M-LP_07,G-AD-M-LP,Gaica,Gaica distancia,2019-09-29,19,2019,9,29,272,6,09:12:00,00:03:00,1,5,4,Early,4,1,"Robert Rodriguez, Daniela Parra",NA,Nublado,NA,24.41114383897889,0
G-AD-M-LP_07,AD-M-LP_07,G-AD-M-LP,Gaica,Gaica distancia,2019-09-29,19,2019,9,29,272,6,16:10:00,00:10:00,1,5,5,Early,5,1,"Robert Rodriguez, Daniela Parra",NA,Lluvia,NA,24.41114383897889,0
G-AD-M-LP_08,AD-M-LP_08,G-AD-M-LP,Gaica,Gaica distancia,2019-09-27,19,2019,9,27,270,4,16:55:00,00:10:00,1,5,1,Early,1,1,"Robert Rodriguez, Daniela Parra",NA,Nublado,NA,21.980137322216773,0
G-AD-M-LP_08,AD-M-LP_08,G-AD-M-LP,Gaica,Gaica distancia,2019-09-28,19,2019,9,28,271,5,08:13:00,00:07:00,1,5,2,Early,2,1,"Robert Rodriguez, Daniela Parra",NA,Nublado,NA,21.980137322216773,0
G-AD-M-LP_08,AD-M-LP_08,G-AD-M-LP,Gaica,Gaica distancia,2019-09-28,19,2019,9,28,271,5,16:36:00,00:09:00,1,5,3,Early,3,1,"Robert Rodriguez, Daniela Parra",NA,Despejado,NA,21.980137322216773,0
G-AD-M-LP_08,AD-M-LP_08,G-AD-M-LP,Gaica,Gaica distancia,2019-09-29,19,2019,9,29,272,6,08:56:00,00:08:00,1,5,4,Early,4,1,"Robert Rodriguez, Daniela Parra",NA,Llovizna,NA,21.980137322216773,0
G-AD-M-LP_08,AD-M-LP_08,G-AD-M-LP,Gaica,Gaica distancia,2019-09-29,19,2019,9,29,272,6,15:58:00,00:03:00,1,5,5,Early,5,1,"Robert Rodriguez, Daniela Parra",NA,Despejado,NA,21.980137322216773,0
G-AD-M-LP_09,AD-M-LP_09,G-AD-M-LP,Gaica,Gaica distancia,2019-09-27,19,2019,9,27,270,4,17:13:00,00:07:00,1,5,1,Early,1,1,"Robert Rodriguez, Daniela Parra",NA,Nublado,NA,22.279086892488955,0
G-AD-M-LP_09,AD-M-LP_09,G-AD-M-LP,Gaica,Gaica distancia,2019-09-28,19,2019,9,28,271,5,08:36:00,00:00:00,1,5,2,Early,2,1,"Robert Rodriguez, Daniela Parra",NA,Nublado,NA,22.279086892488955,0
G-AD-M-LP_09,AD-M-LP_09,G-AD-M-LP,Gaica,Gaica distancia,2019-09-28,19,2019,9,28,271,5,17:02:00,00:00:00,1,5,3,Early,3,1,"Robert Rodriguez, Daniela Parra",NA,Despejado,NA,22.279086892488955,0
G-AD-M-LP_09,AD-M-LP_09,G-AD-M-LP,Gaica,Gaica distancia,2019-09-29,19,2019,9,29,272,6,08:36:00,00:02:00,1,5,4,Early,4,1,"Robert Rodriguez, Daniela Parra",NA,Nublado,NA,22.279086892488955,0
G-AD-M-LP_09,AD-M-LP_09,G-AD-M-LP,Gaica,Gaica distancia,2019-09-29,19,2019,9,29,272,6,15:53:00,00:00:00,1,5,5,Early,5,1,"Robert Rodriguez, Daniela Parra",NA,Despejado,NA,22.279086892488955,0
G-AD-M-LP_10,AD-M-LP_10,G-AD-M-LP,Gaica,Gaica distancia,2019-09-27,19,2019,9,27,270,4,17:28:00,00:00:00,1,5,1,Early,1,1,"Robert Rodriguez, Daniela Parra",NA,Nublado,NA,23.52867647058823,14.1
G-AD-M-LP_10,AD-M-LP_10,G-AD-M-LP,Gaica,Gaica distancia,2019-09-28,19,2019,9,28,271,5,08:43:00,00:05:00,1,5,2,Early,2,1,"Robert Rodriguez, Daniela Parra",NA,Despejado,NA,23.52867647058823,14.1
G-AD-M-LP_10,AD-M-LP_10,G-AD-M-LP,Gaica,Gaica distancia,2019-09-28,19,2019,9,28,271,5,15:49:00,00:10:00,1,5,3,Early,3,0,NA,NA,NA,NA,23.52867647058823,14.1
G-AD-M-LP_10,AD-M-LP_10,G-AD-M-LP,Gaica,Gaica distancia,2019-09-29,19,2019,9,29,272,6,08:20:00,00:10:00,1,5,4,Early,4,1,"Robert Rodriguez, Daniela Parra",NA,Nublado,NA,23.52867647058823,14.1
G-AD-M-LP_10,AD-M-LP_10,G-AD-M-LP,Gaica,Gaica distancia,2019-09-29,19,2019,9,29,272,6,15:30:00,00:00:00,1,5,5,Early,5,1,"Robert Rodriguez, Daniela Parra",NA,Despejado,NA,23.52867647058823,14.1
G-AD-M-LP_11,AD-M-LP_11,G-AD-M-LP,Gaica,Gaica distancia,2019-09-27,19,2019,9,27,270,4,17:44:00,00:03:00,1,5,1,Early,1,1,"Robert Rodriguez, Daniela Parra",NA,Nublado,NA,25.47359371161877,14.4
G-AD-M-LP_11,AD-M-LP_11,G-AD-M-LP,Gaica,Gaica distancia,2019-09-28,19,2019,9,28,271,5,09:00:00,00:10:00,1,5,2,Early,2,1,"Robert Rodriguez, Daniela Parra",NA,Despejado,NA,25.47359371161877,14.4
G-AD-M-LP_11,AD-M-LP_11,G-AD-M-LP,Gaica,Gaica distancia,2019-09-28,19,2019,9,28,271,5,15:49:00,00:10:00,1,5,3,Early,3,0,NA,NA,NA,NA,25.47359371161877,14.4
G-AD-M-LP_11,AD-M-LP_11,G-AD-M-LP,Gaica,Gaica distancia,2019-09-29,19,2019,9,29,272,6,08:05:00,00:05:00,1,5,4,Early,4,1,"Robert Rodriguez, Daniela Parra",NA,Llovizna,NA,25.47359371161877,14.4
G-AD-M-LP_11,AD-M-LP_11,G-AD-M-LP,Gaica,Gaica distancia,2019-09-29,19,2019,9,29,272,6,15:20:00,00:00:00,1,5,5,Early,5,1,"Robert Rodriguez, Daniela Parra",NA,Despejado,NA,25.47359371161877,14.4
G-AD-M-SM_01,AD-M-SM_01,G-AD-M-SM,Gaica,Gaica distancia,2019-10-04,19,2019,10,4,277,11,17:43:00,00:07:00,1,5,1,Early,1,1,"Robert Rodriguez, Daniela Parra",NA,Despejado,NA,9.244117647058824,9.4
G-AD-M-SM_01,AD-M-SM_01,G-AD-M-SM,Gaica,Gaica distancia,2019-10-05,19,2019,10,5,278,12,06:14:00,00:08:00,1,5,2,Early,2,1,"Robert Rodriguez, Daniela Parra",NA,Despejado,NA,9.244117647058824,9.4
G-AD-M-SM_01,AD-M-SM_01,G-AD-M-SM,Gaica,Gaica distancia,2019-10-05,19,2019,10,5,278,12,15:12:00,00:10:00,1,5,3,Early,3,1,"Robert Rodriguez, Daniela Parra",NA,Despejado,NA,9.244117647058824,9.4
G-AD-M-SM_01,AD-M-SM_01,G-AD-M-SM,Gaica,Gaica distancia,2019-10-06,19,2019,10,6,279,13,08:00:00,00:09:00,1,5,4,Early,4,1,"Robert Rodriguez, Daniela Parra",NA,Despejado,NA,9.244117647058824,9.4
G-AD-M-SM_01,AD-M-SM_01,G-AD-M-SM,Gaica,Gaica distancia,2019-10-06,19,2019,10,6,279,13,17:40:00,00:07:00,1,5,5,Early,5,1,"Robert Rodriguez, Daniela Parra",NA,Despejado,NA,9.244117647058824,9.4
G-AD-M-SM_02,AD-M-SM_02,G-AD-M-SM,Gaica,Gaica distancia,2019-10-04,19,2019,10,4,277,11,17:29:00,00:10:00,1,5,1,Early,1,1,"Robert Rodriguez, Daniela Parra",NA,Despejado,NA,9.251533742331288,8.3
G-AD-M-SM_02,AD-M-SM_02,G-AD-M-SM,Gaica,Gaica distancia,2019-10-05,19,2019,10,5,278,12,06:29:00,00:10:00,1,5,2,Early,2,1,"Robert Rodriguez, Daniela Parra",NA,Despejado,NA,9.251533742331288,8.3
G-AD-M-SM_02,AD-M-SM_02,G-AD-M-SM,Gaica,Gaica distancia,2019-10-05,19,2019,10,5,278,12,15:28:00,00:09:00,1,5,3,Early,3,1,"Robert Rodriguez, Daniela Parra",NA,Despejado,NA,9.251533742331288,8.3
G-AD-M-SM_02,AD-M-SM_02,G-AD-M-SM,Gaica,Gaica distancia,2019-10-06,19,2019,10,6,279,13,07:46:00,00:06:00,1,5,4,Early,4,1,"Robert Rodriguez, Daniela Parra",NA,Despejado,NA,9.251533742331288,8.3
G-AD-M-SM_02,AD-M-SM_02,G-AD-M-SM,Gaica,Gaica distancia,2019-10-06,19,2019,10,6,279,13,17:26:00,00:04:00,1,5,5,Early,5,1,"Robert Rodriguez, Daniela Parra",NA,Despejado,NA,9.251533742331288,8.3
G-AD-M-SM_03,AD-M-SM_03,G-AD-M-SM,Gaica,Gaica distancia,2019-10-04,19,2019,10,4,277,11,17:14:00,00:10:00,1,5,1,Early,1,1,"Robert Rodriguez, Daniela Parra",NA,Despejado,NA,8.029195289499508,0
G-AD-M-SM_03,AD-M-SM_03,G-AD-M-SM,Gaica,Gaica distancia,2019-10-05,19,2019,10,5,278,12,06:48:00,00:10:00,1,5,2,Early,2,1,"Robert Rodriguez, Daniela Parra",NA,Despejado,NA,8.029195289499508,0
G-AD-M-SM_03,AD-M-SM_03,G-AD-M-SM,Gaica,Gaica distancia,2019-10-05,19,2019,10,5,278,12,15:50:00,00:10:00,1,5,3,Early,3,1,"Robert Rodriguez, Daniela Parra",NA,Despejado,NA,8.029195289499508,0
G-AD-M-SM_03,AD-M-SM_03,G-AD-M-SM,Gaica,Gaica distancia,2019-10-06,19,2019,10,6,279,13,07:33:00,00:07:00,1,5,4,Early,4,1,"Robert Rodriguez, Daniela Parra",NA,Despejado,NA,8.029195289499508,0
G-AD-M-SM_03,AD-M-SM_03,G-AD-M-SM,Gaica,Gaica distancia,2019-10-06,19,2019,10,6,279,13,17:11:00,00:09:00,1,5,5,Early,5,1,"Robert Rodriguez, Daniela Parra",NA,Despejado,NA,8.029195289499508,0
G-AD-M-SM_04,AD-M-SM_04,G-AD-M-SM,Gaica,Gaica distancia,2019-10-04,19,2019,10,4,277,11,17:01:00,00:00:00,1,5,1,Early,1,1,"Robert Rodriguez, Daniela Parra",NA,Despejado,NA,7.7265816576753314,0
G-AD-M-SM_04,AD-M-SM_04,G-AD-M-SM,Gaica,Gaica distancia,2019-10-05,19,2019,10,5,278,12,07:01:00,00:05:00,1,5,2,Early,2,1,"Robert Rodriguez, Daniela Parra",NA,Despejado,NA,7.7265816576753314,0
G-AD-M-SM_04,AD-M-SM_04,G-AD-M-SM,Gaica,Gaica distancia,2019-10-05,19,2019,10,5,278,12,16:12:00,00:01:00,1,5,3,Early,3,1,"Robert Rodriguez, Daniela Parra",NA,Despejado,NA,7.7265816576753314,0
G-AD-M-SM_04,AD-M-SM_04,G-AD-M-SM,Gaica,Gaica distancia,2019-10-06,19,2019,10,6,279,13,07:17:00,00:01:00,1,5,4,Early,4,1,"Robert Rodriguez, Daniela Parra",NA,Despejado,NA,7.7265816576753314,0
G-AD-M-SM_04,AD-M-SM_04,G-AD-M-SM,Gaica,Gaica distancia,2019-10-06,19,2019,10,6,279,13,16:53:00,00:10:00,1,5,5,Early,5,1,"Robert Rodriguez, Daniela Parra",NA,Despejado,NA,7.7265816576753314,0
G-AD-M-SM_05,AD-M-SM_05,G-AD-M-SM,Gaica,Gaica distancia,2019-10-04,19,2019,10,4,277,11,16:45:00,00:06:00,1,5,1,Early,1,1,"Robert Rodriguez, Daniela Parra",NA,Despejado,NA,7.492643452672879,2
G-AD-M-SM_05,AD-M-SM_05,G-AD-M-SM,Gaica,Gaica distancia,2019-10-05,19,2019,10,5,278,12,07:19:00,00:06:00,1,5,2,Early,2,1,"Robert Rodriguez, Daniela Parra",NA,Despejado,NA,7.492643452672879,2
G-AD-M-SM_05,AD-M-SM_05,G-AD-M-SM,Gaica,Gaica distancia,2019-10-05,19,2019,10,5,278,12,16:27:00,00:03:00,1,5,3,Early,3,1,"Robert Rodriguez, Daniela Parra",NA,Despejado,NA,7.492643452672879,2
G-AD-M-SM_05,AD-M-SM_05,G-AD-M-SM,Gaica,Gaica distancia,2019-10-06,19,2019,10,6,279,13,07:04:00,00:10:00,1,5,4,Early,4,1,"Robert Rodriguez, Daniela Parra",NA,Despejado,NA,7.492643452672879,2
G-AD-M-SM_05,AD-M-SM_05,G-AD-M-SM,Gaica,Gaica distancia,2019-10-06,19,2019,10,6,279,13,16:39:00,00:00:00,1,5,5,Early,5,1,"Robert Rodriguez, Daniela Parra",NA,Despejado,NA,7.492643452672879,2
G-AD-M-SM_06,AD-M-SM_06,G-AD-M-SM,Gaica,Gaica distancia,2019-10-04,19,2019,10,4,277,11,16:25:00,00:07:00,1,5,1,Early,1,1,"Robert Rodriguez, Daniela Parra",NA,Despejado,NA,8.054585689697566,0
G-AD-M-SM_06,AD-M-SM_06,G-AD-M-SM,Gaica,Gaica distancia,2019-10-05,19,2019,10,5,278,12,07:31:00,00:07:00,1,5,2,Early,2,1,"Robert Rodriguez, Daniela Parra",NA,Despejado,NA,8.054585689697566,0
G-AD-M-SM_06,AD-M-SM_06,G-AD-M-SM,Gaica,Gaica distancia,2019-10-05,19,2019,10,5,278,12,16:35:00,00:05:00,1,5,3,Early,3,1,"Robert Rodriguez, Daniela Parra",NA,Despejado,NA,8.054585689697566,0
G-AD-M-SM_06,AD-M-SM_06,G-AD-M-SM,Gaica,Gaica distancia,2019-10-06,19,2019,10,6,279,13,06:48:00,00:07:00,1,5,4,Early,4,1,"Robert Rodriguez, Daniela Parra",NA,Despejado,NA,8.054585689697566,0
G-AD-M-SM_06,AD-M-SM_06,G-AD-M-SM,Gaica,Gaica distancia,2019-10-06,19,2019,10,6,279,13,16:26:00,00:03:00,1,5,5,Early,5,1,"Robert Rodriguez, Daniela Parra",NA,Despejado,NA,8.054585689697566,0
G-AD-M-SM_07,AD-M-SM_07,G-AD-M-SM,Gaica,Gaica distancia,2019-10-04,19,2019,10,4,277,11,16:15:00,00:00:00,1,5,1,Early,1,1,"Robert Rodriguez, Daniela Parra",NA,Despejado,NA,8.79264705882353,12.7
G-AD-M-SM_07,AD-M-SM_07,G-AD-M-SM,Gaica,Gaica distancia,2019-10-05,19,2019,10,5,278,12,07:43:00,00:06:00,1,5,2,Early,2,1,"Robert Rodriguez, Daniela Parra",NA,Despejado,NA,8.79264705882353,12.7
G-AD-M-SM_07,AD-M-SM_07,G-AD-M-SM,Gaica,Gaica distancia,2019-10-05,19,2019,10,5,278,12,16:49:00,00:03:00,1,5,3,Early,3,1,"Robert Rodriguez, Daniela Parra",NA,Despejado,NA,8.79264705882353,12.7
G-AD-M-SM_07,AD-M-SM_07,G-AD-M-SM,Gaica,Gaica distancia,2019-10-06,19,2019,10,6,279,13,06:33:00,00:05:00,1,5,4,Early,4,1,"Robert Rodriguez, Daniela Parra",NA,Despejado,NA,8.79264705882353,12.7
G-AD-M-SM_07,AD-M-SM_07,G-AD-M-SM,Gaica,Gaica distancia,2019-10-06,19,2019,10,6,279,13,16:18:00,00:01:00,1,5,5,Early,5,1,"Robert Rodriguez, Daniela Parra",NA,Despejado,NA,8.79264705882353,12.7
G-AD-M-SM_08,AD-M-SM_08,G-AD-M-SM,Gaica,Gaica distancia,2019-10-04,19,2019,10,4,277,11,15:58:00,00:08:00,1,5,1,Early,1,1,"Robert Rodriguez, Daniela Parra",NA,Despejado,NA,9.031472830095892,10
G-AD-M-SM_08,AD-M-SM_08,G-AD-M-SM,Gaica,Gaica distancia,2019-10-05,19,2019,10,5,278,12,07:59:00,00:00:00,1,5,2,Early,2,1,"Robert Rodriguez, Daniela Parra",NA,Despejado,NA,9.031472830095892,10
G-AD-M-SM_08,AD-M-SM_08,G-AD-M-SM,Gaica,Gaica distancia,2019-10-05,19,2019,10,5,278,12,17:13:00,00:00:00,1,5,3,Early,3,1,"Robert Rodriguez, Daniela Parra",NA,Despejado,NA,9.031472830095892,10
G-AD-M-SM_08,AD-M-SM_08,G-AD-M-SM,Gaica,Gaica distancia,2019-10-06,19,2019,10,6,279,13,06:20:00,00:08:00,1,5,4,Early,4,1,"Robert Rodriguez, Daniela Parra",NA,Despejado,NA,9.031472830095892,10
G-AD-M-SM_08,AD-M-SM_08,G-AD-M-SM,Gaica,Gaica distancia,2019-10-06,19,2019,10,6,279,13,16:06:00,00:02:00,1,5,5,Early,5,1,"Robert Rodriguez, Daniela Parra",NA,Despejado,NA,9.031472830095892,10
G-AD-M-SM_09,AD-M-SM_09,G-AD-M-SM,Gaica,Gaica distancia,2019-10-04,19,2019,10,4,277,11,16:34:18,00:10:00,1,5,1,Early,1,0,NA,NA,NA,NA,9.368278909894428,10.4
G-AD-M-SM_09,AD-M-SM_09,G-AD-M-SM,Gaica,Gaica distancia,2019-10-05,19,2019,10,5,278,12,07:25:24,00:10:00,1,5,3,Early,2,0,NA,NA,NA,NA,9.368278909894428,10.4
G-AD-M-SM_09,AD-M-SM_09,G-AD-M-SM,Gaica,Gaica distancia,2019-10-05,19,2019,10,5,278,12,17:19:00,00:03:00,1,5,2,Early,3,1,"Robert Rodriguez, Daniela Parra",NA,Despejado,NA,9.368278909894428,10.4
G-AD-M-SM_09,AD-M-SM_09,G-AD-M-SM,Gaica,Gaica distancia,2019-10-06,19,2019,10,6,279,13,06:06:00,00:00:00,1,5,4,Early,4,1,"Robert Rodriguez, Daniela Parra",NA,Despejado,NA,9.368278909894428,10.4
G-AD-M-SM_09,AD-M-SM_09,G-AD-M-SM,Gaica,Gaica distancia,2019-10-06,19,2019,10,6,279,13,15:54:00,00:00:00,1,5,5,Early,5,1,"Robert Rodriguez, Daniela Parra",NA,Despejado,NA,9.368278909894428,10.4
G-AD-M-SM_10,AD-M-SM_10,G-AD-M-SM,Gaica,Gaica distancia,2019-10-04,19,2019,10,4,277,11,15:38:00,00:00:00,1,5,1,Early,1,1,"Robert Rodriguez, Daniela Parra",NA,Despejado,NA,9.56038291605302,9.4
G-AD-M-SM_10,AD-M-SM_10,G-AD-M-SM,Gaica,Gaica distancia,2019-10-05,19,2019,10,5,278,12,08:32:00,00:00:00,1,5,2,Early,2,1,"Robert Rodriguez, Daniela Parra",NA,Despejado,NA,9.56038291605302,9.4
G-AD-M-SM_10,AD-M-SM_10,G-AD-M-SM,Gaica,Gaica distancia,2019-10-05,19,2019,10,5,278,12,17:30:00,00:05:00,1,5,3,Early,3,1,"Robert Rodriguez, Daniela Parra",NA,Despejado,NA,9.56038291605302,9.4
G-AD-M-SM_10,AD-M-SM_10,G-AD-M-SM,Gaica,Gaica distancia,2019-10-06,19,2019,10,6,279,13,05:54:00,00:06:00,1,5,4,Early,4,1,"Robert Rodriguez, Daniela Parra",NA,Despejado,NA,9.56038291605302,9.4
G-AD-M-SM_10,AD-M-SM_10,G-AD-M-SM,Gaica,Gaica distancia,2019-10-06,19,2019,10,6,279,13,16:35:30,00:10:00,1,5,5,Early,5,0,NA,NA,NA,NA,9.56038291605302,9.4
G-AD-M-SM_11,AD-M-SM_11,G-AD-M-SM,Gaica,Gaica distancia,2019-10-04,19,2019,10,4,277,11,15:15:00,00:05:00,1,5,1,Early,1,1,"Robert Rodriguez, Daniela Parra",NA,Despejado,NA,9.553128834355828,9.5
G-AD-M-SM_11,AD-M-SM_11,G-AD-M-SM,Gaica,Gaica distancia,2019-10-05,19,2019,10,5,278,12,08:38:00,00:00:00,1,5,2,Early,2,1,"Robert Rodriguez, Daniela Parra",NA,Despejado,NA,9.553128834355828,9.5
G-AD-M-SM_11,AD-M-SM_11,G-AD-M-SM,Gaica,Gaica distancia,2019-10-05,19,2019,10,5,278,12,16:27:30,00:10:00,1,5,3,Early,3,0,NA,NA,NA,NA,9.553128834355828,9.5
G-AD-M-SM_11,AD-M-SM_11,G-AD-M-SM,Gaica,Gaica distancia,2019-10-06,19,2019,10,6,279,13,05:42:00,00:06:00,1,5,4,Early,4,1,"Robert Rodriguez, Daniela Parra",NA,Despejado,NA,9.553128834355828,9.5
G-AD-M-SM_11,AD-M-SM_11,G-AD-M-SM,Gaica,Gaica distancia,2019-10-06,19,2019,10,6,279,13,15:22:00,00:00:00,1,5,5,Early,5,1,"Robert Rodriguez, Daniela Parra",NA,Despejado,NA,9.553128834355828,9.5
G-MB-A-CL_01,MB-A-CL_01,G-MB-A-CL,Gaica,Gaica mbd,2013-06-28,13-14,2013,6,28,179,36,07:30:00,00:00:00,2,11,1,Early,1,1,"Ronald Fernandez-Gomez, Yuri Rosero-Mora",NA,NA,NA,49.520782986950216,10.2
G-MB-A-CL_01,MB-A-CL_01,G-MB-A-CL,Gaica,Gaica mbd,2013-06-29,13-14,2013,6,29,180,37,06:00:00,00:00:00,2,11,2,Early,2,1,"Ronald Fernandez-Gomez, Yuri Rosero-Mora",NA,NA,NA,49.520782986950216,10.2
G-MB-A-CL_01,MB-A-CL_01,G-MB-A-CL,Gaica,Gaica mbd,2013-06-30,13-14,2013,6,30,181,38,06:00:00,00:00:00,2,11,3,Early,3,1,"Ronald Fernandez-Gomez, Yuri Rosero-Mora",NA,NA,NA,49.520782986950216,10.2
G-MB-A-CL_01,MB-A-CL_01,G-MB-A-CL,Gaica,Gaica mbd,2013-07-01,13-14,2013,7,1,182,39,06:18:00,00:00:00,2,11,4,Early,4,1,"Ronald Fernandez-Gomez, Yuri Rosero-Mora",NA,NA,NA,49.520782986950216,10.2
G-MB-A-CL_01,MB-A-CL_01,G-MB-A-CL,Gaica,Gaica mbd,2013-10-18,13-14,2013,10,18,291,67,08:05:00,00:00:00,2,11,5,Late,1,1,"Ronald Fernandez-Gomez, Yuri Rosero-Mora",NA,NA,NA,49.520782986950216,10.2
G-MB-A-CL_01,MB-A-CL_01,G-MB-A-CL,Gaica,Gaica mbd,2013-10-19,13-14,2013,10,19,292,68,06:05:00,00:00:00,2,11,6,Late,2,1,"Ronald Fernandez-Gomez, Yuri Rosero-Mora",NA,NA,NA,49.520782986950216,10.2
G-MB-A-CL_01,MB-A-CL_01,G-MB-A-CL,Gaica,Gaica mbd,2013-10-20,13-14,2013,10,20,293,69,06:06:00,00:00:00,2,11,7,Late,3,1,"Ronald Fernandez-Gomez, Yuri Rosero-Mora",NA,NA,NA,49.520782986950216,10.2
G-MB-A-CL_01,MB-A-CL_01,G-MB-A-CL,Gaica,Gaica mbd,2013-10-21,13-14,2013,10,21,294,70,08:20:00,00:00:00,2,11,8,Late,4,1,"Ronald Fernandez-Gomez, Yuri Rosero-Mora",NA,NA,NA,49.520782986950216,10.2
G-MB-A-CL_01,MB-A-CL_01,G-MB-A-CL,Gaica,Gaica mbd,2016-11-10,16-17,2016,11,10,315,55,06:00:00,00:00:00,2,11,1,Early,1,1,"Yuri Rosero-Mora, Robert Rodriguez",NA,NA,NA,52.54857419043016,10.2
G-MB-A-CL_01,MB-A-CL_01,G-MB-A-CL,Gaica,Gaica mbd,2016-11-11,16-17,2016,11,11,316,56,06:00:00,00:00:00,2,11,2,Early,2,1,"Yuri Rosero-Mora, Robert Rodriguez",NA,NA,NA,52.54857419043016,10.2
G-MB-A-CL_01,MB-A-CL_01,G-MB-A-CL,Gaica,Gaica mbd,2016-11-12,16-17,2016,11,12,317,57,06:05:00,00:00:00,2,11,3,Early,3,1,"Yuri Rosero-Mora, Robert Rodriguez",NA,NA,NA,52.54857419043016,10.2
G-MB-A-CL_02,MB-A-CL_02,G-MB-A-CL,Gaica,Gaica mbd,2013-06-28,13-14,2013,6,28,179,36,07:53:00,00:00:00,2,11,1,Early,1,1,"Ronald Fernandez-Gomez, Yuri Rosero-Mora",NA,NA,NA,46.37218863361548,15.3
G-MB-A-CL_02,MB-A-CL_02,G-MB-A-CL,Gaica,Gaica mbd,2013-06-29,13-14,2013,6,29,180,37,06:20:00,00:00:00,2,11,2,Early,2,1,"Ronald Fernandez-Gomez, Yuri Rosero-Mora",NA,NA,NA,46.37218863361548,15.3
G-MB-A-CL_02,MB-A-CL_02,G-MB-A-CL,Gaica,Gaica mbd,2013-06-30,13-14,2013,6,30,181,38,06:31:00,00:00:00,2,11,3,Early,3,1,"Ronald Fernandez-Gomez, Yuri Rosero-Mora",NA,NA,NA,46.37218863361548,15.3
G-MB-A-CL_02,MB-A-CL_02,G-MB-A-CL,Gaica,Gaica mbd,2013-07-01,13-14,2013,7,1,182,39,08:30:00,00:00:00,2,11,4,Early,4,1,"Ronald Fernandez-Gomez, Yuri Rosero-Mora",NA,NA,NA,46.37218863361548,15.3
G-MB-A-CL_02,MB-A-CL_02,G-MB-A-CL,Gaica,Gaica mbd,2013-10-18,13-14,2013,10,18,291,67,08:30:00,00:00:00,2,11,5,Late,1,1,"Ronald Fernandez-Gomez, Yuri Rosero-Mora",NA,NA,NA,46.37218863361548,15.3
G-MB-A-CL_02,MB-A-CL_02,G-MB-A-CL,Gaica,Gaica mbd,2013-10-19,13-14,2013,10,19,292,68,06:30:00,00:00:00,2,11,6,Late,2,1,"Ronald Fernandez-Gomez, Yuri Rosero-Mora",NA,NA,NA,46.37218863361548,15.3
G-MB-A-CL_02,MB-A-CL_02,G-MB-A-CL,Gaica,Gaica mbd,2013-10-20,13-14,2013,10,20,293,69,06:30:00,00:00:00,2,11,7,Late,3,1,"Ronald Fernandez-Gomez, Yuri Rosero-Mora",NA,NA,NA,46.37218863361548,15.3
G-MB-A-CL_02,MB-A-CL_02,G-MB-A-CL,Gaica,Gaica mbd,2013-10-21,13-14,2013,10,21,294,70,06:18:00,00:00:00,2,11,8,Late,4,1,"Ronald Fernandez-Gomez, Yuri Rosero-Mora",NA,NA,NA,46.37218863361548,15.3
G-MB-A-CL_02,MB-A-CL_02,G-MB-A-CL,Gaica,Gaica mbd,2016-11-10,16-17,2016,11,10,315,55,06:25:00,00:00:00,2,11,1,Early,1,1,"Yuri Rosero-Mora, Robert Rodriguez",NA,NA,NA,49.06094316807739,15.3
G-MB-A-CL_02,MB-A-CL_02,G-MB-A-CL,Gaica,Gaica mbd,2016-11-11,16-17,2016,11,11,316,56,06:25:00,00:00:00,2,11,2,Early,2,0,"Yuri Rosero-Mora, Robert Rodriguez",NA,NA,NA,49.06094316807739,15.3
G-MB-A-CL_02,MB-A-CL_02,G-MB-A-CL,Gaica,Gaica mbd,2016-11-12,16-17,2016,11,12,317,57,06:20:00,00:00:00,2,11,3,Early,3,1,"Yuri Rosero-Mora, Robert Rodriguez",NA,NA,NA,49.06094316807739,15.3
G-MB-A-CL_03,MB-A-CL_03,G-MB-A-CL,Gaica,Gaica mbd,2013-06-28,13-14,2013,6,28,179,36,08:15:00,00:00:00,2,11,1,Early,1,1,"Ronald Fernandez-Gomez, Yuri Rosero-Mora",NA,NA,NA,44.01183289060614,11.7
G-MB-A-CL_03,MB-A-CL_03,G-MB-A-CL,Gaica,Gaica mbd,2013-06-29,13-14,2013,6,29,180,37,06:47:00,00:00:00,2,11,2,Early,2,1,"Ronald Fernandez-Gomez, Yuri Rosero-Mora",NA,NA,NA,44.01183289060614,11.7
G-MB-A-CL_03,MB-A-CL_03,G-MB-A-CL,Gaica,Gaica mbd,2013-06-30,13-14,2013,6,30,181,38,07:00:00,00:00:00,2,11,3,Early,3,1,"Ronald Fernandez-Gomez, Yuri Rosero-Mora",NA,NA,NA,44.01183289060614,11.7
G-MB-A-CL_03,MB-A-CL_03,G-MB-A-CL,Gaica,Gaica mbd,2013-07-01,13-14,2013,7,1,182,39,08:10:00,00:00:00,2,11,4,Early,4,1,"Ronald Fernandez-Gomez, Yuri Rosero-Mora",NA,NA,NA,44.01183289060614,11.7
G-MB-A-CL_03,MB-A-CL_03,G-MB-A-CL,Gaica,Gaica mbd,2013-10-18,13-14,2013,10,18,291,67,08:50:00,00:00:00,2,11,5,Late,1,1,"Ronald Fernandez-Gomez, Yuri Rosero-Mora",NA,NA,NA,44.01183289060614,11.7
G-MB-A-CL_03,MB-A-CL_03,G-MB-A-CL,Gaica,Gaica mbd,2013-10-19,13-14,2013,10,19,292,68,06:54:00,00:00:00,2,11,6,Late,2,1,"Ronald Fernandez-Gomez, Yuri Rosero-Mora",NA,NA,NA,44.01183289060614,11.7
G-MB-A-CL_03,MB-A-CL_03,G-MB-A-CL,Gaica,Gaica mbd,2013-10-20,13-14,2013,10,20,293,69,06:52:00,00:00:00,2,11,7,Late,3,1,"Ronald Fernandez-Gomez, Yuri Rosero-Mora",NA,NA,NA,44.01183289060614,11.7
G-MB-A-CL_03,MB-A-CL_03,G-MB-A-CL,Gaica,Gaica mbd,2013-10-21,13-14,2013,10,21,294,70,06:35:00,00:00:00,2,11,8,Late,4,1,"Ronald Fernandez-Gomez, Yuri Rosero-Mora",NA,NA,NA,44.01183289060614,11.7
G-MB-A-CL_03,MB-A-CL_03,G-MB-A-CL,Gaica,Gaica mbd,2016-11-10,16-17,2016,11,10,315,55,06:45:00,00:00:00,2,11,1,Early,1,1,"Yuri Rosero-Mora, Robert Rodriguez",NA,NA,NA,46.42984786283506,11.7
G-MB-A-CL_03,MB-A-CL_03,G-MB-A-CL,Gaica,Gaica mbd,2016-11-11,16-17,2016,11,11,316,56,06:45:00,00:00:00,2,11,2,Early,2,1,"Yuri Rosero-Mora, Robert Rodriguez",NA,NA,NA,46.42984786283506,11.7
G-MB-A-CL_03,MB-A-CL_03,G-MB-A-CL,Gaica,Gaica mbd,2016-11-12,16-17,2016,11,12,317,57,06:35:00,00:00:00,2,11,3,Early,3,1,"Yuri Rosero-Mora, Robert Rodriguez",NA,NA,NA,46.42984786283506,11.7
G-MB-A-CL_04,MB-A-CL_04,G-MB-A-CL,Gaica,Gaica mbd,2013-06-28,13-14,2013,6,28,179,36,08:53:00,00:00:00,2,11,1,Early,1,1,"Ronald Fernandez-Gomez, Yuri Rosero-Mora",NA,NA,NA,42.926292895118415,13.9
G-MB-A-CL_04,MB-A-CL_04,G-MB-A-CL,Gaica,Gaica mbd,2013-06-29,13-14,2013,6,29,180,37,09:45:00,00:00:00,2,11,2,Early,2,1,"Ronald Fernandez-Gomez, Yuri Rosero-Mora",NA,NA,NA,42.926292895118415,13.9
G-MB-A-CL_04,MB-A-CL_04,G-MB-A-CL,Gaica,Gaica mbd,2013-06-30,13-14,2013,6,30,181,38,07:25:00,00:00:00,2,11,3,Early,3,1,"Ronald Fernandez-Gomez, Yuri Rosero-Mora",NA,NA,NA,42.926292895118415,13.9
G-MB-A-CL_04,MB-A-CL_04,G-MB-A-CL,Gaica,Gaica mbd,2013-07-01,13-14,2013,7,1,182,39,07:40:00,00:00:00,2,11,4,Early,4,1,"Ronald Fernandez-Gomez, Yuri Rosero-Mora",NA,NA,NA,42.926292895118415,13.9
G-MB-A-CL_04,MB-A-CL_04,G-MB-A-CL,Gaica,Gaica mbd,2013-10-18,13-14,2013,10,18,291,67,09:20:00,00:00:00,2,11,5,Late,1,1,"Ronald Fernandez-Gomez, Yuri Rosero-Mora",NA,NA,NA,42.926292895118415,13.9
G-MB-A-CL_04,MB-A-CL_04,G-MB-A-CL,Gaica,Gaica mbd,2013-10-19,13-14,2013,10,19,292,68,07:25:00,00:00:00,2,11,6,Late,2,1,"Ronald Fernandez-Gomez, Yuri Rosero-Mora",NA,NA,NA,42.926292895118415,13.9
G-MB-A-CL_04,MB-A-CL_04,G-MB-A-CL,Gaica,Gaica mbd,2013-10-20,13-14,2013,10,20,293,69,07:25:00,00:00:00,2,11,7,Late,3,1,"Ronald Fernandez-Gomez, Yuri Rosero-Mora",NA,NA,NA,42.926292895118415,13.9
G-MB-A-CL_04,MB-A-CL_04,G-MB-A-CL,Gaica,Gaica mbd,2013-10-21,13-14,2013,10,21,294,70,07:00:00,00:00:00,2,11,8,Late,4,1,"Ronald Fernandez-Gomez, Yuri Rosero-Mora",NA,NA,NA,42.926292895118415,13.9
G-MB-A-CL_04,MB-A-CL_04,G-MB-A-CL,Gaica,Gaica mbd,2016-11-10,16-17,2016,11,10,315,55,07:00:00,00:00:00,2,11,1,Early,1,1,"Yuri Rosero-Mora, Robert Rodriguez",NA,NA,NA,45.60633156114065,13.9
G-MB-A-CL_04,MB-A-CL_04,G-MB-A-CL,Gaica,Gaica mbd,2016-11-11,16-17,2016,11,11,316,56,07:05:00,00:00:00,2,11,2,Early,2,1,"Yuri Rosero-Mora, Robert Rodriguez",NA,NA,NA,45.60633156114065,13.9
G-MB-A-CL_04,MB-A-CL_04,G-MB-A-CL,Gaica,Gaica mbd,2016-11-12,16-17,2016,11,12,317,57,06:55:00,00:00:00,2,11,3,Early,3,1,"Yuri Rosero-Mora, Robert Rodriguez",NA,NA,NA,45.60633156114065,13.9
G-MB-A-CL_05,MB-A-CL_05,G-MB-A-CL,Gaica,Gaica mbd,2013-06-28,13-14,2013,6,28,179,36,09:25:00,00:00:00,2,11,1,Early,1,1,"Ronald Fernandez-Gomez, Yuri Rosero-Mora",NA,NA,NA,45.00532043530834,12.6
G-MB-A-CL_05,MB-A-CL_05,G-MB-A-CL,Gaica,Gaica mbd,2013-06-29,13-14,2013,6,29,180,37,09:20:00,00:00:00,2,11,2,Early,2,1,"Ronald Fernandez-Gomez, Yuri Rosero-Mora",NA,NA,NA,45.00532043530834,12.6
G-MB-A-CL_05,MB-A-CL_05,G-MB-A-CL,Gaica,Gaica mbd,2013-06-30,13-14,2013,6,30,181,38,08:05:00,00:00:00,2,11,3,Early,3,1,"Ronald Fernandez-Gomez, Yuri Rosero-Mora",NA,NA,NA,45.00532043530834,12.6
G-MB-A-CL_05,MB-A-CL_05,G-MB-A-CL,Gaica,Gaica mbd,2013-07-01,13-14,2013,7,1,182,39,07:13:00,00:00:00,2,11,4,Early,4,1,"Ronald Fernandez-Gomez, Yuri Rosero-Mora",NA,NA,NA,45.00532043530834,12.6
G-MB-A-CL_05,MB-A-CL_05,G-MB-A-CL,Gaica,Gaica mbd,2013-10-18,13-14,2013,10,18,291,67,10:00:00,00:00:00,2,11,5,Late,1,1,"Ronald Fernandez-Gomez, Yuri Rosero-Mora",NA,NA,NA,45.00532043530834,12.6
G-MB-A-CL_05,MB-A-CL_05,G-MB-A-CL,Gaica,Gaica mbd,2013-10-19,13-14,2013,10,19,292,68,07:58:00,00:00:00,2,11,6,Late,2,1,"Ronald Fernandez-Gomez, Yuri Rosero-Mora",NA,NA,NA,45.00532043530834,12.6
G-MB-A-CL_05,MB-A-CL_05,G-MB-A-CL,Gaica,Gaica mbd,2013-10-20,13-14,2013,10,20,293,69,07:46:00,00:00:00,2,11,7,Late,3,1,"Ronald Fernandez-Gomez, Yuri Rosero-Mora",NA,NA,NA,45.00532043530834,12.6
G-MB-A-CL_05,MB-A-CL_05,G-MB-A-CL,Gaica,Gaica mbd,2013-10-21,13-14,2013,10,21,294,70,07:25:00,00:00:00,2,11,8,Late,4,1,"Ronald Fernandez-Gomez, Yuri Rosero-Mora",NA,NA,NA,45.00532043530834,12.6
G-MB-A-CL_05,MB-A-CL_05,G-MB-A-CL,Gaica,Gaica mbd,2016-11-10,16-17,2016,11,10,315,55,07:15:00,00:00:00,2,11,1,Early,1,1,"Yuri Rosero-Mora, Robert Rodriguez",NA,NA,NA,47.94147521160822,12.6
G-MB-A-CL_05,MB-A-CL_05,G-MB-A-CL,Gaica,Gaica mbd,2016-11-11,16-17,2016,11,11,316,56,07:30:00,00:00:00,2,11,2,Early,2,1,"Yuri Rosero-Mora, Robert Rodriguez",NA,NA,NA,47.94147521160822,12.6
G-MB-A-CL_05,MB-A-CL_05,G-MB-A-CL,Gaica,Gaica mbd,2016-11-12,16-17,2016,11,12,317,57,07:20:00,00:00:00,2,11,3,Early,3,1,"Yuri Rosero-Mora, Robert Rodriguez",NA,NA,NA,47.94147521160822,12.6
G-MB-A-CL_06,MB-A-CL_06,G-MB-A-CL,Gaica,Gaica mbd,2013-06-28,13-14,2013,6,28,179,36,10:10:00,00:00:00,2,11,1,Early,1,1,"Ronald Fernandez-Gomez, Yuri Rosero-Mora",NA,NA,NA,49.91352657004831,11.1
G-MB-A-CL_06,MB-A-CL_06,G-MB-A-CL,Gaica,Gaica mbd,2013-06-29,13-14,2013,6,29,180,37,08:45:00,00:00:00,2,11,2,Early,2,1,"Ronald Fernandez-Gomez, Yuri Rosero-Mora",NA,NA,NA,49.91352657004831,11.1
G-MB-A-CL_06,MB-A-CL_06,G-MB-A-CL,Gaica,Gaica mbd,2013-06-30,13-14,2013,6,30,181,38,09:00:00,00:00:00,2,11,3,Early,3,1,"Ronald Fernandez-Gomez, Yuri Rosero-Mora",NA,NA,NA,49.91352657004831,11.1
G-MB-A-CL_06,MB-A-CL_06,G-MB-A-CL,Gaica,Gaica mbd,2013-07-01,13-14,2013,7,1,182,39,06:47:00,00:00:00,2,11,4,Early,4,1,"Ronald Fernandez-Gomez, Yuri Rosero-Mora",NA,NA,NA,49.91352657004831,11.1
G-MB-A-CL_06,MB-A-CL_06,G-MB-A-CL,Gaica,Gaica mbd,2013-10-18,13-14,2013,10,18,291,67,10:25:00,00:00:00,2,11,5,Late,1,1,"Ronald Fernandez-Gomez, Yuri Rosero-Mora",NA,NA,NA,49.91352657004831,11.1
G-MB-A-CL_06,MB-A-CL_06,G-MB-A-CL,Gaica,Gaica mbd,2013-10-19,13-14,2013,10,19,292,68,08:27:00,00:00:00,2,11,6,Late,2,1,"Ronald Fernandez-Gomez, Yuri Rosero-Mora",NA,NA,NA,49.91352657004831,11.1
G-MB-A-CL_06,MB-A-CL_06,G-MB-A-CL,Gaica,Gaica mbd,2013-10-20,13-14,2013,10,20,293,69,08:15:00,00:00:00,2,11,7,Late,3,1,"Ronald Fernandez-Gomez, Yuri Rosero-Mora",NA,NA,NA,49.91352657004831,11.1
G-MB-A-CL_06,MB-A-CL_06,G-MB-A-CL,Gaica,Gaica mbd,2013-10-21,13-14,2013,10,21,294,70,07:50:00,00:00:00,2,11,8,Late,4,1,"Ronald Fernandez-Gomez, Yuri Rosero-Mora",NA,NA,NA,49.91352657004831,11.1
G-MB-A-CL_06,MB-A-CL_06,G-MB-A-CL,Gaica,Gaica mbd,2016-11-10,16-17,2016,11,10,315,55,07:35:00,00:00:00,2,11,1,Early,1,1,"Yuri Rosero-Mora, Robert Rodriguez",NA,NA,NA,53.55748792270531,11.1
G-MB-A-CL_06,MB-A-CL_06,G-MB-A-CL,Gaica,Gaica mbd,2016-11-11,16-17,2016,11,11,316,56,08:00:00,00:00:00,2,11,2,Early,2,1,"Yuri Rosero-Mora, Robert Rodriguez",NA,NA,NA,53.55748792270531,11.1
G-MB-A-CL_06,MB-A-CL_06,G-MB-A-CL,Gaica,Gaica mbd,2016-11-12,16-17,2016,11,12,317,57,07:55:00,00:00:00,2,11,3,Early,3,1,"Yuri Rosero-Mora, Robert Rodriguez",NA,NA,NA,53.55748792270531,11.1
G-MB-A-EG_01,MB-A-EG_01,G-MB-A-EG,Gaica,Gaica mbd,2013-07-07,13-14,2013,7,7,188,45,05:56:00,00:00:00,2,11,1,Early,1,1,"Ronald Fernandez-Gomez, Yuri Rosero-Mora",NA,NA,NA,46.44809270883631,10.6
G-MB-A-EG_01,MB-A-EG_01,G-MB-A-EG,Gaica,Gaica mbd,2013-07-08,13-14,2013,7,8,189,46,05:45:00,00:00:00,2,11,2,Early,2,1,"Ronald Fernandez-Gomez, Yuri Rosero-Mora",NA,NA,NA,46.44809270883631,10.6
G-MB-A-EG_01,MB-A-EG_01,G-MB-A-EG,Gaica,Gaica mbd,2013-07-09,13-14,2013,7,9,190,47,05:55:00,00:00:00,2,11,3,Early,3,1,"Ronald Fernandez-Gomez, Yuri Rosero-Mora",NA,NA,NA,46.44809270883631,10.6
G-MB-A-EG_01,MB-A-EG_01,G-MB-A-EG,Gaica,Gaica mbd,2013-07-10,13-14,2013,7,10,191,48,05:56:00,00:00:00,2,11,4,Early,4,1,"Ronald Fernandez-Gomez, Yuri Rosero-Mora",NA,NA,NA,46.44809270883631,10.6
G-MB-A-EG_01,MB-A-EG_01,G-MB-A-EG,Gaica,Gaica mbd,2013-10-06,13-14,2013,10,6,279,55,06:10:00,00:00:00,2,11,5,Late,1,1,"Ronald Fernandez-Gomez, Yuri Rosero-Mora",NA,NA,NA,46.44809270883631,10.6
G-MB-A-EG_01,MB-A-EG_01,G-MB-A-EG,Gaica,Gaica mbd,2013-10-07,13-14,2013,10,7,280,56,06:10:00,00:00:00,2,11,6,Late,2,1,"Ronald Fernandez-Gomez, Yuri Rosero-Mora",NA,NA,NA,46.44809270883631,10.6
G-MB-A-EG_01,MB-A-EG_01,G-MB-A-EG,Gaica,Gaica mbd,2013-10-08,13-14,2013,10,8,281,57,06:04:00,00:00:00,2,11,7,Late,3,1,"Ronald Fernandez-Gomez, Yuri Rosero-Mora",NA,NA,NA,46.44809270883631,10.6
G-MB-A-EG_01,MB-A-EG_01,G-MB-A-EG,Gaica,Gaica mbd,2013-10-09,13-14,2013,10,9,282,58,07:51:00,00:00:00,2,11,8,Late,4,1,"Ronald Fernandez-Gomez, Yuri Rosero-Mora",NA,NA,NA,46.44809270883631,10.6
G-MB-A-EG_01,MB-A-EG_01,G-MB-A-EG,Gaica,Gaica mbd,2016-11-17,16-17,2016,11,17,322,62,06:00:00,00:00:00,2,11,1,Early,1,1,"Yuri Rosero-Mora, Robert Rodriguez",NA,NA,NA,45.49879285369387,10.6
G-MB-A-EG_01,MB-A-EG_01,G-MB-A-EG,Gaica,Gaica mbd,2016-11-18,16-17,2016,11,18,323,63,05:55:00,00:00:00,2,11,2,Early,2,1,"Yuri Rosero-Mora, Robert Rodriguez",NA,NA,NA,45.49879285369387,10.6
G-MB-A-EG_01,MB-A-EG_01,G-MB-A-EG,Gaica,Gaica mbd,2016-11-19,16-17,2016,11,19,324,64,05:55:00,00:00:00,2,11,3,Early,3,1,"Yuri Rosero-Mora, Robert Rodriguez",NA,NA,NA,45.49879285369387,10.6
G-MB-A-EG_02,MB-A-EG_02,G-MB-A-EG,Gaica,Gaica mbd,2013-07-07,13-14,2013,7,7,188,45,06:20:00,00:00:00,2,11,1,Early,1,1,"Ronald Fernandez-Gomez, Yuri Rosero-Mora",NA,NA,NA,51.562998790810155,11.6
G-MB-A-EG_02,MB-A-EG_02,G-MB-A-EG,Gaica,Gaica mbd,2013-07-08,13-14,2013,7,8,189,46,06:10:00,00:00:00,2,11,2,Early,2,1,"Ronald Fernandez-Gomez, Yuri Rosero-Mora",NA,NA,NA,51.562998790810155,11.6
G-MB-A-EG_02,MB-A-EG_02,G-MB-A-EG,Gaica,Gaica mbd,2013-07-09,13-14,2013,7,9,190,47,06:20:00,00:00:00,2,11,3,Early,3,1,"Ronald Fernandez-Gomez, Yuri Rosero-Mora",NA,NA,NA,51.562998790810155,11.6
G-MB-A-EG_02,MB-A-EG_02,G-MB-A-EG,Gaica,Gaica mbd,2013-07-10,13-14,2013,7,10,191,48,06:27:00,00:00:00,2,11,4,Early,4,1,"Ronald Fernandez-Gomez, Yuri Rosero-Mora",NA,NA,NA,51.562998790810155,11.6
G-MB-A-EG_02,MB-A-EG_02,G-MB-A-EG,Gaica,Gaica mbd,2013-10-06,13-14,2013,10,6,279,55,06:39:00,00:00:00,2,11,5,Late,1,1,"Ronald Fernandez-Gomez, Yuri Rosero-Mora",NA,NA,NA,51.562998790810155,11.6
G-MB-A-EG_02,MB-A-EG_02,G-MB-A-EG,Gaica,Gaica mbd,2013-10-07,13-14,2013,10,7,280,56,06:35:00,00:00:00,2,11,6,Late,2,1,"Ronald Fernandez-Gomez, Yuri Rosero-Mora",NA,NA,NA,51.562998790810155,11.6
G-MB-A-EG_02,MB-A-EG_02,G-MB-A-EG,Gaica,Gaica mbd,2013-10-08,13-14,2013,10,8,281,57,06:43:00,00:00:00,2,11,7,Late,3,1,"Ronald Fernandez-Gomez, Yuri Rosero-Mora",NA,NA,NA,51.562998790810155,11.6
G-MB-A-EG_02,MB-A-EG_02,G-MB-A-EG,Gaica,Gaica mbd,2013-10-09,13-14,2013,10,9,282,58,07:37:00,00:00:00,2,11,8,Late,4,1,"Ronald Fernandez-Gomez, Yuri Rosero-Mora",NA,NA,NA,51.562998790810155,11.6
G-MB-A-EG_02,MB-A-EG_02,G-MB-A-EG,Gaica,Gaica mbd,2016-11-17,16-17,2016,11,17,322,62,06:22:00,00:00:00,2,11,1,Early,1,1,"Yuri Rosero-Mora, Robert Rodriguez",NA,NA,NA,50.74607013301088,11.6
G-MB-A-EG_02,MB-A-EG_02,G-MB-A-EG,Gaica,Gaica mbd,2016-11-18,16-17,2016,11,18,323,63,06:15:00,00:00:00,2,11,2,Early,2,1,"Yuri Rosero-Mora, Robert Rodriguez",NA,NA,NA,50.74607013301088,11.6
G-MB-A-EG_02,MB-A-EG_02,G-MB-A-EG,Gaica,Gaica mbd,2016-11-19,16-17,2016,11,19,324,64,06:10:00,00:00:00,2,11,3,Early,3,1,"Yuri Rosero-Mora, Robert Rodriguez",NA,NA,NA,50.74607013301088,11.6
G-MB-A-EG_03,MB-A-EG_03,G-MB-A-EG,Gaica,Gaica mbd,2013-07-07,13-14,2013,7,7,188,45,06:43:00,00:00:00,2,11,1,Early,1,1,"Ronald Fernandez-Gomez, Yuri Rosero-Mora",NA,NA,NA,57.36863790596219,12.6
G-MB-A-EG_03,MB-A-EG_03,G-MB-A-EG,Gaica,Gaica mbd,2013-07-08,13-14,2013,7,8,189,46,06:35:00,00:00:00,2,11,2,Early,2,1,"Ronald Fernandez-Gomez, Yuri Rosero-Mora",NA,NA,NA,57.36863790596219,12.6
G-MB-A-EG_03,MB-A-EG_03,G-MB-A-EG,Gaica,Gaica mbd,2013-07-09,13-14,2013,7,9,190,47,06:50:00,00:00:00,2,11,3,Early,3,1,"Ronald Fernandez-Gomez, Yuri Rosero-Mora",NA,NA,NA,57.36863790596219,12.6
G-MB-A-EG_03,MB-A-EG_03,G-MB-A-EG,Gaica,Gaica mbd,2013-07-10,13-14,2013,7,10,191,48,06:50:00,00:00:00,2,11,4,Early,4,1,"Ronald Fernandez-Gomez, Yuri Rosero-Mora",NA,NA,NA,57.36863790596219,12.6
G-MB-A-EG_03,MB-A-EG_03,G-MB-A-EG,Gaica,Gaica mbd,2013-10-06,13-14,2013,10,6,279,55,07:04:00,00:00:00,2,11,5,Late,1,1,"Ronald Fernandez-Gomez, Yuri Rosero-Mora",NA,NA,NA,57.36863790596219,12.6
G-MB-A-EG_03,MB-A-EG_03,G-MB-A-EG,Gaica,Gaica mbd,2013-10-07,13-14,2013,10,7,280,56,09:00:00,00:00:00,2,11,6,Late,2,1,"Ronald Fernandez-Gomez, Yuri Rosero-Mora",NA,NA,NA,57.36863790596219,12.6
G-MB-A-EG_03,MB-A-EG_03,G-MB-A-EG,Gaica,Gaica mbd,2013-10-08,13-14,2013,10,8,281,57,08:40:00,00:00:00,2,11,7,Late,3,1,"Ronald Fernandez-Gomez, Yuri Rosero-Mora",NA,NA,NA,57.36863790596219,12.6
G-MB-A-EG_03,MB-A-EG_03,G-MB-A-EG,Gaica,Gaica mbd,2013-10-09,13-14,2013,10,9,282,58,07:15:00,00:00:00,2,11,8,Late,4,1,"Ronald Fernandez-Gomez, Yuri Rosero-Mora",NA,NA,NA,57.36863790596219,12.6
G-MB-A-EG_03,MB-A-EG_03,G-MB-A-EG,Gaica,Gaica mbd,2016-11-17,16-17,2016,11,17,322,62,06:45:00,00:00:00,2,11,1,Early,1,1,"Yuri Rosero-Mora, Robert Rodriguez",NA,NA,NA,57.1233640329617,12.6
G-MB-A-EG_03,MB-A-EG_03,G-MB-A-EG,Gaica,Gaica mbd,2016-11-18,16-17,2016,11,18,323,63,06:35:00,00:00:00,2,11,2,Early,2,1,"Yuri Rosero-Mora, Robert Rodriguez",NA,NA,NA,57.1233640329617,12.6
G-MB-A-EG_03,MB-A-EG_03,G-MB-A-EG,Gaica,Gaica mbd,2016-11-19,16-17,2016,11,19,324,64,06:25:00,00:00:00,2,11,3,Early,3,1,"Yuri Rosero-Mora, Robert Rodriguez",NA,NA,NA,57.1233640329617,12.6
G-MB-A-EG_04,MB-A-EG_04,G-MB-A-EG,Gaica,Gaica mbd,2013-07-07,13-14,2013,7,7,188,45,07:05:00,00:00:00,2,11,1,Early,1,1,"Ronald Fernandez-Gomez, Yuri Rosero-Mora",NA,NA,NA,56.082367149758454,11
G-MB-A-EG_04,MB-A-EG_04,G-MB-A-EG,Gaica,Gaica mbd,2013-07-08,13-14,2013,7,8,189,46,06:57:00,00:00:00,2,11,2,Early,2,1,"Ronald Fernandez-Gomez, Yuri Rosero-Mora",NA,NA,NA,56.082367149758454,11
G-MB-A-EG_04,MB-A-EG_04,G-MB-A-EG,Gaica,Gaica mbd,2013-07-09,13-14,2013,7,9,190,47,07:25:00,00:00:00,2,11,3,Early,3,1,"Ronald Fernandez-Gomez, Yuri Rosero-Mora",NA,NA,NA,56.082367149758454,11
G-MB-A-EG_04,MB-A-EG_04,G-MB-A-EG,Gaica,Gaica mbd,2013-07-10,13-14,2013,7,10,191,48,07:23:00,00:00:00,2,11,4,Early,4,1,"Ronald Fernandez-Gomez, Yuri Rosero-Mora",NA,NA,NA,56.082367149758454,11
G-MB-A-EG_04,MB-A-EG_04,G-MB-A-EG,Gaica,Gaica mbd,2013-10-06,13-14,2013,10,6,279,55,07:30:00,00:00:00,2,11,5,Late,1,1,"Ronald Fernandez-Gomez, Yuri Rosero-Mora",NA,NA,NA,56.082367149758454,11
G-MB-A-EG_04,MB-A-EG_04,G-MB-A-EG,Gaica,Gaica mbd,2013-10-07,13-14,2013,10,7,280,56,07:10:00,00:00:00,2,11,6,Late,2,1,"Ronald Fernandez-Gomez, Yuri Rosero-Mora",NA,NA,NA,56.082367149758454,11
G-MB-A-EG_04,MB-A-EG_04,G-MB-A-EG,Gaica,Gaica mbd,2013-10-08,13-14,2013,10,8,281,57,07:00:00,00:00:00,2,11,7,Late,3,1,"Ronald Fernandez-Gomez, Yuri Rosero-Mora",NA,NA,NA,56.082367149758454,11
G-MB-A-EG_04,MB-A-EG_04,G-MB-A-EG,Gaica,Gaica mbd,2013-10-09,13-14,2013,10,9,282,58,06:03:00,00:00:00,2,11,8,Late,4,1,"Ronald Fernandez-Gomez, Yuri Rosero-Mora",NA,NA,NA,56.082367149758454,11
G-MB-A-EG_04,MB-A-EG_04,G-MB-A-EG,Gaica,Gaica mbd,2016-11-17,16-17,2016,11,17,322,62,07:03:00,00:00:00,2,11,1,Early,1,1,"Yuri Rosero-Mora, Robert Rodriguez",NA,NA,NA,55.48381642512077,11
G-MB-A-EG_04,MB-A-EG_04,G-MB-A-EG,Gaica,Gaica mbd,2016-11-18,16-17,2016,11,18,323,63,07:05:00,00:00:00,2,11,2,Early,2,1,"Yuri Rosero-Mora, Robert Rodriguez",NA,NA,NA,55.48381642512077,11
G-MB-A-EG_04,MB-A-EG_04,G-MB-A-EG,Gaica,Gaica mbd,2016-11-19,16-17,2016,11,19,324,64,06:55:00,00:00:00,2,11,3,Early,3,1,"Yuri Rosero-Mora, Robert Rodriguez",NA,NA,NA,55.48381642512077,11
G-MB-A-EG_05,MB-A-EG_05,G-MB-A-EG,Gaica,Gaica mbd,2013-07-07,13-14,2013,7,7,188,45,07:30:00,00:00:00,2,11,1,Early,1,1,"Ronald Fernandez-Gomez, Yuri Rosero-Mora",NA,NA,NA,62.479835788456896,14.3
G-MB-A-EG_05,MB-A-EG_05,G-MB-A-EG,Gaica,Gaica mbd,2013-07-08,13-14,2013,7,8,189,46,07:20:00,00:00:00,2,11,2,Early,2,1,"Ronald Fernandez-Gomez, Yuri Rosero-Mora",NA,NA,NA,62.479835788456896,14.3
G-MB-A-EG_05,MB-A-EG_05,G-MB-A-EG,Gaica,Gaica mbd,2013-07-09,13-14,2013,7,9,190,47,07:54:00,00:00:00,2,11,3,Early,3,1,"Ronald Fernandez-Gomez, Yuri Rosero-Mora",NA,NA,NA,62.479835788456896,14.3
G-MB-A-EG_05,MB-A-EG_05,G-MB-A-EG,Gaica,Gaica mbd,2013-07-10,13-14,2013,7,10,191,48,07:53:00,00:00:00,2,11,4,Early,4,1,"Ronald Fernandez-Gomez, Yuri Rosero-Mora",NA,NA,NA,62.479835788456896,14.3
G-MB-A-EG_05,MB-A-EG_05,G-MB-A-EG,Gaica,Gaica mbd,2013-10-06,13-14,2013,10,6,279,55,07:52:00,00:00:00,2,11,5,Late,1,1,"Ronald Fernandez-Gomez, Yuri Rosero-Mora",NA,NA,NA,62.479835788456896,14.3
G-MB-A-EG_05,MB-A-EG_05,G-MB-A-EG,Gaica,Gaica mbd,2013-10-07,13-14,2013,10,7,280,56,07:45:00,00:00:00,2,11,6,Late,2,1,"Ronald Fernandez-Gomez, Yuri Rosero-Mora",NA,NA,NA,62.479835788456896,14.3
G-MB-A-EG_05,MB-A-EG_05,G-MB-A-EG,Gaica,Gaica mbd,2013-10-08,13-14,2013,10,8,281,57,07:30:00,00:00:00,2,11,7,Late,3,1,"Ronald Fernandez-Gomez, Yuri Rosero-Mora",NA,NA,NA,62.479835788456896,14.3
G-MB-A-EG_05,MB-A-EG_05,G-MB-A-EG,Gaica,Gaica mbd,2013-10-09,13-14,2013,10,9,282,58,06:23:00,00:00:00,2,11,8,Late,4,1,"Ronald Fernandez-Gomez, Yuri Rosero-Mora",NA,NA,NA,62.479835788456896,14.3
G-MB-A-EG_05,MB-A-EG_05,G-MB-A-EG,Gaica,Gaica mbd,2016-11-17,16-17,2016,11,17,322,62,07:25:00,00:00:00,2,11,1,Early,1,1,"Yuri Rosero-Mora, Robert Rodriguez",NA,NA,NA,62.03453272156484,14.3
G-MB-A-EG_05,MB-A-EG_05,G-MB-A-EG,Gaica,Gaica mbd,2016-11-18,16-17,2016,11,18,323,63,07:25:00,00:00:00,2,11,2,Early,2,1,"Yuri Rosero-Mora, Robert Rodriguez",NA,NA,NA,62.03453272156484,14.3
G-MB-A-EG_05,MB-A-EG_05,G-MB-A-EG,Gaica,Gaica mbd,2016-11-19,16-17,2016,11,19,324,64,07:15:00,00:00:00,2,11,3,Early,3,1,"Yuri Rosero-Mora, Robert Rodriguez",NA,NA,NA,62.03453272156484,14.3
G-MB-A-EG_06,MB-A-EG_06,G-MB-A-EG,Gaica,Gaica mbd,2013-07-07,13-14,2013,7,7,188,45,07:53:00,00:00:00,2,11,1,Early,1,1,"Ronald Fernandez-Gomez, Yuri Rosero-Mora",NA,NA,NA,66.89519439748852,14.4
G-MB-A-EG_06,MB-A-EG_06,G-MB-A-EG,Gaica,Gaica mbd,2013-07-08,13-14,2013,7,8,189,46,07:45:00,00:00:00,2,11,2,Early,2,1,"Ronald Fernandez-Gomez, Yuri Rosero-Mora",NA,NA,NA,66.89519439748852,14.4
G-MB-A-EG_06,MB-A-EG_06,G-MB-A-EG,Gaica,Gaica mbd,2013-07-09,13-14,2013,7,9,190,47,08:28:00,00:00:00,2,11,3,Early,3,1,"Ronald Fernandez-Gomez, Yuri Rosero-Mora",NA,NA,NA,66.89519439748852,14.4
G-MB-A-EG_06,MB-A-EG_06,G-MB-A-EG,Gaica,Gaica mbd,2013-07-10,13-14,2013,7,10,191,48,08:16:00,00:00:00,2,11,4,Early,4,1,"Ronald Fernandez-Gomez, Yuri Rosero-Mora",NA,NA,NA,66.89519439748852,14.4
G-MB-A-EG_06,MB-A-EG_06,G-MB-A-EG,Gaica,Gaica mbd,2013-10-06,13-14,2013,10,6,279,55,08:17:00,00:00:00,2,11,5,Late,1,1,"Ronald Fernandez-Gomez, Yuri Rosero-Mora",NA,NA,NA,66.89519439748852,14.4
G-MB-A-EG_06,MB-A-EG_06,G-MB-A-EG,Gaica,Gaica mbd,2013-10-07,13-14,2013,10,7,280,56,08:18:00,00:00:00,2,11,6,Late,2,1,"Ronald Fernandez-Gomez, Yuri Rosero-Mora",NA,NA,NA,66.89519439748852,14.4
G-MB-A-EG_06,MB-A-EG_06,G-MB-A-EG,Gaica,Gaica mbd,2013-10-08,13-14,2013,10,8,281,57,07:54:00,00:00:00,2,11,7,Late,3,1,"Ronald Fernandez-Gomez, Yuri Rosero-Mora",NA,NA,NA,66.89519439748852,14.4
G-MB-A-EG_06,MB-A-EG_06,G-MB-A-EG,Gaica,Gaica mbd,2013-10-09,13-14,2013,10,9,282,58,06:44:00,00:00:00,2,11,8,Late,4,1,"Ronald Fernandez-Gomez, Yuri Rosero-Mora",NA,NA,NA,66.89519439748852,14.4
G-MB-A-EG_06,MB-A-EG_06,G-MB-A-EG,Gaica,Gaica mbd,2016-11-17,16-17,2016,11,17,322,62,07:50:00,00:00:00,2,11,1,Early,1,1,"Yuri Rosero-Mora, Robert Rodriguez",NA,NA,NA,66.70176285921275,14.4
G-MB-A-EG_06,MB-A-EG_06,G-MB-A-EG,Gaica,Gaica mbd,2016-11-18,16-17,2016,11,18,323,63,07:50:00,00:00:00,2,11,2,Early,2,1,"Yuri Rosero-Mora, Robert Rodriguez",NA,NA,NA,66.70176285921275,14.4
G-MB-A-EG_06,MB-A-EG_06,G-MB-A-EG,Gaica,Gaica mbd,2016-11-19,16-17,2016,11,19,324,64,07:35:00,00:00:00,2,11,3,Early,3,1,"Yuri Rosero-Mora, Robert Rodriguez",NA,NA,NA,66.70176285921275,14.4
G-MB-A-EPA_01,MB-A-EPA_01,G-MB-A-EPA,Gaica,Gaica mbd,2013-06-24,13-14,2013,6,24,175,32,06:30:00,00:00:00,2,11,1,Early,1,1,"Ronald Fernandez-Gomez, Yuri Rosero-Mora",NA,NA,NA,57.910628019323674,18.9
G-MB-A-EPA_01,MB-A-EPA_01,G-MB-A-EPA,Gaica,Gaica mbd,2013-06-25,13-14,2013,6,25,176,33,06:10:00,00:00:00,2,11,2,Early,2,1,"Ronald Fernandez-Gomez, Yuri Rosero-Mora",NA,NA,NA,57.910628019323674,18.9
G-MB-A-EPA_01,MB-A-EPA_01,G-MB-A-EPA,Gaica,Gaica mbd,2013-06-26,13-14,2013,6,26,177,34,06:25:00,00:00:00,2,11,3,Early,3,1,"Ronald Fernandez-Gomez, Yuri Rosero-Mora",NA,NA,NA,57.910628019323674,18.9
G-MB-A-EPA_01,MB-A-EPA_01,G-MB-A-EPA,Gaica,Gaica mbd,2013-06-27,13-14,2013,6,27,178,35,05:50:00,00:00:00,2,11,4,Early,4,1,"Ronald Fernandez-Gomez, Yuri Rosero-Mora",NA,NA,NA,57.910628019323674,18.9
G-MB-A-EPA_01,MB-A-EPA_01,G-MB-A-EPA,Gaica,Gaica mbd,2013-10-14,13-14,2013,10,14,287,63,06:15:00,00:00:00,2,11,5,Late,1,1,"Ronald Fernandez-Gomez, Yuri Rosero-Mora",NA,NA,NA,57.910628019323674,18.9
G-MB-A-EPA_01,MB-A-EPA_01,G-MB-A-EPA,Gaica,Gaica mbd,2013-10-15,13-14,2013,10,15,288,64,07:40:00,00:00:00,2,11,6,Late,2,1,"Ronald Fernandez-Gomez, Yuri Rosero-Mora",NA,NA,NA,57.910628019323674,18.9
G-MB-A-EPA_01,MB-A-EPA_01,G-MB-A-EPA,Gaica,Gaica mbd,2013-10-16,13-14,2013,10,16,289,65,06:05:00,00:00:00,2,11,7,Late,3,1,"Ronald Fernandez-Gomez, Yuri Rosero-Mora",NA,NA,NA,57.910628019323674,18.9
G-MB-A-EPA_01,MB-A-EPA_01,G-MB-A-EPA,Gaica,Gaica mbd,2013-10-17,13-14,2013,10,17,290,66,06:20:00,00:00:00,2,11,8,Late,4,1,"Ronald Fernandez-Gomez, Yuri Rosero-Mora",NA,NA,NA,57.910628019323674,18.9
G-MB-A-EPA_01,MB-A-EPA_01,G-MB-A-EPA,Gaica,Gaica mbd,2016-11-07,16-17,2016,11,7,312,52,06:45:00,00:00:00,2,11,1,Early,1,1,"Yuri Rosero-Mora, Robert Rodriguez",NA,NA,NA,61.10024154589372,18.9
G-MB-A-EPA_01,MB-A-EPA_01,G-MB-A-EPA,Gaica,Gaica mbd,2016-11-08,16-17,2016,11,8,313,53,06:00:00,00:00:00,2,11,2,Early,2,1,"Yuri Rosero-Mora, Robert Rodriguez",NA,NA,NA,61.10024154589372,18.9
G-MB-A-EPA_01,MB-A-EPA_01,G-MB-A-EPA,Gaica,Gaica mbd,2016-11-09,16-17,2016,11,9,314,54,06:10:00,00:00:00,2,11,3,Early,3,1,"Yuri Rosero-Mora, Robert Rodriguez",NA,NA,NA,61.10024154589372,18.9
G-MB-A-EPA_02,MB-A-EPA_02,G-MB-A-EPA,Gaica,Gaica mbd,2013-06-24,13-14,2013,6,24,175,32,07:15:00,00:00:00,2,11,1,Early,1,1,"Ronald Fernandez-Gomez, Yuri Rosero-Mora",NA,NA,NA,60.84057971014493,20.5
G-MB-A-EPA_02,MB-A-EPA_02,G-MB-A-EPA,Gaica,Gaica mbd,2013-06-25,13-14,2013,6,25,176,33,06:50:00,00:00:00,2,11,2,Early,2,1,"Ronald Fernandez-Gomez, Yuri Rosero-Mora",NA,NA,NA,60.84057971014493,20.5
G-MB-A-EPA_02,MB-A-EPA_02,G-MB-A-EPA,Gaica,Gaica mbd,2013-06-26,13-14,2013,6,26,177,34,06:50:00,00:00:00,2,11,3,Early,3,1,"Ronald Fernandez-Gomez, Yuri Rosero-Mora",NA,NA,NA,60.84057971014493,20.5
G-MB-A-EPA_02,MB-A-EPA_02,G-MB-A-EPA,Gaica,Gaica mbd,2013-06-27,13-14,2013,6,27,178,35,06:25:00,00:00:00,2,11,4,Early,4,1,"Ronald Fernandez-Gomez, Yuri Rosero-Mora",NA,NA,NA,60.84057971014493,20.5
G-MB-A-EPA_02,MB-A-EPA_02,G-MB-A-EPA,Gaica,Gaica mbd,2013-10-14,13-14,2013,10,14,287,63,06:40:00,00:00:00,2,11,5,Late,1,1,"Ronald Fernandez-Gomez, Yuri Rosero-Mora",NA,NA,NA,60.84057971014493,20.5
G-MB-A-EPA_02,MB-A-EPA_02,G-MB-A-EPA,Gaica,Gaica mbd,2013-10-15,13-14,2013,10,15,288,64,08:15:00,00:00:00,2,11,6,Late,2,1,"Ronald Fernandez-Gomez, Yuri Rosero-Mora",NA,NA,NA,60.84057971014493,20.5
G-MB-A-EPA_02,MB-A-EPA_02,G-MB-A-EPA,Gaica,Gaica mbd,2013-10-16,13-14,2013,10,16,289,65,06:40:00,00:00:00,2,11,7,Late,3,1,"Ronald Fernandez-Gomez, Yuri Rosero-Mora",NA,NA,NA,60.84057971014493,20.5
G-MB-A-EPA_02,MB-A-EPA_02,G-MB-A-EPA,Gaica,Gaica mbd,2013-10-17,13-14,2013,10,17,290,66,06:45:00,00:00:00,2,11,8,Late,4,1,"Ronald Fernandez-Gomez, Yuri Rosero-Mora",NA,NA,NA,60.84057971014493,20.5
G-MB-A-EPA_02,MB-A-EPA_02,G-MB-A-EPA,Gaica,Gaica mbd,2016-11-07,16-17,2016,11,7,312,52,07:08:00,00:00:00,2,11,1,Early,1,1,"Yuri Rosero-Mora, Robert Rodriguez",NA,NA,NA,64.53285024154589,20.5
G-MB-A-EPA_02,MB-A-EPA_02,G-MB-A-EPA,Gaica,Gaica mbd,2016-11-08,16-17,2016,11,8,313,53,06:25:00,00:00:00,2,11,2,Early,2,1,"Yuri Rosero-Mora, Robert Rodriguez",NA,NA,NA,64.53285024154589,20.5
G-MB-A-EPA_02,MB-A-EPA_02,G-MB-A-EPA,Gaica,Gaica mbd,2016-11-09,16-17,2016,11,9,314,54,06:35:00,00:00:00,2,11,3,Early,3,1,"Yuri Rosero-Mora, Robert Rodriguez",NA,NA,NA,64.53285024154589,20.5
G-MB-A-EPA_03,MB-A-EPA_03,G-MB-A-EPA,Gaica,Gaica mbd,2013-06-24,13-14,2013,6,24,175,32,07:55:00,00:00:00,2,11,1,Early,1,1,"Ronald Fernandez-Gomez, Yuri Rosero-Mora",NA,NA,NA,63.66417189763399,19
G-MB-A-EPA_03,MB-A-EPA_03,G-MB-A-EPA,Gaica,Gaica mbd,2013-06-25,13-14,2013,6,25,176,33,07:20:00,00:00:00,2,11,2,Early,2,1,"Ronald Fernandez-Gomez, Yuri Rosero-Mora",NA,NA,NA,63.66417189763399,19
G-MB-A-EPA_03,MB-A-EPA_03,G-MB-A-EPA,Gaica,Gaica mbd,2013-06-26,13-14,2013,6,26,177,34,07:15:00,00:00:00,2,11,3,Early,3,1,"Ronald Fernandez-Gomez, Yuri Rosero-Mora",NA,NA,NA,63.66417189763399,19
G-MB-A-EPA_03,MB-A-EPA_03,G-MB-A-EPA,Gaica,Gaica mbd,2013-06-27,13-14,2013,6,27,178,35,06:55:00,00:00:00,2,11,4,Early,4,1,"Ronald Fernandez-Gomez, Yuri Rosero-Mora",NA,NA,NA,63.66417189763399,19
G-MB-A-EPA_03,MB-A-EPA_03,G-MB-A-EPA,Gaica,Gaica mbd,2013-10-14,13-14,2013,10,14,287,63,07:03:00,00:00:00,2,11,5,Late,1,1,"Ronald Fernandez-Gomez, Yuri Rosero-Mora",NA,NA,NA,63.66417189763399,19
G-MB-A-EPA_03,MB-A-EPA_03,G-MB-A-EPA,Gaica,Gaica mbd,2013-10-15,13-14,2013,10,15,288,64,09:30:00,00:00:00,2,11,6,Late,2,1,"Ronald Fernandez-Gomez, Yuri Rosero-Mora",NA,NA,NA,63.66417189763399,19
G-MB-A-EPA_03,MB-A-EPA_03,G-MB-A-EPA,Gaica,Gaica mbd,2013-10-16,13-14,2013,10,16,289,65,07:05:00,00:00:00,2,11,7,Late,3,1,"Ronald Fernandez-Gomez, Yuri Rosero-Mora",NA,NA,NA,63.66417189763399,19
G-MB-A-EPA_03,MB-A-EPA_03,G-MB-A-EPA,Gaica,Gaica mbd,2013-10-17,13-14,2013,10,17,290,66,07:10:00,00:00:00,2,11,8,Late,4,1,"Ronald Fernandez-Gomez, Yuri Rosero-Mora",NA,NA,NA,63.66417189763399,19
G-MB-A-EPA_03,MB-A-EPA_03,G-MB-A-EPA,Gaica,Gaica mbd,2016-11-07,16-17,2016,11,7,312,52,07:35:00,00:00:00,2,11,1,Early,1,1,"Yuri Rosero-Mora, Robert Rodriguez",NA,NA,NA,67.53959439884115,19
G-MB-A-EPA_03,MB-A-EPA_03,G-MB-A-EPA,Gaica,Gaica mbd,2016-11-08,16-17,2016,11,8,313,53,06:45:00,00:00:00,2,11,2,Early,2,1,"Yuri Rosero-Mora, Robert Rodriguez",NA,NA,NA,67.53959439884115,19
G-MB-A-EPA_03,MB-A-EPA_03,G-MB-A-EPA,Gaica,Gaica mbd,2016-11-09,16-17,2016,11,9,314,54,06:55:00,00:00:00,2,11,3,Early,3,1,"Yuri Rosero-Mora, Robert Rodriguez",NA,NA,NA,67.53959439884115,19
G-MB-A-EPA_04,MB-A-EPA_04,G-MB-A-EPA,Gaica,Gaica mbd,2013-06-24,13-14,2013,6,24,175,32,08:35:00,00:00:00,2,11,1,Early,1,1,"Ronald Fernandez-Gomez, Yuri Rosero-Mora",NA,NA,NA,65.73243177976335,16
G-MB-A-EPA_04,MB-A-EPA_04,G-MB-A-EPA,Gaica,Gaica mbd,2013-06-25,13-14,2013,6,25,176,33,07:50:00,00:00:00,2,11,2,Early,2,1,"Ronald Fernandez-Gomez, Yuri Rosero-Mora",NA,NA,NA,65.73243177976335,16
G-MB-A-EPA_04,MB-A-EPA_04,G-MB-A-EPA,Gaica,Gaica mbd,2013-06-26,13-14,2013,6,26,177,34,07:53:00,00:00:00,2,11,3,Early,3,1,"Ronald Fernandez-Gomez, Yuri Rosero-Mora",NA,NA,NA,65.73243177976335,16
G-MB-A-EPA_04,MB-A-EPA_04,G-MB-A-EPA,Gaica,Gaica mbd,2013-06-27,13-14,2013,6,27,178,35,07:20:00,00:00:00,2,11,4,Early,4,1,"Ronald Fernandez-Gomez, Yuri Rosero-Mora",NA,NA,NA,65.73243177976335,16
G-MB-A-EPA_04,MB-A-EPA_04,G-MB-A-EPA,Gaica,Gaica mbd,2013-10-14,13-14,2013,10,14,287,63,07:24:00,00:00:00,2,11,5,Late,1,1,"Ronald Fernandez-Gomez, Yuri Rosero-Mora",NA,NA,NA,65.73243177976335,16
G-MB-A-EPA_04,MB-A-EPA_04,G-MB-A-EPA,Gaica,Gaica mbd,2013-10-15,13-14,2013,10,15,288,64,09:50:00,00:00:00,2,11,6,Late,2,1,"Ronald Fernandez-Gomez, Yuri Rosero-Mora",NA,NA,NA,65.73243177976335,16
G-MB-A-EPA_04,MB-A-EPA_04,G-MB-A-EPA,Gaica,Gaica mbd,2013-10-16,13-14,2013,10,16,289,65,07:30:00,00:00:00,2,11,7,Late,3,1,"Ronald Fernandez-Gomez, Yuri Rosero-Mora",NA,NA,NA,65.73243177976335,16
G-MB-A-EPA_04,MB-A-EPA_04,G-MB-A-EPA,Gaica,Gaica mbd,2013-10-17,13-14,2013,10,17,290,66,07:30:00,00:00:00,2,11,8,Late,4,1,"Ronald Fernandez-Gomez, Yuri Rosero-Mora",NA,NA,NA,65.73243177976335,16
G-MB-A-EPA_04,MB-A-EPA_04,G-MB-A-EPA,Gaica,Gaica mbd,2016-11-07,16-17,2016,11,7,312,52,07:55:00,00:00:00,2,11,1,Early,1,1,"Yuri Rosero-Mora, Robert Rodriguez",NA,NA,NA,69.16469451823231,16
G-MB-A-EPA_04,MB-A-EPA_04,G-MB-A-EPA,Gaica,Gaica mbd,2016-11-08,16-17,2016,11,8,313,53,07:15:00,00:00:00,2,11,2,Early,2,1,"Yuri Rosero-Mora, Robert Rodriguez",NA,NA,NA,69.16469451823231,16
G-MB-A-EPA_04,MB-A-EPA_04,G-MB-A-EPA,Gaica,Gaica mbd,2016-11-09,16-17,2016,11,9,314,54,07:20:00,00:00:00,2,11,3,Early,3,1,"Yuri Rosero-Mora, Robert Rodriguez",NA,NA,NA,69.16469451823231,16
G-MB-A-EPA_05,MB-A-EPA_05,G-MB-A-EPA,Gaica,Gaica mbd,2013-06-24,13-14,2013,6,24,175,32,09:10:00,00:00:00,2,11,1,Early,1,1,"Ronald Fernandez-Gomez, Yuri Rosero-Mora",NA,NA,NA,66.96112050229414,14.1
G-MB-A-EPA_05,MB-A-EPA_05,G-MB-A-EPA,Gaica,Gaica mbd,2013-06-25,13-14,2013,6,25,176,33,08:25:00,00:00:00,2,11,2,Early,2,1,"Ronald Fernandez-Gomez, Yuri Rosero-Mora",NA,NA,NA,66.96112050229414,14.1
G-MB-A-EPA_05,MB-A-EPA_05,G-MB-A-EPA,Gaica,Gaica mbd,2013-06-26,13-14,2013,6,26,177,34,08:30:00,00:00:00,2,11,3,Early,3,1,"Ronald Fernandez-Gomez, Yuri Rosero-Mora",NA,NA,NA,66.96112050229414,14.1
G-MB-A-EPA_05,MB-A-EPA_05,G-MB-A-EPA,Gaica,Gaica mbd,2013-06-27,13-14,2013,6,27,178,35,07:45:00,00:00:00,2,11,4,Early,4,1,"Ronald Fernandez-Gomez, Yuri Rosero-Mora",NA,NA,NA,66.96112050229414,14.1
G-MB-A-EPA_05,MB-A-EPA_05,G-MB-A-EPA,Gaica,Gaica mbd,2013-10-14,13-14,2013,10,14,287,63,07:45:00,00:00:00,2,11,5,Late,1,1,"Ronald Fernandez-Gomez, Yuri Rosero-Mora",NA,NA,NA,66.96112050229414,14.1
G-MB-A-EPA_05,MB-A-EPA_05,G-MB-A-EPA,Gaica,Gaica mbd,2013-10-15,13-14,2013,10,15,288,64,10:15:00,00:00:00,2,11,6,Late,2,1,"Ronald Fernandez-Gomez, Yuri Rosero-Mora",NA,NA,NA,66.96112050229414,14.1
G-MB-A-EPA_05,MB-A-EPA_05,G-MB-A-EPA,Gaica,Gaica mbd,2013-10-16,13-14,2013,10,16,289,65,07:55:00,00:00:00,2,11,7,Late,3,1,"Ronald Fernandez-Gomez, Yuri Rosero-Mora",NA,NA,NA,66.96112050229414,14.1
G-MB-A-EPA_05,MB-A-EPA_05,G-MB-A-EPA,Gaica,Gaica mbd,2013-10-17,13-14,2013,10,17,290,66,07:55:00,00:00:00,2,11,8,Late,4,1,"Ronald Fernandez-Gomez, Yuri Rosero-Mora",NA,NA,NA,66.96112050229414,14.1
G-MB-A-EPA_05,MB-A-EPA_05,G-MB-A-EPA,Gaica,Gaica mbd,2016-11-07,16-17,2016,11,7,312,52,08:10:00,00:00:00,2,11,1,Early,1,1,"Yuri Rosero-Mora, Robert Rodriguez",NA,NA,NA,70.02608065684618,14.1
G-MB-A-EPA_05,MB-A-EPA_05,G-MB-A-EPA,Gaica,Gaica mbd,2016-11-08,16-17,2016,11,8,313,53,07:40:00,00:00:00,2,11,2,Early,2,1,"Yuri Rosero-Mora, Robert Rodriguez",NA,NA,NA,70.02608065684618,14.1
G-MB-A-EPA_05,MB-A-EPA_05,G-MB-A-EPA,Gaica,Gaica mbd,2016-11-09,16-17,2016,11,9,314,54,07:40:00,00:00:00,2,11,3,Early,3,1,"Yuri Rosero-Mora, Robert Rodriguez",NA,NA,NA,70.02608065684618,14.1
G-MB-A-EPA_06,MB-A-EPA_06,G-MB-A-EPA,Gaica,Gaica mbd,2013-06-24,13-14,2013,6,24,175,32,09:35:00,00:00:00,2,11,1,Early,1,0,"Ronald Fernandez-Gomez, Yuri Rosero-Mora",NA,NA,NA,68.61757605021728,16.6
G-MB-A-EPA_06,MB-A-EPA_06,G-MB-A-EPA,Gaica,Gaica mbd,2013-06-25,13-14,2013,6,25,176,33,08:50:00,00:00:00,2,11,2,Early,2,1,"Ronald Fernandez-Gomez, Yuri Rosero-Mora",NA,NA,NA,68.61757605021728,16.6
G-MB-A-EPA_06,MB-A-EPA_06,G-MB-A-EPA,Gaica,Gaica mbd,2013-06-26,13-14,2013,6,26,177,34,08:50:00,00:00:00,2,11,3,Early,3,1,"Ronald Fernandez-Gomez, Yuri Rosero-Mora",NA,NA,NA,68.61757605021728,16.6
G-MB-A-EPA_06,MB-A-EPA_06,G-MB-A-EPA,Gaica,Gaica mbd,2013-06-27,13-14,2013,6,27,178,35,08:10:00,00:00:00,2,11,4,Early,4,1,"Ronald Fernandez-Gomez, Yuri Rosero-Mora",NA,NA,NA,68.61757605021728,16.6
G-MB-A-EPA_06,MB-A-EPA_06,G-MB-A-EPA,Gaica,Gaica mbd,2013-10-14,13-14,2013,10,14,287,63,08:03:00,00:00:00,2,11,5,Late,1,1,"Ronald Fernandez-Gomez, Yuri Rosero-Mora",NA,NA,NA,68.61757605021728,16.6
G-MB-A-EPA_06,MB-A-EPA_06,G-MB-A-EPA,Gaica,Gaica mbd,2013-10-15,13-14,2013,10,15,288,64,10:35:00,00:00:00,2,11,6,Late,2,1,"Ronald Fernandez-Gomez, Yuri Rosero-Mora",NA,NA,NA,68.61757605021728,16.6
G-MB-A-EPA_06,MB-A-EPA_06,G-MB-A-EPA,Gaica,Gaica mbd,2013-10-16,13-14,2013,10,16,289,65,08:17:00,00:00:00,2,11,7,Late,3,1,"Ronald Fernandez-Gomez, Yuri Rosero-Mora",NA,NA,NA,68.61757605021728,16.6
G-MB-A-EPA_06,MB-A-EPA_06,G-MB-A-EPA,Gaica,Gaica mbd,2013-10-17,13-14,2013,10,17,290,66,08:20:00,00:00:00,2,11,8,Late,4,1,"Ronald Fernandez-Gomez, Yuri Rosero-Mora",NA,NA,NA,68.61757605021728,16.6
G-MB-A-EPA_06,MB-A-EPA_06,G-MB-A-EPA,Gaica,Gaica mbd,2016-11-07,16-17,2016,11,7,312,52,08:35:00,00:00:00,2,11,1,Early,1,1,"Yuri Rosero-Mora, Robert Rodriguez",NA,NA,NA,71.42636407532594,16.6
G-MB-A-EPA_06,MB-A-EPA_06,G-MB-A-EPA,Gaica,Gaica mbd,2016-11-08,16-17,2016,11,8,313,53,08:15:00,00:00:00,2,11,2,Early,2,1,"Yuri Rosero-Mora, Robert Rodriguez",NA,NA,NA,71.42636407532594,16.6
G-MB-A-EPA_06,MB-A-EPA_06,G-MB-A-EPA,Gaica,Gaica mbd,2016-11-09,16-17,2016,11,9,314,54,08:15:00,00:00:00,2,11,3,Early,3,1,"Yuri Rosero-Mora, Robert Rodriguez",NA,NA,NA,71.42636407532594,16.6
G-MB-A-ET_01,MB-A-ET_01,G-MB-A-ET,Gaica,Gaica mbd,2013-07-02,13-14,2013,7,2,183,40,06:40:00,00:00:00,2,11,1,Early,1,1,"Ronald Fernandez-Gomez, Yuri Rosero-Mora",NA,NA,NA,15.61596130592503,7.5
G-MB-A-ET_01,MB-A-ET_01,G-MB-A-ET,Gaica,Gaica mbd,2013-07-03,13-14,2013,7,3,184,41,06:40:00,00:00:00,2,11,2,Early,2,1,"Ronald Fernandez-Gomez, Yuri Rosero-Mora",NA,NA,NA,15.61596130592503,7.5
G-MB-A-ET_01,MB-A-ET_01,G-MB-A-ET,Gaica,Gaica mbd,2013-07-04,13-14,2013,7,4,185,42,06:22:00,00:00:00,2,11,3,Early,3,1,"Ronald Fernandez-Gomez, Yuri Rosero-Mora",NA,NA,NA,15.61596130592503,7.5
G-MB-A-ET_01,MB-A-ET_01,G-MB-A-ET,Gaica,Gaica mbd,2013-07-05,13-14,2013,7,5,186,43,06:27:00,00:00:00,2,11,4,Early,4,1,"Ronald Fernandez-Gomez, Yuri Rosero-Mora",NA,NA,NA,15.61596130592503,7.5
G-MB-A-ET_01,MB-A-ET_01,G-MB-A-ET,Gaica,Gaica mbd,2013-10-10,13-14,2013,10,10,283,59,07:00:00,00:00:00,2,11,5,Late,1,1,"Ronald Fernandez-Gomez, Yuri Rosero-Mora",NA,NA,NA,15.61596130592503,7.5
G-MB-A-ET_01,MB-A-ET_01,G-MB-A-ET,Gaica,Gaica mbd,2013-10-11,13-14,2013,10,11,284,60,09:35:00,00:00:00,2,11,6,Late,2,1,"Ronald Fernandez-Gomez, Yuri Rosero-Mora",NA,NA,NA,15.61596130592503,7.5
G-MB-A-ET_01,MB-A-ET_01,G-MB-A-ET,Gaica,Gaica mbd,2013-10-12,13-14,2013,10,12,285,61,08:30:00,00:00:00,2,11,7,Late,3,1,"Ronald Fernandez-Gomez, Yuri Rosero-Mora",NA,NA,NA,15.61596130592503,7.5
G-MB-A-ET_01,MB-A-ET_01,G-MB-A-ET,Gaica,Gaica mbd,2013-10-13,13-14,2013,10,13,286,62,06:57:00,00:00:00,2,11,8,Late,4,1,"Ronald Fernandez-Gomez, Yuri Rosero-Mora",NA,NA,NA,15.61596130592503,7.5
G-MB-A-ET_01,MB-A-ET_01,G-MB-A-ET,Gaica,Gaica mbd,2016-11-13,16-17,2016,11,13,318,58,07:05:00,00:00:00,2,11,1,Early,1,1,"Yuri Rosero-Mora, Robert Rodriguez",NA,NA,NA,15.916807738814994,7.5
G-MB-A-ET_01,MB-A-ET_01,G-MB-A-ET,Gaica,Gaica mbd,2016-11-14,16-17,2016,11,14,319,59,06:52:00,00:00:00,2,11,2,Early,2,1,"Yuri Rosero-Mora, Robert Rodriguez",NA,NA,NA,15.916807738814994,7.5
G-MB-A-ET_01,MB-A-ET_01,G-MB-A-ET,Gaica,Gaica mbd,2016-11-15,16-17,2016,11,15,320,60,06:45:00,00:00:00,2,11,3,Early,3,1,"Yuri Rosero-Mora, Robert Rodriguez",NA,NA,NA,15.916807738814994,7.5
G-MB-A-ET_02,MB-A-ET_02,G-MB-A-ET,Gaica,Gaica mbd,2013-07-02,13-14,2013,7,2,183,40,07:10:00,00:00:00,2,11,1,Early,1,1,"Ronald Fernandez-Gomez, Yuri Rosero-Mora",NA,NA,NA,16.573429951690823,9.6
G-MB-A-ET_02,MB-A-ET_02,G-MB-A-ET,Gaica,Gaica mbd,2013-07-03,13-14,2013,7,3,184,41,07:04:00,00:00:00,2,11,2,Early,2,1,"Ronald Fernandez-Gomez, Yuri Rosero-Mora",NA,NA,NA,16.573429951690823,9.6
G-MB-A-ET_02,MB-A-ET_02,G-MB-A-ET,Gaica,Gaica mbd,2013-07-04,13-14,2013,7,4,185,42,06:46:00,00:00:00,2,11,3,Early,3,1,"Ronald Fernandez-Gomez, Yuri Rosero-Mora",NA,NA,NA,16.573429951690823,9.6
G-MB-A-ET_02,MB-A-ET_02,G-MB-A-ET,Gaica,Gaica mbd,2013-07-05,13-14,2013,7,5,186,43,06:52:00,00:00:00,2,11,4,Early,4,1,"Ronald Fernandez-Gomez, Yuri Rosero-Mora",NA,NA,NA,16.573429951690823,9.6
G-MB-A-ET_02,MB-A-ET_02,G-MB-A-ET,Gaica,Gaica mbd,2013-10-10,13-14,2013,10,10,283,59,07:30:00,00:00:00,2,11,5,Late,1,1,"Ronald Fernandez-Gomez, Yuri Rosero-Mora",NA,NA,NA,16.573429951690823,9.6
G-MB-A-ET_02,MB-A-ET_02,G-MB-A-ET,Gaica,Gaica mbd,2013-10-11,13-14,2013,10,11,284,60,09:11:00,00:00:00,2,11,6,Late,2,1,"Ronald Fernandez-Gomez, Yuri Rosero-Mora",NA,NA,NA,16.573429951690823,9.6
G-MB-A-ET_02,MB-A-ET_02,G-MB-A-ET,Gaica,Gaica mbd,2013-10-12,13-14,2013,10,12,285,61,10:25:00,00:00:00,2,11,7,Late,3,1,"Ronald Fernandez-Gomez, Yuri Rosero-Mora",NA,NA,NA,16.573429951690823,9.6
G-MB-A-ET_02,MB-A-ET_02,G-MB-A-ET,Gaica,Gaica mbd,2013-10-13,13-14,2013,10,13,286,62,09:10:00,00:00:00,2,11,8,Late,4,1,"Ronald Fernandez-Gomez, Yuri Rosero-Mora",NA,NA,NA,16.573429951690823,9.6
G-MB-A-ET_02,MB-A-ET_02,G-MB-A-ET,Gaica,Gaica mbd,2016-11-13,16-17,2016,11,13,318,58,07:25:00,00:00:00,2,11,1,Early,1,1,"Yuri Rosero-Mora, Robert Rodriguez",NA,NA,NA,16.93743961352657,8.4
G-MB-A-ET_02,MB-A-ET_02,G-MB-A-ET,Gaica,Gaica mbd,2016-11-14,16-17,2016,11,14,319,59,07:13:00,00:00:00,2,11,2,Early,2,1,"Yuri Rosero-Mora, Robert Rodriguez",NA,NA,NA,16.93743961352657,8.4
G-MB-A-ET_02,MB-A-ET_02,G-MB-A-ET,Gaica,Gaica mbd,2016-11-15,16-17,2016,11,15,320,60,07:00:00,00:00:00,2,11,3,Early,3,1,"Yuri Rosero-Mora, Robert Rodriguez",NA,NA,NA,16.93743961352657,8.4
G-MB-A-ET_03,MB-A-ET_03,G-MB-A-ET,Gaica,Gaica mbd,2013-07-02,13-14,2013,7,2,183,40,07:30:00,00:00:00,2,11,1,Early,1,1,"Ronald Fernandez-Gomez, Yuri Rosero-Mora",NA,NA,NA,14.753864734299516,9.8
G-MB-A-ET_03,MB-A-ET_03,G-MB-A-ET,Gaica,Gaica mbd,2013-07-03,13-14,2013,7,3,184,41,07:24:00,00:00:00,2,11,2,Early,2,1,"Ronald Fernandez-Gomez, Yuri Rosero-Mora",NA,NA,NA,14.753864734299516,9.8
G-MB-A-ET_03,MB-A-ET_03,G-MB-A-ET,Gaica,Gaica mbd,2013-07-04,13-14,2013,7,4,185,42,07:10:00,00:00:00,2,11,3,Early,3,1,"Ronald Fernandez-Gomez, Yuri Rosero-Mora",NA,NA,NA,14.753864734299516,9.8
G-MB-A-ET_03,MB-A-ET_03,G-MB-A-ET,Gaica,Gaica mbd,2013-07-05,13-14,2013,7,5,186,43,07:15:00,00:00:00,2,11,4,Early,4,1,"Ronald Fernandez-Gomez, Yuri Rosero-Mora",NA,NA,NA,14.753864734299516,9.8
G-MB-A-ET_03,MB-A-ET_03,G-MB-A-ET,Gaica,Gaica mbd,2013-10-10,13-14,2013,10,10,283,59,07:55:00,00:00:00,2,11,5,Late,1,1,"Ronald Fernandez-Gomez, Yuri Rosero-Mora",NA,NA,NA,14.753864734299516,9.8
G-MB-A-ET_03,MB-A-ET_03,G-MB-A-ET,Gaica,Gaica mbd,2013-10-11,13-14,2013,10,11,284,60,08:54:00,00:00:00,2,11,6,Late,2,1,"Ronald Fernandez-Gomez, Yuri Rosero-Mora",NA,NA,NA,14.753864734299516,9.8
G-MB-A-ET_03,MB-A-ET_03,G-MB-A-ET,Gaica,Gaica mbd,2013-10-12,13-14,2013,10,12,285,61,09:54:00,00:00:00,2,11,7,Late,3,1,"Ronald Fernandez-Gomez, Yuri Rosero-Mora",NA,NA,NA,14.753864734299516,9.8
G-MB-A-ET_03,MB-A-ET_03,G-MB-A-ET,Gaica,Gaica mbd,2013-10-13,13-14,2013,10,13,286,62,08:47:00,00:00:00,2,11,8,Late,4,1,"Ronald Fernandez-Gomez, Yuri Rosero-Mora",NA,NA,NA,14.753864734299516,9.8
G-MB-A-ET_03,MB-A-ET_03,G-MB-A-ET,Gaica,Gaica mbd,2016-11-13,16-17,2016,11,13,318,58,07:50:00,00:00:00,2,11,1,Early,1,1,"Yuri Rosero-Mora, Robert Rodriguez",NA,NA,NA,14.908937198067632,9.4
G-MB-A-ET_03,MB-A-ET_03,G-MB-A-ET,Gaica,Gaica mbd,2016-11-14,16-17,2016,11,14,319,59,07:28:00,00:00:00,2,11,2,Early,2,1,"Yuri Rosero-Mora, Robert Rodriguez",NA,NA,NA,14.908937198067632,9.4
G-MB-A-ET_03,MB-A-ET_03,G-MB-A-ET,Gaica,Gaica mbd,2016-11-15,16-17,2016,11,15,320,60,07:15:00,00:00:00,2,11,3,Early,3,1,"Yuri Rosero-Mora, Robert Rodriguez",NA,NA,NA,14.908937198067632,9.4
G-MB-A-ET_04,MB-A-ET_04,G-MB-A-ET,Gaica,Gaica mbd,2013-07-02,13-14,2013,7,2,183,40,07:50:00,00:00:00,2,11,1,Early,1,1,"Ronald Fernandez-Gomez, Yuri Rosero-Mora",NA,NA,NA,12.105288577638252,9
G-MB-A-ET_04,MB-A-ET_04,G-MB-A-ET,Gaica,Gaica mbd,2013-07-03,13-14,2013,7,3,184,41,07:47:00,00:00:00,2,11,2,Early,2,1,"Ronald Fernandez-Gomez, Yuri Rosero-Mora",NA,NA,NA,12.105288577638252,9
G-MB-A-ET_04,MB-A-ET_04,G-MB-A-ET,Gaica,Gaica mbd,2013-07-04,13-14,2013,7,4,185,42,07:31:00,00:00:00,2,11,3,Early,3,1,"Ronald Fernandez-Gomez, Yuri Rosero-Mora",NA,NA,NA,12.105288577638252,9
G-MB-A-ET_04,MB-A-ET_04,G-MB-A-ET,Gaica,Gaica mbd,2013-07-05,13-14,2013,7,5,186,43,07:40:00,00:00:00,2,11,4,Early,4,1,"Ronald Fernandez-Gomez, Yuri Rosero-Mora",NA,NA,NA,12.105288577638252,9
G-MB-A-ET_04,MB-A-ET_04,G-MB-A-ET,Gaica,Gaica mbd,2013-10-10,13-14,2013,10,10,283,59,08:20:00,00:00:00,2,11,5,Late,1,1,"Ronald Fernandez-Gomez, Yuri Rosero-Mora",NA,NA,NA,12.105288577638252,9
G-MB-A-ET_04,MB-A-ET_04,G-MB-A-ET,Gaica,Gaica mbd,2013-10-11,13-14,2013,10,11,284,60,08:34:00,00:00:00,2,11,6,Late,2,1,"Ronald Fernandez-Gomez, Yuri Rosero-Mora",NA,NA,NA,12.105288577638252,9
G-MB-A-ET_04,MB-A-ET_04,G-MB-A-ET,Gaica,Gaica mbd,2013-10-12,13-14,2013,10,12,285,61,09:35:00,00:00:00,2,11,7,Late,3,1,"Ronald Fernandez-Gomez, Yuri Rosero-Mora",NA,NA,NA,12.105288577638252,9
G-MB-A-ET_04,MB-A-ET_04,G-MB-A-ET,Gaica,Gaica mbd,2013-10-13,13-14,2013,10,13,286,62,08:25:00,00:00:00,2,11,8,Late,4,1,"Ronald Fernandez-Gomez, Yuri Rosero-Mora",NA,NA,NA,12.105288577638252,9
G-MB-A-ET_04,MB-A-ET_04,G-MB-A-ET,Gaica,Gaica mbd,2016-11-13,16-17,2016,11,13,318,58,08:10:00,00:00:00,2,11,1,Early,1,1,"Yuri Rosero-Mora, Robert Rodriguez",NA,NA,NA,12.35836754407148,9
G-MB-A-ET_04,MB-A-ET_04,G-MB-A-ET,Gaica,Gaica mbd,2016-11-14,16-17,2016,11,14,319,59,07:40:00,00:00:00,2,11,2,Early,2,1,"Yuri Rosero-Mora, Robert Rodriguez",NA,NA,NA,12.35836754407148,9
G-MB-A-ET_04,MB-A-ET_04,G-MB-A-ET,Gaica,Gaica mbd,2016-11-15,16-17,2016,11,15,320,60,07:30:00,00:00:00,2,11,3,Early,3,1,"Yuri Rosero-Mora, Robert Rodriguez",NA,NA,NA,12.35836754407148,9
G-MB-A-ET_05,MB-A-ET_05,G-MB-A-ET,Gaica,Gaica mbd,2013-07-02,13-14,2013,7,2,183,40,08:15:00,00:00:00,2,11,1,Early,1,1,"Ronald Fernandez-Gomez, Yuri Rosero-Mora",NA,NA,NA,13.16421154310553,9.6
G-MB-A-ET_05,MB-A-ET_05,G-MB-A-ET,Gaica,Gaica mbd,2013-07-03,13-14,2013,7,3,184,41,08:15:00,00:00:00,2,11,2,Early,2,1,"Ronald Fernandez-Gomez, Yuri Rosero-Mora",NA,NA,NA,13.16421154310553,9.6
G-MB-A-ET_05,MB-A-ET_05,G-MB-A-ET,Gaica,Gaica mbd,2013-07-04,13-14,2013,7,4,185,42,07:51:00,00:00:00,2,11,3,Early,3,1,"Ronald Fernandez-Gomez, Yuri Rosero-Mora",NA,NA,NA,13.16421154310553,9.6
G-MB-A-ET_05,MB-A-ET_05,G-MB-A-ET,Gaica,Gaica mbd,2013-07-05,13-14,2013,7,5,186,43,07:52:00,00:00:00,2,11,4,Early,4,1,"Ronald Fernandez-Gomez, Yuri Rosero-Mora",NA,NA,NA,13.16421154310553,9.6
G-MB-A-ET_05,MB-A-ET_05,G-MB-A-ET,Gaica,Gaica mbd,2013-10-10,13-14,2013,10,10,283,59,08:50:00,00:00:00,2,11,5,Late,1,1,"Ronald Fernandez-Gomez, Yuri Rosero-Mora",NA,NA,NA,13.16421154310553,9.6
G-MB-A-ET_05,MB-A-ET_05,G-MB-A-ET,Gaica,Gaica mbd,2013-10-11,13-14,2013,10,11,284,60,08:14:00,00:00:00,2,11,6,Late,2,1,"Ronald Fernandez-Gomez, Yuri Rosero-Mora",NA,NA,NA,13.16421154310553,9.6
G-MB-A-ET_05,MB-A-ET_05,G-MB-A-ET,Gaica,Gaica mbd,2013-10-12,13-14,2013,10,12,285,61,09:18:00,00:00:00,2,11,7,Late,3,1,"Ronald Fernandez-Gomez, Yuri Rosero-Mora",NA,NA,NA,13.16421154310553,9.6
G-MB-A-ET_05,MB-A-ET_05,G-MB-A-ET,Gaica,Gaica mbd,2013-10-13,13-14,2013,10,13,286,62,07:30:00,00:00:00,2,11,8,Late,4,1,"Ronald Fernandez-Gomez, Yuri Rosero-Mora",NA,NA,NA,13.16421154310553,9.6
G-MB-A-ET_05,MB-A-ET_05,G-MB-A-ET,Gaica,Gaica mbd,2016-11-13,16-17,2016,11,13,318,58,08:25:00,00:00:00,2,11,1,Early,1,1,"Yuri Rosero-Mora, Robert Rodriguez",NA,NA,NA,13.361748369958947,9.6
G-MB-A-ET_05,MB-A-ET_05,G-MB-A-ET,Gaica,Gaica mbd,2016-11-14,16-17,2016,11,14,319,59,07:55:00,00:00:00,2,11,2,Early,2,1,"Yuri Rosero-Mora, Robert Rodriguez",NA,NA,NA,13.361748369958947,9.6
G-MB-A-ET_05,MB-A-ET_05,G-MB-A-ET,Gaica,Gaica mbd,2016-11-15,16-17,2016,11,15,320,60,07:45:00,00:00:00,2,11,3,Early,3,1,"Yuri Rosero-Mora, Robert Rodriguez",NA,NA,NA,13.361748369958947,9.6
G-MB-A-ET_06,MB-A-ET_06,G-MB-A-ET,Gaica,Gaica mbd,2013-07-02,13-14,2013,7,2,183,40,08:39:00,00:00:00,2,11,1,Early,1,1,"Ronald Fernandez-Gomez, Yuri Rosero-Mora",NA,NA,NA,12.608579738245274,8.8
G-MB-A-ET_06,MB-A-ET_06,G-MB-A-ET,Gaica,Gaica mbd,2013-07-03,13-14,2013,7,3,184,41,08:42:00,00:00:00,2,11,2,Early,2,1,"Ronald Fernandez-Gomez, Yuri Rosero-Mora",NA,NA,NA,12.608579738245274,8.8
G-MB-A-ET_06,MB-A-ET_06,G-MB-A-ET,Gaica,Gaica mbd,2013-07-04,13-14,2013,7,4,185,42,08:11:00,00:00:00,2,11,3,Early,3,1,"Ronald Fernandez-Gomez, Yuri Rosero-Mora",NA,NA,NA,12.608579738245274,8.8
G-MB-A-ET_06,MB-A-ET_06,G-MB-A-ET,Gaica,Gaica mbd,2013-07-05,13-14,2013,7,5,186,43,08:10:00,00:00:00,2,11,4,Early,4,1,"Ronald Fernandez-Gomez, Yuri Rosero-Mora",NA,NA,NA,12.608579738245274,8.8
G-MB-A-ET_06,MB-A-ET_06,G-MB-A-ET,Gaica,Gaica mbd,2013-10-10,13-14,2013,10,10,283,59,09:20:00,00:00:00,2,11,5,Late,1,0,"Ronald Fernandez-Gomez, Yuri Rosero-Mora",NA,NA,NA,12.608579738245274,8.8
G-MB-A-ET_06,MB-A-ET_06,G-MB-A-ET,Gaica,Gaica mbd,2013-10-11,13-14,2013,10,11,284,60,07:55:00,00:00:00,2,11,6,Late,2,1,"Ronald Fernandez-Gomez, Yuri Rosero-Mora",NA,NA,NA,12.608579738245274,8.8
G-MB-A-ET_06,MB-A-ET_06,G-MB-A-ET,Gaica,Gaica mbd,2013-10-12,13-14,2013,10,12,285,61,09:00:00,00:00:00,2,11,7,Late,3,1,"Ronald Fernandez-Gomez, Yuri Rosero-Mora",NA,NA,NA,12.608579738245274,8.8
G-MB-A-ET_06,MB-A-ET_06,G-MB-A-ET,Gaica,Gaica mbd,2013-10-13,13-14,2013,10,13,286,62,07:55:00,00:00:00,2,11,8,Late,4,1,"Ronald Fernandez-Gomez, Yuri Rosero-Mora",NA,NA,NA,12.608579738245274,8.8
G-MB-A-ET_06,MB-A-ET_06,G-MB-A-ET,Gaica,Gaica mbd,2016-11-13,16-17,2016,11,13,318,58,06:40:00,00:00:00,2,11,1,Early,1,1,"Yuri Rosero-Mora, Robert Rodriguez",NA,NA,NA,13.13402811439651,6
G-MB-A-ET_06,MB-A-ET_06,G-MB-A-ET,Gaica,Gaica mbd,2016-11-14,16-17,2016,11,14,319,59,06:30:00,00:00:00,2,11,2,Early,2,1,"Yuri Rosero-Mora, Robert Rodriguez",NA,NA,NA,13.13402811439651,6
G-MB-A-ET_06,MB-A-ET_06,G-MB-A-ET,Gaica,Gaica mbd,2016-11-15,16-17,2016,11,15,320,60,06:30:00,00:00:00,2,11,3,Early,3,1,"Yuri Rosero-Mora, Robert Rodriguez",NA,NA,NA,13.13402811439651,6
G-MB-A-LRE_01,MB-A-LRE_01,G-MB-A-LRE,Gaica,Gaica mbd,2013-07-12,13-14,2013,7,12,193,50,07:00:00,00:00:00,2,11,1,Early,1,1,"Ronald Fernandez-Gomez, Yuri Rosero-Mora",NA,NA,NA,25.91958464139097,10.7
G-MB-A-LRE_01,MB-A-LRE_01,G-MB-A-LRE,Gaica,Gaica mbd,2013-07-13,13-14,2013,7,13,194,51,05:35:00,00:00:00,2,11,2,Early,2,1,"Ronald Fernandez-Gomez, Yuri Rosero-Mora",NA,NA,NA,25.91958464139097,10.7
G-MB-A-LRE_01,MB-A-LRE_01,G-MB-A-LRE,Gaica,Gaica mbd,2013-07-14,13-14,2013,7,14,195,52,05:36:00,00:00:00,2,11,3,Early,3,1,"Ronald Fernandez-Gomez, Yuri Rosero-Mora",NA,NA,NA,25.91958464139097,10.7
G-MB-A-LRE_01,MB-A-LRE_01,G-MB-A-LRE,Gaica,Gaica mbd,2013-07-15,13-14,2013,7,15,196,53,08:25:00,00:00:00,2,11,4,Early,4,1,"Ronald Fernandez-Gomez, Yuri Rosero-Mora",NA,NA,NA,25.91958464139097,10.7
G-MB-A-LRE_01,MB-A-LRE_01,G-MB-A-LRE,Gaica,Gaica mbd,2013-10-02,13-14,2013,10,2,275,51,05:50:00,00:00:00,2,11,5,Late,1,1,"Ronald Fernandez-Gomez, Yuri Rosero-Mora",NA,NA,NA,25.91958464139097,10.7
G-MB-A-LRE_01,MB-A-LRE_01,G-MB-A-LRE,Gaica,Gaica mbd,2013-10-03,13-14,2013,10,3,276,52,05:45:00,00:00:00,2,11,6,Late,2,1,"Ronald Fernandez-Gomez, Yuri Rosero-Mora",NA,NA,NA,25.91958464139097,10.7
G-MB-A-LRE_01,MB-A-LRE_01,G-MB-A-LRE,Gaica,Gaica mbd,2013-10-04,13-14,2013,10,4,277,53,09:05:00,00:00:00,2,11,7,Late,3,1,"Ronald Fernandez-Gomez, Yuri Rosero-Mora",NA,NA,NA,25.91958464139097,10.7
G-MB-A-LRE_01,MB-A-LRE_01,G-MB-A-LRE,Gaica,Gaica mbd,2013-10-05,13-14,2013,10,5,278,54,05:50:00,00:00:00,2,11,8,Late,4,1,"Ronald Fernandez-Gomez, Yuri Rosero-Mora",NA,NA,NA,25.91958464139097,10.7
G-MB-A-LRE_01,MB-A-LRE_01,G-MB-A-LRE,Gaica,Gaica mbd,2016-11-21,16-17,2016,11,21,326,66,05:55:00,00:00:00,2,11,1,Early,1,1,"Yuri Rosero-Mora, Robert Rodriguez",NA,NA,NA,25.23424293648877,10.7
G-MB-A-LRE_01,MB-A-LRE_01,G-MB-A-LRE,Gaica,Gaica mbd,2016-11-22,16-17,2016,11,22,327,67,05:45:00,00:00:00,2,11,2,Early,2,1,"Yuri Rosero-Mora, Robert Rodriguez",NA,NA,NA,25.23424293648877,10.7
G-MB-A-LRE_01,MB-A-LRE_01,G-MB-A-LRE,Gaica,Gaica mbd,2016-11-23,16-17,2016,11,23,328,68,05:45:00,00:00:00,2,11,3,Early,3,1,"Yuri Rosero-Mora, Robert Rodriguez",NA,NA,NA,25.23424293648877,10.7
G-MB-A-LRE_02,MB-A-LRE_02,G-MB-A-LRE,Gaica,Gaica mbd,2013-07-12,13-14,2013,7,12,193,50,07:30:00,00:00:00,2,11,1,Early,1,1,"Ronald Fernandez-Gomez, Yuri Rosero-Mora",NA,NA,NA,25.54648635595267,13.2
G-MB-A-LRE_02,MB-A-LRE_02,G-MB-A-LRE,Gaica,Gaica mbd,2013-07-13,13-14,2013,7,13,194,51,06:00:00,00:00:00,2,11,2,Early,2,1,"Ronald Fernandez-Gomez, Yuri Rosero-Mora",NA,NA,NA,25.54648635595267,13.2
G-MB-A-LRE_02,MB-A-LRE_02,G-MB-A-LRE,Gaica,Gaica mbd,2013-07-14,13-14,2013,7,14,195,52,06:00:00,00:00:00,2,11,3,Early,3,1,"Ronald Fernandez-Gomez, Yuri Rosero-Mora",NA,NA,NA,25.54648635595267,13.2
G-MB-A-LRE_02,MB-A-LRE_02,G-MB-A-LRE,Gaica,Gaica mbd,2013-07-15,13-14,2013,7,15,196,53,05:50:00,00:00:00,2,11,4,Early,4,1,"Ronald Fernandez-Gomez, Yuri Rosero-Mora",NA,NA,NA,25.54648635595267,13.2
G-MB-A-LRE_02,MB-A-LRE_02,G-MB-A-LRE,Gaica,Gaica mbd,2013-10-02,13-14,2013,10,2,275,51,06:16:00,00:00:00,2,11,5,Late,1,1,"Ronald Fernandez-Gomez, Yuri Rosero-Mora",NA,NA,NA,25.54648635595267,13.2
G-MB-A-LRE_02,MB-A-LRE_02,G-MB-A-LRE,Gaica,Gaica mbd,2013-10-03,13-14,2013,10,3,276,52,06:10:00,00:00:00,2,11,6,Late,2,1,"Ronald Fernandez-Gomez, Yuri Rosero-Mora",NA,NA,NA,25.54648635595267,13.2
G-MB-A-LRE_02,MB-A-LRE_02,G-MB-A-LRE,Gaica,Gaica mbd,2013-10-04,13-14,2013,10,4,277,53,09:33:00,00:00:00,2,11,7,Late,3,1,"Ronald Fernandez-Gomez, Yuri Rosero-Mora",NA,NA,NA,25.54648635595267,13.2
G-MB-A-LRE_02,MB-A-LRE_02,G-MB-A-LRE,Gaica,Gaica mbd,2013-10-05,13-14,2013,10,5,278,54,06:14:00,00:00:00,2,11,8,Late,4,1,"Ronald Fernandez-Gomez, Yuri Rosero-Mora",NA,NA,NA,25.54648635595267,13.2
G-MB-A-LRE_02,MB-A-LRE_02,G-MB-A-LRE,Gaica,Gaica mbd,2016-11-21,16-17,2016,11,21,326,66,06:15:00,00:00:00,2,11,1,Early,1,1,"Yuri Rosero-Mora, Robert Rodriguez",NA,NA,NA,24.83844482009177,13.2
G-MB-A-LRE_02,MB-A-LRE_02,G-MB-A-LRE,Gaica,Gaica mbd,2016-11-22,16-17,2016,11,22,327,67,06:10:00,00:00:00,2,11,2,Early,2,1,"Yuri Rosero-Mora, Robert Rodriguez",NA,NA,NA,24.83844482009177,13.2
G-MB-A-LRE_02,MB-A-LRE_02,G-MB-A-LRE,Gaica,Gaica mbd,2016-11-23,16-17,2016,11,23,328,68,06:10:00,00:00:00,2,11,3,Early,3,1,"Yuri Rosero-Mora, Robert Rodriguez",NA,NA,NA,24.83844482009177,13.2
G-MB-A-LRE_03,MB-A-LRE_03,G-MB-A-LRE,Gaica,Gaica mbd,2013-07-12,13-14,2013,7,12,193,50,08:05:00,00:00:00,2,11,1,Early,1,1,"Ronald Fernandez-Gomez, Yuri Rosero-Mora",NA,NA,NA,23.451004113234937,2
G-MB-A-LRE_03,MB-A-LRE_03,G-MB-A-LRE,Gaica,Gaica mbd,2013-07-13,13-14,2013,7,13,194,51,06:53:00,00:00:00,2,11,2,Early,2,1,"Ronald Fernandez-Gomez, Yuri Rosero-Mora",NA,NA,NA,23.451004113234937,2
G-MB-A-LRE_03,MB-A-LRE_03,G-MB-A-LRE,Gaica,Gaica mbd,2013-07-14,13-14,2013,7,14,195,52,06:25:00,00:00:00,2,11,3,Early,3,1,"Ronald Fernandez-Gomez, Yuri Rosero-Mora",NA,NA,NA,23.451004113234937,2
G-MB-A-LRE_03,MB-A-LRE_03,G-MB-A-LRE,Gaica,Gaica mbd,2013-07-15,13-14,2013,7,15,196,53,06:28:00,00:00:00,2,11,4,Early,4,1,"Ronald Fernandez-Gomez, Yuri Rosero-Mora",NA,NA,NA,23.451004113234937,2
G-MB-A-LRE_03,MB-A-LRE_03,G-MB-A-LRE,Gaica,Gaica mbd,2013-10-02,13-14,2013,10,2,275,51,06:45:00,00:00:00,2,11,5,Late,1,1,"Ronald Fernandez-Gomez, Yuri Rosero-Mora",NA,NA,NA,23.451004113234937,2
G-MB-A-LRE_03,MB-A-LRE_03,G-MB-A-LRE,Gaica,Gaica mbd,2013-10-03,13-14,2013,10,3,276,52,06:40:00,00:00:00,2,11,6,Late,2,1,"Ronald Fernandez-Gomez, Yuri Rosero-Mora",NA,NA,NA,23.451004113234937,2
G-MB-A-LRE_03,MB-A-LRE_03,G-MB-A-LRE,Gaica,Gaica mbd,2013-10-04,13-14,2013,10,4,277,53,10:05:00,00:00:00,2,11,7,Late,3,1,"Ronald Fernandez-Gomez, Yuri Rosero-Mora",NA,NA,NA,23.451004113234937,2
G-MB-A-LRE_03,MB-A-LRE_03,G-MB-A-LRE,Gaica,Gaica mbd,2013-10-05,13-14,2013,10,5,278,54,06:40:00,00:00:00,2,11,8,Late,4,1,"Ronald Fernandez-Gomez, Yuri Rosero-Mora",NA,NA,NA,23.451004113234937,2
G-MB-A-LRE_03,MB-A-LRE_03,G-MB-A-LRE,Gaica,Gaica mbd,2016-11-21,16-17,2016,11,21,326,66,06:35:00,00:00:00,2,11,1,Early,1,1,"Yuri Rosero-Mora, Robert Rodriguez",NA,NA,NA,22.65158480522623,2
G-MB-A-LRE_03,MB-A-LRE_03,G-MB-A-LRE,Gaica,Gaica mbd,2016-11-22,16-17,2016,11,22,327,67,06:35:00,00:00:00,2,11,2,Early,2,1,"Yuri Rosero-Mora, Robert Rodriguez",NA,NA,NA,22.65158480522623,2
G-MB-A-LRE_03,MB-A-LRE_03,G-MB-A-LRE,Gaica,Gaica mbd,2016-11-23,16-17,2016,11,23,328,68,06:25:00,00:00:00,2,11,3,Early,3,1,"Yuri Rosero-Mora, Robert Rodriguez",NA,NA,NA,22.65158480522623,2
G-MB-A-LRE_04,MB-A-LRE_04,G-MB-A-LRE,Gaica,Gaica mbd,2013-07-12,13-14,2013,7,12,193,50,08:40:00,00:00:00,2,11,1,Early,1,1,"Ronald Fernandez-Gomez, Yuri Rosero-Mora",NA,NA,NA,22.25307896643323,9.8
G-MB-A-LRE_04,MB-A-LRE_04,G-MB-A-LRE,Gaica,Gaica mbd,2013-07-13,13-14,2013,7,13,194,51,07:12:00,00:00:00,2,11,2,Early,2,1,"Ronald Fernandez-Gomez, Yuri Rosero-Mora",NA,NA,NA,22.25307896643323,9.8
G-MB-A-LRE_04,MB-A-LRE_04,G-MB-A-LRE,Gaica,Gaica mbd,2013-07-14,13-14,2013,7,14,195,52,06:50:00,00:00:00,2,11,3,Early,3,1,"Ronald Fernandez-Gomez, Yuri Rosero-Mora",NA,NA,NA,22.25307896643323,9.8
G-MB-A-LRE_04,MB-A-LRE_04,G-MB-A-LRE,Gaica,Gaica mbd,2013-07-15,13-14,2013,7,15,196,53,06:59:00,00:00:00,2,11,4,Early,4,1,"Ronald Fernandez-Gomez, Yuri Rosero-Mora",NA,NA,NA,22.25307896643323,9.8
G-MB-A-LRE_04,MB-A-LRE_04,G-MB-A-LRE,Gaica,Gaica mbd,2013-10-02,13-14,2013,10,2,275,51,07:06:00,00:00:00,2,11,5,Late,1,1,"Ronald Fernandez-Gomez, Yuri Rosero-Mora",NA,NA,NA,22.25307896643323,9.8
G-MB-A-LRE_04,MB-A-LRE_04,G-MB-A-LRE,Gaica,Gaica mbd,2013-10-03,13-14,2013,10,3,276,52,07:10:00,00:00:00,2,11,6,Late,2,1,"Ronald Fernandez-Gomez, Yuri Rosero-Mora",NA,NA,NA,22.25307896643323,9.8
G-MB-A-LRE_04,MB-A-LRE_04,G-MB-A-LRE,Gaica,Gaica mbd,2013-10-04,13-14,2013,10,4,277,53,10:35:00,00:00:00,2,11,7,Late,3,1,"Ronald Fernandez-Gomez, Yuri Rosero-Mora",NA,NA,NA,22.25307896643323,9.8
G-MB-A-LRE_04,MB-A-LRE_04,G-MB-A-LRE,Gaica,Gaica mbd,2013-10-05,13-14,2013,10,5,278,54,07:00:00,00:00:00,2,11,8,Late,4,1,"Ronald Fernandez-Gomez, Yuri Rosero-Mora",NA,NA,NA,22.25307896643323,9.8
G-MB-A-LRE_04,MB-A-LRE_04,G-MB-A-LRE,Gaica,Gaica mbd,2016-11-21,16-17,2016,11,21,326,66,07:05:00,00:00:00,2,11,1,Early,1,1,"Yuri Rosero-Mora, Robert Rodriguez",NA,NA,NA,21.658536585365855,9.8
G-MB-A-LRE_04,MB-A-LRE_04,G-MB-A-LRE,Gaica,Gaica mbd,2016-11-22,16-17,2016,11,22,327,67,06:55:00,00:00:00,2,11,2,Early,2,1,"Yuri Rosero-Mora, Robert Rodriguez",NA,NA,NA,21.658536585365855,9.8
G-MB-A-LRE_04,MB-A-LRE_04,G-MB-A-LRE,Gaica,Gaica mbd,2016-11-23,16-17,2016,11,23,328,68,06:42:00,00:00:00,2,11,3,Early,3,1,"Yuri Rosero-Mora, Robert Rodriguez",NA,NA,NA,21.658536585365855,9.8
G-MB-A-LRE_05,MB-A-LRE_05,G-MB-A-LRE,Gaica,Gaica mbd,2013-07-12,13-14,2013,7,12,193,50,09:10:00,00:00:00,2,11,1,Early,1,1,"Ronald Fernandez-Gomez, Yuri Rosero-Mora",NA,NA,NA,19.26974160830717,7.7
G-MB-A-LRE_05,MB-A-LRE_05,G-MB-A-LRE,Gaica,Gaica mbd,2013-07-13,13-14,2013,7,13,194,51,07:37:00,00:00:00,2,11,2,Early,2,1,"Ronald Fernandez-Gomez, Yuri Rosero-Mora",NA,NA,NA,19.26974160830717,7.7
G-MB-A-LRE_05,MB-A-LRE_05,G-MB-A-LRE,Gaica,Gaica mbd,2013-07-14,13-14,2013,7,14,195,52,07:16:00,00:00:00,2,11,3,Early,3,1,"Ronald Fernandez-Gomez, Yuri Rosero-Mora",NA,NA,NA,19.26974160830717,7.7
G-MB-A-LRE_05,MB-A-LRE_05,G-MB-A-LRE,Gaica,Gaica mbd,2013-07-15,13-14,2013,7,15,196,53,07:25:00,00:00:00,2,11,4,Early,4,1,"Ronald Fernandez-Gomez, Yuri Rosero-Mora",NA,NA,NA,19.26974160830717,7.7
G-MB-A-LRE_05,MB-A-LRE_05,G-MB-A-LRE,Gaica,Gaica mbd,2013-10-02,13-14,2013,10,2,275,51,07:40:00,00:00:00,2,11,5,Late,1,1,"Ronald Fernandez-Gomez, Yuri Rosero-Mora",NA,NA,NA,19.26974160830717,7.7
G-MB-A-LRE_05,MB-A-LRE_05,G-MB-A-LRE,Gaica,Gaica mbd,2013-10-03,13-14,2013,10,3,276,52,07:46:00,00:00:00,2,11,6,Late,2,1,"Ronald Fernandez-Gomez, Yuri Rosero-Mora",NA,NA,NA,19.26974160830717,7.7
G-MB-A-LRE_05,MB-A-LRE_05,G-MB-A-LRE,Gaica,Gaica mbd,2013-10-04,13-14,2013,10,4,277,53,11:05:00,00:00:00,2,11,7,Late,3,1,"Ronald Fernandez-Gomez, Yuri Rosero-Mora",NA,NA,NA,19.26974160830717,7.7
G-MB-A-LRE_05,MB-A-LRE_05,G-MB-A-LRE,Gaica,Gaica mbd,2013-10-05,13-14,2013,10,5,278,54,07:25:00,00:00:00,2,11,8,Late,4,1,"Ronald Fernandez-Gomez, Yuri Rosero-Mora",NA,NA,NA,19.26974160830717,7.7
G-MB-A-LRE_05,MB-A-LRE_05,G-MB-A-LRE,Gaica,Gaica mbd,2016-11-21,16-17,2016,11,21,326,66,07:25:00,00:00:00,2,11,1,Early,1,1,"Yuri Rosero-Mora, Robert Rodriguez",NA,NA,NA,18.828060854865974,7.7
G-MB-A-LRE_05,MB-A-LRE_05,G-MB-A-LRE,Gaica,Gaica mbd,2016-11-22,16-17,2016,11,22,327,67,07:25:00,00:00:00,2,11,2,Early,2,1,"Yuri Rosero-Mora, Robert Rodriguez",NA,NA,NA,18.828060854865974,7.7
G-MB-A-LRE_05,MB-A-LRE_05,G-MB-A-LRE,Gaica,Gaica mbd,2016-11-23,16-17,2016,11,23,328,68,07:05:00,00:00:00,2,11,3,Early,3,1,"Yuri Rosero-Mora, Robert Rodriguez",NA,NA,NA,18.828060854865974,7.7
G-MB-A-LRE_06,MB-A-LRE_06,G-MB-A-LRE,Gaica,Gaica mbd,2013-07-12,13-14,2013,7,12,193,50,09:35:00,00:00:00,2,11,1,Early,1,1,"Ronald Fernandez-Gomez, Yuri Rosero-Mora",NA,NA,NA,19.514755684567007,10.1
G-MB-A-LRE_06,MB-A-LRE_06,G-MB-A-LRE,Gaica,Gaica mbd,2013-07-13,13-14,2013,7,13,194,51,08:00:00,00:00:00,2,11,2,Early,2,1,"Ronald Fernandez-Gomez, Yuri Rosero-Mora",NA,NA,NA,19.514755684567007,10.1
G-MB-A-LRE_06,MB-A-LRE_06,G-MB-A-LRE,Gaica,Gaica mbd,2013-07-14,13-14,2013,7,14,195,52,07:45:00,00:00:00,2,11,3,Early,3,1,"Ronald Fernandez-Gomez, Yuri Rosero-Mora",NA,NA,NA,19.514755684567007,10.1
G-MB-A-LRE_06,MB-A-LRE_06,G-MB-A-LRE,Gaica,Gaica mbd,2013-07-15,13-14,2013,7,15,196,53,07:54:00,00:00:00,2,11,4,Early,4,1,"Ronald Fernandez-Gomez, Yuri Rosero-Mora",NA,NA,NA,19.514755684567007,10.1
G-MB-A-LRE_06,MB-A-LRE_06,G-MB-A-LRE,Gaica,Gaica mbd,2013-10-02,13-14,2013,10,2,275,51,08:02:00,00:00:00,2,11,5,Late,1,1,"Ronald Fernandez-Gomez, Yuri Rosero-Mora",NA,NA,NA,19.514755684567007,10.1
G-MB-A-LRE_06,MB-A-LRE_06,G-MB-A-LRE,Gaica,Gaica mbd,2013-10-03,13-14,2013,10,3,276,52,08:40:00,00:00:00,2,11,6,Late,2,1,"Ronald Fernandez-Gomez, Yuri Rosero-Mora",NA,NA,NA,19.514755684567007,10.1
G-MB-A-LRE_06,MB-A-LRE_06,G-MB-A-LRE,Gaica,Gaica mbd,2013-10-04,13-14,2013,10,4,277,53,11:35:00,00:00:00,2,11,7,Late,3,1,"Ronald Fernandez-Gomez, Yuri Rosero-Mora",NA,NA,NA,19.514755684567007,10.1
G-MB-A-LRE_06,MB-A-LRE_06,G-MB-A-LRE,Gaica,Gaica mbd,2013-10-05,13-14,2013,10,5,278,54,07:44:00,00:00:00,2,11,8,Late,4,1,"Ronald Fernandez-Gomez, Yuri Rosero-Mora",NA,NA,NA,19.514755684567007,10.1
G-MB-A-LRE_06,MB-A-LRE_06,G-MB-A-LRE,Gaica,Gaica mbd,2016-11-21,16-17,2016,11,21,326,66,07:45:00,00:00:00,2,11,1,Early,1,1,"Yuri Rosero-Mora, Robert Rodriguez",NA,NA,NA,18.74915336236091,10.5
G-MB-A-LRE_06,MB-A-LRE_06,G-MB-A-LRE,Gaica,Gaica mbd,2016-11-22,16-17,2016,11,22,327,67,07:50:00,00:00:00,2,11,2,Early,2,1,"Yuri Rosero-Mora, Robert Rodriguez",NA,NA,NA,18.74915336236091,10.5
G-MB-A-LRE_06,MB-A-LRE_06,G-MB-A-LRE,Gaica,Gaica mbd,2016-11-23,16-17,2016,11,23,328,68,07:35:00,00:00:00,2,11,3,Early,3,1,"Yuri Rosero-Mora, Robert Rodriguez",NA,NA,NA,18.74915336236091,10.5
G-MB-G-CB_01,MB-G-CB_01,G-MB-G-CB,Gaica,Gaica mbd,2016-09-24,16-17,2016,9,24,268,8,06:05:00,00:00:00,1,6,1,Early,1,1,"Yuri Rosero-Mora, Robert Rodriguez",NA,NA,NA,67.30125422093585,20.2
G-MB-G-CB_01,MB-G-CB_01,G-MB-G-CB,Gaica,Gaica mbd,2016-09-25,16-17,2016,9,25,269,9,06:15:00,00:00:00,1,6,2,Early,2,1,"Yuri Rosero-Mora, Robert Rodriguez",NA,NA,NA,67.30125422093585,20.2
G-MB-G-CB_01,MB-G-CB_01,G-MB-G-CB,Gaica,Gaica mbd,2016-09-26,16-17,2016,9,26,270,10,06:00:00,00:00:00,1,6,3,Early,3,1,"Yuri Rosero-Mora, Robert Rodriguez",NA,NA,NA,67.30125422093585,20.2
G-MB-G-CB_01,MB-G-CB_01,G-MB-G-CB,Gaica,Gaica mbd,2017-04-25,16-17,2017,4,25,115,42,05:40:00,00:00:00,1,6,4,Late,1,1,"Yuri Rosero-Mora, Robert Rodriguez",NA,NA,NA,69.13796430294259,20.2
G-MB-G-CB_01,MB-G-CB_01,G-MB-G-CB,Gaica,Gaica mbd,2017-04-26,16-17,2017,4,26,116,43,08:30:00,00:00:00,1,6,5,Late,2,1,"Yuri Rosero-Mora, Robert Rodriguez",NA,NA,NA,69.13796430294259,20.2
G-MB-G-CB_01,MB-G-CB_01,G-MB-G-CB,Gaica,Gaica mbd,2017-04-27,16-17,2017,4,27,117,44,08:35:00,00:00:00,1,6,6,Late,3,1,"Yuri Rosero-Mora, Robert Rodriguez",NA,NA,NA,69.13796430294259,20.2
G-MB-G-CB_02,MB-G-CB_02,G-MB-G-CB,Gaica,Gaica mbd,2016-09-24,16-17,2016,9,24,268,8,06:29:00,00:00:00,1,6,1,Early,1,1,"Yuri Rosero-Mora, Robert Rodriguez",NA,NA,NA,67.48067632850241,21.4
G-MB-G-CB_02,MB-G-CB_02,G-MB-G-CB,Gaica,Gaica mbd,2016-09-25,16-17,2016,9,25,269,9,06:50:00,00:00:00,1,6,2,Early,2,1,"Yuri Rosero-Mora, Robert Rodriguez",NA,NA,NA,67.48067632850241,21.4
G-MB-G-CB_02,MB-G-CB_02,G-MB-G-CB,Gaica,Gaica mbd,2016-09-26,16-17,2016,9,26,270,10,06:19:00,00:00:00,1,6,3,Early,3,1,"Yuri Rosero-Mora, Robert Rodriguez",NA,NA,NA,67.48067632850241,21.4
G-MB-G-CB_02,MB-G-CB_02,G-MB-G-CB,Gaica,Gaica mbd,2017-04-25,16-17,2017,4,25,115,42,06:00:00,00:00:00,1,6,4,Late,1,1,"Yuri Rosero-Mora, Robert Rodriguez",NA,NA,NA,68.88888888888889,21.4
G-MB-G-CB_02,MB-G-CB_02,G-MB-G-CB,Gaica,Gaica mbd,2017-04-26,16-17,2017,4,26,116,43,08:00:00,00:00:00,1,6,5,Late,2,1,"Yuri Rosero-Mora, Robert Rodriguez",NA,NA,NA,68.88888888888889,21.4
G-MB-G-CB_02,MB-G-CB_02,G-MB-G-CB,Gaica,Gaica mbd,2017-04-27,16-17,2017,4,27,117,44,08:15:00,00:00:00,1,6,6,Late,3,1,"Yuri Rosero-Mora, Robert Rodriguez",NA,NA,NA,68.88888888888889,21.4
G-MB-G-CB_03,MB-G-CB_03,G-MB-G-CB,Gaica,Gaica mbd,2016-09-24,16-17,2016,9,24,268,8,06:50:00,00:00:00,1,6,1,Early,1,1,"Yuri Rosero-Mora, Robert Rodriguez",NA,NA,NA,68.07391304347826,24.5
G-MB-G-CB_03,MB-G-CB_03,G-MB-G-CB,Gaica,Gaica mbd,2016-09-25,16-17,2016,9,25,269,9,07:05:00,00:00:00,1,6,2,Early,2,1,"Yuri Rosero-Mora, Robert Rodriguez",NA,NA,NA,68.07391304347826,24.5
G-MB-G-CB_03,MB-G-CB_03,G-MB-G-CB,Gaica,Gaica mbd,2016-09-26,16-17,2016,9,26,270,10,06:33:00,00:00:00,1,6,3,Early,3,1,"Yuri Rosero-Mora, Robert Rodriguez",NA,NA,NA,68.07391304347826,24.5
G-MB-G-CB_03,MB-G-CB_03,G-MB-G-CB,Gaica,Gaica mbd,2017-04-25,16-17,2017,4,25,115,42,06:25:00,00:00:00,1,6,4,Late,1,1,"Yuri Rosero-Mora, Robert Rodriguez",NA,NA,NA,69.58067632850242,24.5
G-MB-G-CB_03,MB-G-CB_03,G-MB-G-CB,Gaica,Gaica mbd,2017-04-26,16-17,2017,4,26,116,43,07:35:00,00:00:00,1,6,5,Late,2,1,"Yuri Rosero-Mora, Robert Rodriguez",NA,NA,NA,69.58067632850242,24.5
G-MB-G-CB_03,MB-G-CB_03,G-MB-G-CB,Gaica,Gaica mbd,2017-04-27,16-17,2017,4,27,117,44,07:45:00,00:00:00,1,6,6,Late,3,1,"Yuri Rosero-Mora, Robert Rodriguez",NA,NA,NA,69.58067632850242,24.5
G-MB-G-CB_04,MB-G-CB_04,G-MB-G-CB,Gaica,Gaica mbd,2016-09-24,16-17,2016,9,24,268,8,07:15:00,00:00:00,1,6,1,Early,1,1,"Yuri Rosero-Mora, Robert Rodriguez",NA,NA,NA,68.56228874939643,23.2
G-MB-G-CB_04,MB-G-CB_04,G-MB-G-CB,Gaica,Gaica mbd,2016-09-25,16-17,2016,9,25,269,9,07:25:00,00:00:00,1,6,2,Early,2,1,"Yuri Rosero-Mora, Robert Rodriguez",NA,NA,NA,68.56228874939643,23.2
G-MB-G-CB_04,MB-G-CB_04,G-MB-G-CB,Gaica,Gaica mbd,2016-09-26,16-17,2016,9,26,270,10,06:50:00,00:00:00,1,6,3,Early,3,1,"Yuri Rosero-Mora, Robert Rodriguez",NA,NA,NA,68.56228874939643,23.2
G-MB-G-CB_04,MB-G-CB_04,G-MB-G-CB,Gaica,Gaica mbd,2017-04-25,16-17,2017,4,25,115,42,06:50:00,00:00:00,1,6,4,Late,1,1,"Yuri Rosero-Mora, Robert Rodriguez",NA,NA,NA,69.4671656204732,23.2
G-MB-G-CB_04,MB-G-CB_04,G-MB-G-CB,Gaica,Gaica mbd,2017-04-26,16-17,2017,4,26,116,43,07:10:00,00:00:00,1,6,5,Late,2,1,"Yuri Rosero-Mora, Robert Rodriguez",NA,NA,NA,69.4671656204732,23.2
G-MB-G-CB_04,MB-G-CB_04,G-MB-G-CB,Gaica,Gaica mbd,2017-04-27,16-17,2017,4,27,117,44,07:05:00,00:00:00,1,6,6,Late,3,1,"Yuri Rosero-Mora, Robert Rodriguez",NA,NA,NA,69.4671656204732,23.2
G-MB-G-CB_05,MB-G-CB_05,G-MB-G-CB,Gaica,Gaica mbd,2016-09-24,16-17,2016,9,24,268,8,07:42:00,00:00:00,1,6,1,Early,1,1,"Yuri Rosero-Mora, Robert Rodriguez",NA,NA,NA,60.84732272069465,6.4
G-MB-G-CB_05,MB-G-CB_05,G-MB-G-CB,Gaica,Gaica mbd,2016-09-25,16-17,2016,9,25,269,9,07:43:00,00:00:00,1,6,2,Early,2,1,"Yuri Rosero-Mora, Robert Rodriguez",NA,NA,NA,60.84732272069465,6.4
G-MB-G-CB_05,MB-G-CB_05,G-MB-G-CB,Gaica,Gaica mbd,2016-09-26,16-17,2016,9,26,270,10,07:10:00,00:00:00,1,6,3,Early,3,1,"Yuri Rosero-Mora, Robert Rodriguez",NA,NA,NA,60.84732272069465,6.4
G-MB-G-CB_05,MB-G-CB_05,G-MB-G-CB,Gaica,Gaica mbd,2017-04-25,16-17,2017,4,25,115,42,07:15:00,00:00:00,1,6,4,Late,1,1,"Yuri Rosero-Mora, Robert Rodriguez",NA,NA,NA,64.51929570670526,7.8
G-MB-G-CB_05,MB-G-CB_05,G-MB-G-CB,Gaica,Gaica mbd,2017-04-26,16-17,2017,4,26,116,43,06:00:00,00:00:00,1,6,5,Late,2,1,"Yuri Rosero-Mora, Robert Rodriguez",NA,NA,NA,64.51929570670526,7.8
G-MB-G-CB_05,MB-G-CB_05,G-MB-G-CB,Gaica,Gaica mbd,2017-04-27,16-17,2017,4,27,117,44,05:55:00,00:00:00,1,6,6,Late,3,1,"Yuri Rosero-Mora, Robert Rodriguez",NA,NA,NA,64.51929570670526,7.8
G-MB-G-CB_06,MB-G-CB_06,G-MB-G-CB,Gaica,Gaica mbd,2016-09-24,16-17,2016,9,24,268,8,08:11:00,00:00:00,1,6,1,Early,1,1,"Yuri Rosero-Mora, Robert Rodriguez",NA,NA,NA,61.90169082125604,10.5
G-MB-G-CB_06,MB-G-CB_06,G-MB-G-CB,Gaica,Gaica mbd,2016-09-25,16-17,2016,9,25,269,9,08:10:00,00:00:00,1,6,2,Early,2,1,"Yuri Rosero-Mora, Robert Rodriguez",NA,NA,NA,61.90169082125604,10.5
G-MB-G-CB_06,MB-G-CB_06,G-MB-G-CB,Gaica,Gaica mbd,2016-09-26,16-17,2016,9,26,270,10,07:31:00,00:00:00,1,6,3,Early,3,1,"Yuri Rosero-Mora, Robert Rodriguez",NA,NA,NA,61.90169082125604,10.5
G-MB-G-CB_06,MB-G-CB_06,G-MB-G-CB,Gaica,Gaica mbd,2017-04-25,16-17,2017,4,25,115,42,07:35:00,00:00:00,1,6,4,Late,1,1,"Yuri Rosero-Mora, Robert Rodriguez",NA,NA,NA,65.54830917874396,11.9
G-MB-G-CB_06,MB-G-CB_06,G-MB-G-CB,Gaica,Gaica mbd,2017-04-26,16-17,2017,4,26,116,43,06:40:00,00:00:00,1,6,5,Late,2,1,"Yuri Rosero-Mora, Robert Rodriguez",NA,NA,NA,65.54830917874396,11.9
G-MB-G-CB_06,MB-G-CB_06,G-MB-G-CB,Gaica,Gaica mbd,2017-04-27,16-17,2017,4,27,117,44,06:20:00,00:00:00,1,6,6,Late,3,1,"Yuri Rosero-Mora, Robert Rodriguez",NA,NA,NA,65.54830917874396,11.9
G-MB-G-ECO_01,MB-G-ECO_01,G-MB-G-ECO,Gaica,Gaica mbd,2016-09-17,16-17,2016,9,17,261,1,11:25:00,00:00:00,1,6,1,Early,1,1,"Yuri Rosero-Mora, Robert Rodriguez",NA,NA,NA,78.99758337361044,21.5
G-MB-G-ECO_01,MB-G-ECO_01,G-MB-G-ECO,Gaica,Gaica mbd,2016-09-18,16-17,2016,9,18,262,2,05:40:00,00:00:00,1,6,2,Early,2,1,"Yuri Rosero-Mora, Robert Rodriguez",NA,NA,NA,78.99758337361044,21.5
G-MB-G-ECO_01,MB-G-ECO_01,G-MB-G-ECO,Gaica,Gaica mbd,2016-09-19,16-17,2016,9,19,263,3,15:30:00,00:00:00,1,6,3,Early,3,1,"Yuri Rosero-Mora, Robert Rodriguez",NA,NA,NA,78.99758337361044,21.5
G-MB-G-ECO_01,MB-G-ECO_01,G-MB-G-ECO,Gaica,Gaica mbd,2017-04-19,16-17,2017,4,19,109,36,06:24:00,00:00:00,1,6,4,Late,1,1,"Yuri Rosero-Mora, Robert Rodriguez",NA,NA,NA,79.79579507008216,21.5
G-MB-G-ECO_01,MB-G-ECO_01,G-MB-G-ECO,Gaica,Gaica mbd,2017-04-20,16-17,2017,4,20,110,37,10:15:00,00:00:00,1,6,5,Late,2,1,"Yuri Rosero-Mora, Robert Rodriguez",NA,NA,NA,79.79579507008216,21.5
G-MB-G-ECO_01,MB-G-ECO_01,G-MB-G-ECO,Gaica,Gaica mbd,2017-04-21,16-17,2017,4,21,111,38,05:50:00,00:00:00,1,6,6,Late,3,1,"Yuri Rosero-Mora, Robert Rodriguez",NA,NA,NA,79.79579507008216,21.5
G-MB-G-ECO_02,MB-G-ECO_02,G-MB-G-ECO,Gaica,Gaica mbd,2016-09-17,16-17,2016,9,17,261,1,11:10:00,00:00:00,1,6,1,Early,1,1,"Yuri Rosero-Mora, Robert Rodriguez",NA,NA,NA,78.88250904704464,21.3
G-MB-G-ECO_02,MB-G-ECO_02,G-MB-G-ECO,Gaica,Gaica mbd,2016-09-18,16-17,2016,9,18,262,2,06:08:00,00:00:00,1,6,2,Early,2,1,"Yuri Rosero-Mora, Robert Rodriguez",NA,NA,NA,78.88250904704464,21.3
G-MB-G-ECO_02,MB-G-ECO_02,G-MB-G-ECO,Gaica,Gaica mbd,2016-09-19,16-17,2016,9,19,263,3,15:50:00,00:00:00,1,6,3,Early,3,1,"Yuri Rosero-Mora, Robert Rodriguez",NA,NA,NA,78.88250904704464,21.3
G-MB-G-ECO_02,MB-G-ECO_02,G-MB-G-ECO,Gaica,Gaica mbd,2017-04-19,16-17,2017,4,19,109,36,06:52:00,00:00:00,1,6,4,Late,1,1,"Yuri Rosero-Mora, Robert Rodriguez",NA,NA,NA,79.71483715319663,21.3
G-MB-G-ECO_02,MB-G-ECO_02,G-MB-G-ECO,Gaica,Gaica mbd,2017-04-20,16-17,2017,4,20,110,37,10:40:00,00:00:00,1,6,5,Late,2,1,"Yuri Rosero-Mora, Robert Rodriguez",NA,NA,NA,79.71483715319663,21.3
G-MB-G-ECO_02,MB-G-ECO_02,G-MB-G-ECO,Gaica,Gaica mbd,2017-04-21,16-17,2017,4,21,111,38,06:12:00,00:00:00,1,6,6,Late,3,1,"Yuri Rosero-Mora, Robert Rodriguez",NA,NA,NA,79.71483715319663,21.3
G-MB-G-ECO_03,MB-G-ECO_03,G-MB-G-ECO,Gaica,Gaica mbd,2016-09-17,16-17,2016,9,17,261,1,10:30:00,00:00:00,1,6,1,Early,1,1,"Yuri Rosero-Mora, Robert Rodriguez",NA,NA,NA,79.22759120560522,20.7
G-MB-G-ECO_03,MB-G-ECO_03,G-MB-G-ECO,Gaica,Gaica mbd,2016-09-18,16-17,2016,9,18,262,2,06:28:00,00:00:00,1,6,2,Early,2,1,"Yuri Rosero-Mora, Robert Rodriguez",NA,NA,NA,79.22759120560522,20.7
G-MB-G-ECO_03,MB-G-ECO_03,G-MB-G-ECO,Gaica,Gaica mbd,2016-09-19,16-17,2016,9,19,263,3,16:15:00,00:00:00,1,6,3,Early,3,1,"Yuri Rosero-Mora, Robert Rodriguez",NA,NA,NA,79.22759120560522,20.7
G-MB-G-ECO_03,MB-G-ECO_03,G-MB-G-ECO,Gaica,Gaica mbd,2017-04-19,16-17,2017,4,19,109,36,07:18:00,00:00:00,1,6,4,Late,1,1,"Yuri Rosero-Mora, Robert Rodriguez",NA,NA,NA,79.86397680599178,20.7
G-MB-G-ECO_03,MB-G-ECO_03,G-MB-G-ECO,Gaica,Gaica mbd,2017-04-20,16-17,2017,4,20,110,37,11:10:00,00:00:00,1,6,5,Late,2,1,"Yuri Rosero-Mora, Robert Rodriguez",NA,NA,NA,79.86397680599178,20.7
G-MB-G-ECO_03,MB-G-ECO_03,G-MB-G-ECO,Gaica,Gaica mbd,2017-04-21,16-17,2017,4,21,111,38,06:40:00,00:00:00,1,6,6,Late,3,1,"Yuri Rosero-Mora, Robert Rodriguez",NA,NA,NA,79.86397680599178,20.7
G-MB-G-ECO_04,MB-G-ECO_04,G-MB-G-ECO,Gaica,Gaica mbd,2016-09-17,16-17,2016,9,17,261,1,07:04:00,00:00:00,1,6,1,Early,1,1,"Yuri Rosero-Mora, Robert Rodriguez",NA,NA,NA,78.4589570255915,23.1
G-MB-G-ECO_04,MB-G-ECO_04,G-MB-G-ECO,Gaica,Gaica mbd,2016-09-18,16-17,2016,9,18,262,2,06:58:00,00:00:00,1,6,2,Early,2,1,"Yuri Rosero-Mora, Robert Rodriguez",NA,NA,NA,78.4589570255915,23.1
G-MB-G-ECO_04,MB-G-ECO_04,G-MB-G-ECO,Gaica,Gaica mbd,2016-09-19,16-17,2016,9,19,263,3,16:40:00,00:00:00,1,6,3,Early,3,1,"Yuri Rosero-Mora, Robert Rodriguez",NA,NA,NA,78.4589570255915,23.1
G-MB-G-ECO_04,MB-G-ECO_04,G-MB-G-ECO,Gaica,Gaica mbd,2017-04-19,16-17,2017,4,19,109,36,09:55:00,00:00:00,1,6,4,Late,1,1,"Yuri Rosero-Mora, Robert Rodriguez",NA,NA,NA,78.98213423466925,23.1
G-MB-G-ECO_04,MB-G-ECO_04,G-MB-G-ECO,Gaica,Gaica mbd,2017-04-20,16-17,2017,4,20,110,37,11:45:00,00:00:00,1,6,5,Late,2,1,"Yuri Rosero-Mora, Robert Rodriguez",NA,NA,NA,78.98213423466925,23.1
G-MB-G-ECO_04,MB-G-ECO_04,G-MB-G-ECO,Gaica,Gaica mbd,2017-04-21,16-17,2017,4,21,111,38,07:20:00,00:00:00,1,6,6,Late,3,1,"Yuri Rosero-Mora, Robert Rodriguez",NA,NA,NA,78.98213423466925,23.1
G-MB-G-ECO_05,MB-G-ECO_05,G-MB-G-ECO,Gaica,Gaica mbd,2016-09-17,16-17,2016,9,17,261,1,08:12:00,00:00:00,1,6,1,Early,1,1,"Yuri Rosero-Mora, Robert Rodriguez",NA,NA,NA,77.68736409760812,19.8
G-MB-G-ECO_05,MB-G-ECO_05,G-MB-G-ECO,Gaica,Gaica mbd,2016-09-18,16-17,2016,9,18,262,2,07:45:00,00:00:00,1,6,2,Early,2,1,"Yuri Rosero-Mora, Robert Rodriguez",NA,NA,NA,77.68736409760812,19.8
G-MB-G-ECO_05,MB-G-ECO_05,G-MB-G-ECO,Gaica,Gaica mbd,2016-09-19,16-17,2016,9,19,263,3,16:55:00,00:00:00,1,6,3,Early,3,0,"Yuri Rosero-Mora, Robert Rodriguez",NA,NA,NA,77.68736409760812,19.8
G-MB-G-ECO_05,MB-G-ECO_05,G-MB-G-ECO,Gaica,Gaica mbd,2017-04-19,16-17,2017,4,19,109,36,08:33:00,00:00:00,1,6,4,Late,1,1,"Yuri Rosero-Mora, Robert Rodriguez",NA,NA,NA,78.26165740517033,19.8
G-MB-G-ECO_05,MB-G-ECO_05,G-MB-G-ECO,Gaica,Gaica mbd,2017-04-20,16-17,2017,4,20,110,37,12:08:00,00:00:00,1,6,5,Late,2,1,"Yuri Rosero-Mora, Robert Rodriguez",NA,NA,NA,78.26165740517033,19.8
G-MB-G-ECO_05,MB-G-ECO_05,G-MB-G-ECO,Gaica,Gaica mbd,2017-04-21,16-17,2017,4,21,111,38,07:50:00,00:00:00,1,6,6,Late,3,1,"Yuri Rosero-Mora, Robert Rodriguez",NA,NA,NA,78.26165740517033,19.8
G-MB-G-ECO_06,MB-G-ECO_06,G-MB-G-ECO,Gaica,Gaica mbd,2016-09-17,16-17,2016,9,17,261,1,09:50:00,00:00:00,1,6,1,Early,1,1,"Yuri Rosero-Mora, Robert Rodriguez",NA,NA,NA,77.42822677925211,15.5
G-MB-G-ECO_06,MB-G-ECO_06,G-MB-G-ECO,Gaica,Gaica mbd,2016-09-18,16-17,2016,9,18,262,2,08:15:00,00:00:00,1,6,2,Early,2,1,"Yuri Rosero-Mora, Robert Rodriguez",NA,NA,NA,77.42822677925211,15.5
G-MB-G-ECO_06,MB-G-ECO_06,G-MB-G-ECO,Gaica,Gaica mbd,2016-09-19,16-17,2016,9,19,263,3,17:15:00,00:00:00,1,6,3,Early,3,0,"Yuri Rosero-Mora, Robert Rodriguez",NA,NA,NA,77.42822677925211,15.5
G-MB-G-ECO_06,MB-G-ECO_06,G-MB-G-ECO,Gaica,Gaica mbd,2017-04-19,16-17,2017,4,19,109,36,09:00:00,00:00:00,1,6,4,Late,1,1,"Yuri Rosero-Mora, Robert Rodriguez",NA,NA,NA,77.95657418576599,15.5
G-MB-G-ECO_06,MB-G-ECO_06,G-MB-G-ECO,Gaica,Gaica mbd,2017-04-20,16-17,2017,4,20,110,37,12:25:00,00:00:00,1,6,5,Late,2,1,"Yuri Rosero-Mora, Robert Rodriguez",NA,NA,NA,77.95657418576599,15.5
G-MB-G-ECO_06,MB-G-ECO_06,G-MB-G-ECO,Gaica,Gaica mbd,2017-04-21,16-17,2017,4,21,111,38,08:20:00,00:00:00,1,6,6,Late,3,1,"Yuri Rosero-Mora, Robert Rodriguez",NA,NA,NA,77.95657418576599,15.5
G-MB-G-EPAR_01,MB-G-EPAR_01,G-MB-G-EPAR,Gaica,Gaica mbd,2016-09-28,16-17,2016,9,28,272,12,05:45:00,00:00:00,1,6,1,Early,1,1,"Yuri Rosero-Mora, Robert Rodriguez",NA,NA,NA,46.83115942028986,12.4
G-MB-G-EPAR_01,MB-G-EPAR_01,G-MB-G-EPAR,Gaica,Gaica mbd,2016-09-29,16-17,2016,9,29,273,13,05:45:00,00:00:00,1,6,2,Early,2,1,"Yuri Rosero-Mora, Robert Rodriguez",NA,NA,NA,46.83115942028986,12.4
G-MB-G-EPAR_01,MB-G-EPAR_01,G-MB-G-EPAR,Gaica,Gaica mbd,2016-09-30,16-17,2016,9,30,274,14,06:42:00,00:00:00,1,6,3,Early,3,1,"Yuri Rosero-Mora, Robert Rodriguez",NA,NA,NA,46.83115942028986,12.4
G-MB-G-EPAR_01,MB-G-EPAR_01,G-MB-G-EPAR,Gaica,Gaica mbd,2017-04-28,16-17,2017,4,28,118,45,05:50:00,00:00:00,1,6,4,Late,1,1,"Yuri Rosero-Mora, Robert Rodriguez",NA,NA,NA,50.659903381642515,12.4
G-MB-G-EPAR_01,MB-G-EPAR_01,G-MB-G-EPAR,Gaica,Gaica mbd,2017-04-29,16-17,2017,4,29,119,46,08:05:00,00:00:00,1,6,5,Late,2,1,"Yuri Rosero-Mora, Robert Rodriguez",NA,NA,NA,50.659903381642515,12.4
G-MB-G-EPAR_01,MB-G-EPAR_01,G-MB-G-EPAR,Gaica,Gaica mbd,2017-04-30,16-17,2017,4,30,120,47,05:50:00,00:00:00,1,6,6,Late,3,1,"Yuri Rosero-Mora, Robert Rodriguez",NA,NA,NA,50.659903381642515,12.4
G-MB-G-EPAR_02,MB-G-EPAR_02,G-MB-G-EPAR,Gaica,Gaica mbd,2016-09-28,16-17,2016,9,28,272,12,06:15:00,00:00:00,1,6,1,Early,1,1,"Yuri Rosero-Mora, Robert Rodriguez",NA,NA,NA,45.57760077238716,12.4
G-MB-G-EPAR_02,MB-G-EPAR_02,G-MB-G-EPAR,Gaica,Gaica mbd,2016-09-29,16-17,2016,9,29,273,13,06:10:00,00:00:00,1,6,2,Early,2,1,"Yuri Rosero-Mora, Robert Rodriguez",NA,NA,NA,45.57760077238716,12.4
G-MB-G-EPAR_02,MB-G-EPAR_02,G-MB-G-EPAR,Gaica,Gaica mbd,2016-09-30,16-17,2016,9,30,274,14,06:11:00,00:00:00,1,6,3,Early,3,1,"Yuri Rosero-Mora, Robert Rodriguez",NA,NA,NA,45.57760077238716,12.4
G-MB-G-EPAR_02,MB-G-EPAR_02,G-MB-G-EPAR,Gaica,Gaica mbd,2017-04-28,16-17,2017,4,28,118,45,06:10:00,00:00:00,1,6,4,Late,1,1,"Yuri Rosero-Mora, Robert Rodriguez",NA,NA,NA,50.02244750181029,12.9
G-MB-G-EPAR_02,MB-G-EPAR_02,G-MB-G-EPAR,Gaica,Gaica mbd,2017-04-29,16-17,2017,4,29,119,46,07:40:00,00:00:00,1,6,5,Late,2,1,"Yuri Rosero-Mora, Robert Rodriguez",NA,NA,NA,50.02244750181029,12.9
G-MB-G-EPAR_02,MB-G-EPAR_02,G-MB-G-EPAR,Gaica,Gaica mbd,2017-04-30,16-17,2017,4,30,120,47,06:10:00,00:00:00,1,6,6,Late,3,1,"Yuri Rosero-Mora, Robert Rodriguez",NA,NA,NA,50.02244750181029,12.9
G-MB-G-EPAR_03,MB-G-EPAR_03,G-MB-G-EPAR,Gaica,Gaica mbd,2016-09-28,16-17,2016,9,28,272,12,06:30:00,00:00:00,1,6,1,Early,1,1,"Yuri Rosero-Mora, Robert Rodriguez",NA,NA,NA,44.387361312108055,13.6
G-MB-G-EPAR_03,MB-G-EPAR_03,G-MB-G-EPAR,Gaica,Gaica mbd,2016-09-29,16-17,2016,9,29,273,13,06:23:00,00:00:00,1,6,2,Early,2,1,"Yuri Rosero-Mora, Robert Rodriguez",NA,NA,NA,44.387361312108055,13.6
G-MB-G-EPAR_03,MB-G-EPAR_03,G-MB-G-EPAR,Gaica,Gaica mbd,2016-09-30,16-17,2016,9,30,274,14,06:33:00,00:00:00,1,6,3,Early,3,1,"Yuri Rosero-Mora, Robert Rodriguez",NA,NA,NA,44.387361312108055,13.6
G-MB-G-EPAR_03,MB-G-EPAR_03,G-MB-G-EPAR,Gaica,Gaica mbd,2017-04-28,16-17,2017,4,28,118,45,06:40:00,00:00:00,1,6,4,Late,1,1,"Yuri Rosero-Mora, Robert Rodriguez",NA,NA,NA,48.87192474674385,13.6
G-MB-G-EPAR_03,MB-G-EPAR_03,G-MB-G-EPAR,Gaica,Gaica mbd,2017-04-29,16-17,2017,4,29,119,46,07:15:00,00:00:00,1,6,5,Late,2,1,"Yuri Rosero-Mora, Robert Rodriguez",NA,NA,NA,48.87192474674385,13.6
G-MB-G-EPAR_03,MB-G-EPAR_03,G-MB-G-EPAR,Gaica,Gaica mbd,2017-04-30,16-17,2017,4,30,120,47,06:30:00,00:00:00,1,6,6,Late,3,1,"Yuri Rosero-Mora, Robert Rodriguez",NA,NA,NA,48.87192474674385,13.6
G-MB-G-EPAR_04,MB-G-EPAR_04,G-MB-G-EPAR,Gaica,Gaica mbd,2016-09-28,16-17,2016,9,28,272,12,06:50:00,00:00:00,1,6,1,Early,1,1,"Yuri Rosero-Mora, Robert Rodriguez",NA,NA,NA,44.88100410330678,13.5
G-MB-G-EPAR_04,MB-G-EPAR_04,G-MB-G-EPAR,Gaica,Gaica mbd,2016-09-29,16-17,2016,9,29,273,13,06:40:00,00:00:00,1,6,2,Early,2,1,"Yuri Rosero-Mora, Robert Rodriguez",NA,NA,NA,44.88100410330678,13.5
G-MB-G-EPAR_04,MB-G-EPAR_04,G-MB-G-EPAR,Gaica,Gaica mbd,2016-09-30,16-17,2016,9,30,274,14,06:55:00,00:00:00,1,6,3,Early,3,1,"Yuri Rosero-Mora, Robert Rodriguez",NA,NA,NA,44.88100410330678,13.5
G-MB-G-EPAR_04,MB-G-EPAR_04,G-MB-G-EPAR,Gaica,Gaica mbd,2017-04-28,16-17,2017,4,28,118,45,07:05:00,00:00:00,1,6,4,Late,1,1,"Yuri Rosero-Mora, Robert Rodriguez",NA,NA,NA,49.322471638909,13.5
G-MB-G-EPAR_04,MB-G-EPAR_04,G-MB-G-EPAR,Gaica,Gaica mbd,2017-04-29,16-17,2017,4,29,119,46,06:00:00,00:00:00,1,6,5,Late,2,1,"Yuri Rosero-Mora, Robert Rodriguez",NA,NA,NA,49.322471638909,13.5
G-MB-G-EPAR_04,MB-G-EPAR_04,G-MB-G-EPAR,Gaica,Gaica mbd,2017-04-30,16-17,2017,4,30,120,47,06:50:00,00:00:00,1,6,6,Late,3,1,"Yuri Rosero-Mora, Robert Rodriguez",NA,NA,NA,49.322471638909,13.5
G-MB-G-EPAR_05,MB-G-EPAR_05,G-MB-G-EPAR,Gaica,Gaica mbd,2016-09-28,16-17,2016,9,28,272,12,07:15:00,00:00:00,1,6,1,Early,1,1,"Yuri Rosero-Mora, Robert Rodriguez",NA,NA,NA,43.95558773835385,22
G-MB-G-EPAR_05,MB-G-EPAR_05,G-MB-G-EPAR,Gaica,Gaica mbd,2016-09-29,16-17,2016,9,29,273,13,07:05:00,00:00:00,1,6,2,Early,2,1,"Yuri Rosero-Mora, Robert Rodriguez",NA,NA,NA,43.95558773835385,22
G-MB-G-EPAR_05,MB-G-EPAR_05,G-MB-G-EPAR,Gaica,Gaica mbd,2016-09-30,16-17,2016,9,30,274,14,06:30:00,00:00:00,1,6,3,Early,3,1,"Yuri Rosero-Mora, Robert Rodriguez",NA,NA,NA,43.95558773835385,22
G-MB-G-EPAR_05,MB-G-EPAR_05,G-MB-G-EPAR,Gaica,Gaica mbd,2017-04-28,16-17,2017,4,28,118,45,07:30:00,00:00:00,1,6,4,Late,1,1,"Yuri Rosero-Mora, Robert Rodriguez",NA,NA,NA,48.18682114409848,22
G-MB-G-EPAR_05,MB-G-EPAR_05,G-MB-G-EPAR,Gaica,Gaica mbd,2017-04-29,16-17,2017,4,29,119,46,06:50:00,00:00:00,1,6,5,Late,2,1,"Yuri Rosero-Mora, Robert Rodriguez",NA,NA,NA,48.18682114409848,22
G-MB-G-EPAR_05,MB-G-EPAR_05,G-MB-G-EPAR,Gaica,Gaica mbd,2017-04-30,16-17,2017,4,30,120,47,07:40:00,00:00:00,1,6,6,Late,3,1,"Yuri Rosero-Mora, Robert Rodriguez",NA,NA,NA,48.18682114409848,22
G-MB-G-EPAR_06,MB-G-EPAR_06,G-MB-G-EPAR,Gaica,Gaica mbd,2016-09-28,16-17,2016,9,28,272,12,07:50:00,00:00:00,1,6,1,Early,1,1,"Yuri Rosero-Mora, Robert Rodriguez",NA,NA,NA,44.7746138996139,18.4
G-MB-G-EPAR_06,MB-G-EPAR_06,G-MB-G-EPAR,Gaica,Gaica mbd,2016-09-29,16-17,2016,9,29,273,13,07:30:00,00:00:00,1,6,2,Early,2,1,"Yuri Rosero-Mora, Robert Rodriguez",NA,NA,NA,44.7746138996139,18.4
G-MB-G-EPAR_06,MB-G-EPAR_06,G-MB-G-EPAR,Gaica,Gaica mbd,2016-09-30,16-17,2016,9,30,274,14,07:05:00,00:00:00,1,6,3,Early,3,1,"Yuri Rosero-Mora, Robert Rodriguez",NA,NA,NA,44.7746138996139,18.4
G-MB-G-EPAR_06,MB-G-EPAR_06,G-MB-G-EPAR,Gaica,Gaica mbd,2017-04-28,16-17,2017,4,28,118,45,08:00:00,00:00:00,1,6,4,Late,1,1,"Yuri Rosero-Mora, Robert Rodriguez",NA,NA,NA,48.81370656370656,18.4
G-MB-G-EPAR_06,MB-G-EPAR_06,G-MB-G-EPAR,Gaica,Gaica mbd,2017-04-29,16-17,2017,4,29,119,46,06:25:00,00:00:00,1,6,5,Late,2,1,"Yuri Rosero-Mora, Robert Rodriguez",NA,NA,NA,48.81370656370656,18.4
G-MB-G-EPAR_06,MB-G-EPAR_06,G-MB-G-EPAR,Gaica,Gaica mbd,2017-04-30,16-17,2017,4,30,120,47,07:20:00,00:00:00,1,6,6,Late,3,1,"Yuri Rosero-Mora, Robert Rodriguez",NA,NA,NA,48.81370656370656,18.4
G-MB-G-LU_01,MB-G-LU_01,G-MB-G-LU,Gaica,Gaica mbd,2016-10-01,16-17,2016,10,1,275,15,06:12:00,00:00:00,1,6,1,Early,1,1,"Yuri Rosero-Mora, Robert Rodriguez",NA,NA,NA,62.46307915057915,17.7
G-MB-G-LU_01,MB-G-LU_01,G-MB-G-LU,Gaica,Gaica mbd,2016-10-02,16-17,2016,10,2,276,16,05:50:00,00:00:00,1,6,2,Early,2,1,"Yuri Rosero-Mora, Robert Rodriguez",NA,NA,NA,62.46307915057915,17.7
G-MB-G-LU_01,MB-G-LU_01,G-MB-G-LU,Gaica,Gaica mbd,2016-10-03,16-17,2016,10,3,277,17,06:03:00,00:00:00,1,6,3,Early,3,1,"Yuri Rosero-Mora, Robert Rodriguez",NA,NA,NA,62.46307915057915,17.7
G-MB-G-LU_01,MB-G-LU_01,G-MB-G-LU,Gaica,Gaica mbd,2017-05-01,16-17,2017,5,1,121,48,06:30:00,00:00:00,1,6,4,Late,1,1,"Yuri Rosero-Mora, Robert Rodriguez",NA,NA,NA,63.51858108108108,17.7
G-MB-G-LU_01,MB-G-LU_01,G-MB-G-LU,Gaica,Gaica mbd,2017-05-02,16-17,2017,5,2,122,49,06:20:00,00:00:00,1,6,5,Late,2,1,"Yuri Rosero-Mora, Robert Rodriguez",NA,NA,NA,63.51858108108108,17.7
G-MB-G-LU_01,MB-G-LU_01,G-MB-G-LU,Gaica,Gaica mbd,2017-05-03,16-17,2017,5,3,123,50,10:20:00,00:00:00,1,6,6,Late,3,1,"Yuri Rosero-Mora, Robert Rodriguez",NA,NA,NA,63.51858108108108,17.7
G-MB-G-LU_02,MB-G-LU_02,G-MB-G-LU,Gaica,Gaica mbd,2016-10-01,16-17,2016,10,1,275,15,06:37:00,00:00:00,1,6,1,Early,1,1,"Yuri Rosero-Mora, Robert Rodriguez",NA,NA,NA,62.73212560386474,17.6
G-MB-G-LU_02,MB-G-LU_02,G-MB-G-LU,Gaica,Gaica mbd,2016-10-02,16-17,2016,10,2,276,16,06:10:00,00:00:00,1,6,2,Early,2,1,"Yuri Rosero-Mora, Robert Rodriguez",NA,NA,NA,62.73212560386474,17.6
G-MB-G-LU_02,MB-G-LU_02,G-MB-G-LU,Gaica,Gaica mbd,2016-10-03,16-17,2016,10,3,277,17,06:18:00,00:00:00,1,6,3,Early,3,1,"Yuri Rosero-Mora, Robert Rodriguez",NA,NA,NA,62.73212560386474,17.6
G-MB-G-LU_02,MB-G-LU_02,G-MB-G-LU,Gaica,Gaica mbd,2017-05-01,16-17,2017,5,1,121,48,07:00:00,00:00:00,1,6,4,Late,1,1,"Yuri Rosero-Mora, Robert Rodriguez",NA,NA,NA,64.13695652173914,17.6
G-MB-G-LU_02,MB-G-LU_02,G-MB-G-LU,Gaica,Gaica mbd,2017-05-02,16-17,2017,5,2,122,49,06:50:00,00:00:00,1,6,5,Late,2,1,"Yuri Rosero-Mora, Robert Rodriguez",NA,NA,NA,64.13695652173914,17.6
G-MB-G-LU_02,MB-G-LU_02,G-MB-G-LU,Gaica,Gaica mbd,2017-05-03,16-17,2017,5,3,123,50,10:40:00,00:00:00,1,6,6,Late,3,1,"Yuri Rosero-Mora, Robert Rodriguez",NA,NA,NA,64.13695652173914,17.6
G-MB-G-LU_03,MB-G-LU_03,G-MB-G-LU,Gaica,Gaica mbd,2016-10-01,16-17,2016,10,1,275,15,07:00:00,00:00:00,1,6,1,Early,1,1,"Yuri Rosero-Mora, Robert Rodriguez",NA,NA,NA,65.28592162554426,17.6
G-MB-G-LU_03,MB-G-LU_03,G-MB-G-LU,Gaica,Gaica mbd,2016-10-02,16-17,2016,10,2,276,16,06:29:00,00:00:00,1,6,2,Early,2,1,"Yuri Rosero-Mora, Robert Rodriguez",NA,NA,NA,65.28592162554426,17.6
G-MB-G-LU_03,MB-G-LU_03,G-MB-G-LU,Gaica,Gaica mbd,2016-10-03,16-17,2016,10,3,277,17,06:33:00,00:00:00,1,6,3,Early,3,1,"Yuri Rosero-Mora, Robert Rodriguez",NA,NA,NA,65.28592162554426,17.6
G-MB-G-LU_03,MB-G-LU_03,G-MB-G-LU,Gaica,Gaica mbd,2017-05-01,16-17,2017,5,1,121,48,07:20:00,00:00:00,1,6,4,Late,1,1,"Yuri Rosero-Mora, Robert Rodriguez",NA,NA,NA,66.74189646831157,17.6
G-MB-G-LU_03,MB-G-LU_03,G-MB-G-LU,Gaica,Gaica mbd,2017-05-02,16-17,2017,5,2,122,49,07:10:00,00:00:00,1,6,5,Late,2,1,"Yuri Rosero-Mora, Robert Rodriguez",NA,NA,NA,66.74189646831157,17.6
G-MB-G-LU_03,MB-G-LU_03,G-MB-G-LU,Gaica,Gaica mbd,2017-05-03,16-17,2017,5,3,123,50,11:00:00,00:00:00,1,6,6,Late,3,1,"Yuri Rosero-Mora, Robert Rodriguez",NA,NA,NA,66.74189646831157,17.6
G-MB-G-LU_04,MB-G-LU_04,G-MB-G-LU,Gaica,Gaica mbd,2016-10-01,16-17,2016,10,1,275,15,07:16:00,00:00:00,1,6,1,Early,1,1,"Yuri Rosero-Mora, Robert Rodriguez",NA,NA,NA,68.22913651712494,18.1
G-MB-G-LU_04,MB-G-LU_04,G-MB-G-LU,Gaica,Gaica mbd,2016-10-02,16-17,2016,10,2,276,16,06:48:00,00:00:00,1,6,2,Early,2,1,"Yuri Rosero-Mora, Robert Rodriguez",NA,NA,NA,68.22913651712494,18.1
G-MB-G-LU_04,MB-G-LU_04,G-MB-G-LU,Gaica,Gaica mbd,2016-10-03,16-17,2016,10,3,277,17,06:48:00,00:00:00,1,6,3,Early,3,1,"Yuri Rosero-Mora, Robert Rodriguez",NA,NA,NA,68.22913651712494,18.1
G-MB-G-LU_04,MB-G-LU_04,G-MB-G-LU,Gaica,Gaica mbd,2017-05-01,16-17,2017,5,1,121,48,09:10:00,00:00:00,1,6,4,Late,1,1,"Yuri Rosero-Mora, Robert Rodriguez",NA,NA,NA,69.7069464544139,18.1
G-MB-G-LU_04,MB-G-LU_04,G-MB-G-LU,Gaica,Gaica mbd,2017-05-02,16-17,2017,5,2,122,49,08:30:00,00:00:00,1,6,5,Late,2,1,"Yuri Rosero-Mora, Robert Rodriguez",NA,NA,NA,69.7069464544139,18.1
G-MB-G-LU_04,MB-G-LU_04,G-MB-G-LU,Gaica,Gaica mbd,2017-05-03,16-17,2017,5,3,123,50,07:20:00,00:00:00,1,6,6,Late,3,1,"Yuri Rosero-Mora, Robert Rodriguez",NA,NA,NA,69.7069464544139,18.1
G-MB-G-LU_05,MB-G-LU_05,G-MB-G-LU,Gaica,Gaica mbd,2016-10-01,16-17,2016,10,1,275,15,07:33:00,00:00:00,1,6,1,Early,1,1,"Yuri Rosero-Mora, Robert Rodriguez",NA,NA,NA,66.10226724553787,18.5
G-MB-G-LU_05,MB-G-LU_05,G-MB-G-LU,Gaica,Gaica mbd,2016-10-02,16-17,2016,10,2,276,16,07:17:00,00:00:00,1,6,2,Early,2,1,"Yuri Rosero-Mora, Robert Rodriguez",NA,NA,NA,66.10226724553787,18.5
G-MB-G-LU_05,MB-G-LU_05,G-MB-G-LU,Gaica,Gaica mbd,2016-10-03,16-17,2016,10,3,277,17,07:10:00,00:00:00,1,6,3,Early,3,1,"Yuri Rosero-Mora, Robert Rodriguez",NA,NA,NA,66.10226724553787,18.5
G-MB-G-LU_05,MB-G-LU_05,G-MB-G-LU,Gaica,Gaica mbd,2017-05-01,16-17,2017,5,1,121,48,09:30:00,00:00:00,1,6,4,Late,1,1,"Yuri Rosero-Mora, Robert Rodriguez",NA,NA,NA,67.2117703810902,18.5
G-MB-G-LU_05,MB-G-LU_05,G-MB-G-LU,Gaica,Gaica mbd,2017-05-02,16-17,2017,5,2,122,49,08:50:00,00:00:00,1,6,5,Late,2,1,"Yuri Rosero-Mora, Robert Rodriguez",NA,NA,NA,67.2117703810902,18.5
G-MB-G-LU_05,MB-G-LU_05,G-MB-G-LU,Gaica,Gaica mbd,2017-05-03,16-17,2017,5,3,123,50,07:00:00,00:00:00,1,6,6,Late,3,1,"Yuri Rosero-Mora, Robert Rodriguez",NA,NA,NA,67.2117703810902,18.5
G-MB-G-LU_06,MB-G-LU_06,G-MB-G-LU,Gaica,Gaica mbd,2016-10-01,16-17,2016,10,1,275,15,07:48:00,00:00:00,1,6,1,Early,1,1,"Yuri Rosero-Mora, Robert Rodriguez",NA,NA,NA,67.50868725868726,18.5
G-MB-G-LU_06,MB-G-LU_06,G-MB-G-LU,Gaica,Gaica mbd,2016-10-02,16-17,2016,10,2,276,16,07:35:00,00:00:00,1,6,2,Early,2,1,"Yuri Rosero-Mora, Robert Rodriguez",NA,NA,NA,67.50868725868726,18.5
G-MB-G-LU_06,MB-G-LU_06,G-MB-G-LU,Gaica,Gaica mbd,2016-10-03,16-17,2016,10,3,277,17,07:25:00,00:00:00,1,6,3,Early,3,1,"Yuri Rosero-Mora, Robert Rodriguez",NA,NA,NA,67.50868725868726,18.5
G-MB-G-LU_06,MB-G-LU_06,G-MB-G-LU,Gaica,Gaica mbd,2017-05-01,16-17,2017,5,1,121,48,09:50:00,00:00:00,1,6,4,Late,1,1,"Yuri Rosero-Mora, Robert Rodriguez",NA,NA,NA,69.29343629343629,18.5
G-MB-G-LU_06,MB-G-LU_06,G-MB-G-LU,Gaica,Gaica mbd,2017-05-02,16-17,2017,5,2,122,49,09:10:00,00:00:00,1,6,5,Late,2,1,"Yuri Rosero-Mora, Robert Rodriguez",NA,NA,NA,69.29343629343629,18.5
G-MB-G-LU_06,MB-G-LU_06,G-MB-G-LU,Gaica,Gaica mbd,2017-05-03,16-17,2017,5,3,123,50,06:40:00,00:00:00,1,6,6,Late,3,1,"Yuri Rosero-Mora, Robert Rodriguez",NA,NA,NA,69.29343629343629,18.5
G-MB-G-MV_01,MB-G-MV_01,G-MB-G-MV,Gaica,Gaica mbd,2016-09-20,16-17,2016,9,20,264,4,06:30:00,00:00:00,1,6,1,Early,1,1,"Yuri Rosero-Mora, Robert Rodriguez",NA,NA,NA,78.01207146306132,24.9
G-MB-G-MV_01,MB-G-MV_01,G-MB-G-MV,Gaica,Gaica mbd,2016-09-21,16-17,2016,9,21,265,5,08:03:00,00:00:00,1,6,2,Early,2,1,"Yuri Rosero-Mora, Robert Rodriguez",NA,NA,NA,78.01207146306132,24.9
G-MB-G-MV_01,MB-G-MV_01,G-MB-G-MV,Gaica,Gaica mbd,2016-09-22,16-17,2016,9,22,266,6,07:35:00,00:00:00,1,6,3,Early,3,1,"Yuri Rosero-Mora, Robert Rodriguez",NA,NA,NA,78.01207146306132,24.9
G-MB-G-MV_01,MB-G-MV_01,G-MB-G-MV,Gaica,Gaica mbd,2017-04-22,16-17,2017,4,22,112,39,06:20:00,00:00:00,1,6,4,Late,1,1,"Yuri Rosero-Mora, Robert Rodriguez",NA,NA,NA,78.61467889908256,24.9
G-MB-G-MV_01,MB-G-MV_01,G-MB-G-MV,Gaica,Gaica mbd,2017-04-23,16-17,2017,4,23,113,40,06:00:00,00:00:00,1,6,5,Late,2,1,"Yuri Rosero-Mora, Robert Rodriguez",NA,NA,NA,78.61467889908256,24.9
G-MB-G-MV_01,MB-G-MV_01,G-MB-G-MV,Gaica,Gaica mbd,2017-04-24,16-17,2017,4,24,114,41,06:00:00,00:00:00,1,6,6,Late,3,1,"Yuri Rosero-Mora, Robert Rodriguez",NA,NA,NA,78.61467889908256,24.9
G-MB-G-MV_02,MB-G-MV_02,G-MB-G-MV,Gaica,Gaica mbd,2016-09-20,16-17,2016,9,20,264,4,07:00:00,00:00:00,1,6,1,Early,1,1,"Yuri Rosero-Mora, Robert Rodriguez",NA,NA,NA,78.3523166023166,24.8
G-MB-G-MV_02,MB-G-MV_02,G-MB-G-MV,Gaica,Gaica mbd,2016-09-21,16-17,2016,9,21,265,5,07:40:00,00:00:00,1,6,2,Early,2,1,"Yuri Rosero-Mora, Robert Rodriguez",NA,NA,NA,78.3523166023166,24.8
G-MB-G-MV_02,MB-G-MV_02,G-MB-G-MV,Gaica,Gaica mbd,2016-09-22,16-17,2016,9,22,266,6,07:20:00,00:00:00,1,6,3,Early,3,1,"Yuri Rosero-Mora, Robert Rodriguez",NA,NA,NA,78.3523166023166,24.8
G-MB-G-MV_02,MB-G-MV_02,G-MB-G-MV,Gaica,Gaica mbd,2017-04-22,16-17,2017,4,22,112,39,06:45:00,00:00:00,1,6,4,Late,1,1,"Yuri Rosero-Mora, Robert Rodriguez",NA,NA,NA,78.90781853281854,24.8
G-MB-G-MV_02,MB-G-MV_02,G-MB-G-MV,Gaica,Gaica mbd,2017-04-23,16-17,2017,4,23,113,40,06:25:00,00:00:00,1,6,5,Late,2,1,"Yuri Rosero-Mora, Robert Rodriguez",NA,NA,NA,78.90781853281854,24.8
G-MB-G-MV_02,MB-G-MV_02,G-MB-G-MV,Gaica,Gaica mbd,2017-04-24,16-17,2017,4,24,114,41,06:35:00,00:00:00,1,6,6,Late,3,1,"Yuri Rosero-Mora, Robert Rodriguez",NA,NA,NA,78.90781853281854,24.8
G-MB-G-MV_03,MB-G-MV_03,G-MB-G-MV,Gaica,Gaica mbd,2016-09-20,16-17,2016,9,20,264,4,07:30:00,00:00:00,1,6,1,Early,1,1,"Yuri Rosero-Mora, Robert Rodriguez",NA,NA,NA,78.53887011105746,25.6
G-MB-G-MV_03,MB-G-MV_03,G-MB-G-MV,Gaica,Gaica mbd,2016-09-21,16-17,2016,9,21,265,5,07:25:00,00:00:00,1,6,2,Early,2,1,"Yuri Rosero-Mora, Robert Rodriguez",NA,NA,NA,78.53887011105746,25.6
G-MB-G-MV_03,MB-G-MV_03,G-MB-G-MV,Gaica,Gaica mbd,2016-09-22,16-17,2016,9,22,266,6,07:02:00,00:00:00,1,6,3,Early,3,1,"Yuri Rosero-Mora, Robert Rodriguez",NA,NA,NA,78.53887011105746,25.6
G-MB-G-MV_03,MB-G-MV_03,G-MB-G-MV,Gaica,Gaica mbd,2017-04-22,16-17,2017,4,22,112,39,07:10:00,00:00:00,1,6,4,Late,1,1,"Yuri Rosero-Mora, Robert Rodriguez",NA,NA,NA,79.05214872042491,25.6
G-MB-G-MV_03,MB-G-MV_03,G-MB-G-MV,Gaica,Gaica mbd,2017-04-23,16-17,2017,4,23,113,40,06:50:00,00:00:00,1,6,5,Late,2,1,"Yuri Rosero-Mora, Robert Rodriguez",NA,NA,NA,79.05214872042491,25.6
G-MB-G-MV_03,MB-G-MV_03,G-MB-G-MV,Gaica,Gaica mbd,2017-04-24,16-17,2017,4,24,114,41,06:55:00,00:00:00,1,6,6,Late,3,1,"Yuri Rosero-Mora, Robert Rodriguez",NA,NA,NA,79.05214872042491,25.6
G-MB-G-MV_04,MB-G-MV_04,G-MB-G-MV,Gaica,Gaica mbd,2016-09-20,16-17,2016,9,20,264,4,07:55:00,00:00:00,1,6,1,Early,1,1,"Yuri Rosero-Mora, Robert Rodriguez",NA,NA,NA,78.9862385321101,25.4
G-MB-G-MV_04,MB-G-MV_04,G-MB-G-MV,Gaica,Gaica mbd,2016-09-21,16-17,2016,9,21,265,5,07:10:00,00:00:00,1,6,2,Early,2,1,"Yuri Rosero-Mora, Robert Rodriguez",NA,NA,NA,78.9862385321101,25.4
G-MB-G-MV_04,MB-G-MV_04,G-MB-G-MV,Gaica,Gaica mbd,2016-09-22,16-17,2016,9,22,266,6,06:42:00,00:00:00,1,6,3,Early,3,1,"Yuri Rosero-Mora, Robert Rodriguez",NA,NA,NA,78.9862385321101,25.4
G-MB-G-MV_04,MB-G-MV_04,G-MB-G-MV,Gaica,Gaica mbd,2017-04-22,16-17,2017,4,22,112,39,07:35:00,00:00:00,1,6,4,Late,1,1,"Yuri Rosero-Mora, Robert Rodriguez",NA,NA,NA,79.52366006760019,25.4
G-MB-G-MV_04,MB-G-MV_04,G-MB-G-MV,Gaica,Gaica mbd,2017-04-23,16-17,2017,4,23,113,40,07:10:00,00:00:00,1,6,5,Late,2,1,"Yuri Rosero-Mora, Robert Rodriguez",NA,NA,NA,79.52366006760019,25.4
G-MB-G-MV_04,MB-G-MV_04,G-MB-G-MV,Gaica,Gaica mbd,2017-04-24,16-17,2017,4,24,114,41,07:15:00,00:00:00,1,6,6,Late,3,1,"Yuri Rosero-Mora, Robert Rodriguez",NA,NA,NA,79.52366006760019,25.4
G-MB-G-MV_05,MB-G-MV_05,G-MB-G-MV,Gaica,Gaica mbd,2016-09-20,16-17,2016,9,20,264,4,08:25:00,00:00:00,1,6,1,Early,1,1,"Yuri Rosero-Mora, Robert Rodriguez",NA,NA,NA,78.90961817303045,23.9
G-MB-G-MV_05,MB-G-MV_05,G-MB-G-MV,Gaica,Gaica mbd,2016-09-21,16-17,2016,9,21,265,5,06:50:00,00:00:00,1,6,2,Early,2,1,"Yuri Rosero-Mora, Robert Rodriguez",NA,NA,NA,78.90961817303045,23.9
G-MB-G-MV_05,MB-G-MV_05,G-MB-G-MV,Gaica,Gaica mbd,2016-09-22,16-17,2016,9,22,266,6,06:20:00,00:00:00,1,6,3,Early,3,1,"Yuri Rosero-Mora, Robert Rodriguez",NA,NA,NA,78.90961817303045,23.9
G-MB-G-MV_05,MB-G-MV_05,G-MB-G-MV,Gaica,Gaica mbd,2017-04-22,16-17,2017,4,22,112,39,08:00:00,00:00:00,1,6,4,Late,1,1,"Yuri Rosero-Mora, Robert Rodriguez",NA,NA,NA,79.68438859352344,23.9
G-MB-G-MV_05,MB-G-MV_05,G-MB-G-MV,Gaica,Gaica mbd,2017-04-23,16-17,2017,4,23,113,40,07:35:00,00:00:00,1,6,5,Late,2,1,"Yuri Rosero-Mora, Robert Rodriguez",NA,NA,NA,79.68438859352344,23.9
G-MB-G-MV_05,MB-G-MV_05,G-MB-G-MV,Gaica,Gaica mbd,2017-04-24,16-17,2017,4,24,114,41,07:35:00,00:00:00,1,6,6,Late,3,1,"Yuri Rosero-Mora, Robert Rodriguez",NA,NA,NA,79.68438859352344,23.9
G-MB-G-MV_06,MB-G-MV_06,G-MB-G-MV,Gaica,Gaica mbd,2016-09-20,16-17,2016,9,20,264,4,08:45:00,00:00:00,1,6,1,Early,1,1,"Yuri Rosero-Mora, Robert Rodriguez",NA,NA,NA,79.00410429744085,22
G-MB-G-MV_06,MB-G-MV_06,G-MB-G-MV,Gaica,Gaica mbd,2016-09-21,16-17,2016,9,21,265,5,06:10:00,00:00:00,1,6,2,Early,2,1,"Yuri Rosero-Mora, Robert Rodriguez",NA,NA,NA,79.00410429744085,22
G-MB-G-MV_06,MB-G-MV_06,G-MB-G-MV,Gaica,Gaica mbd,2016-09-22,16-17,2016,9,22,266,6,05:57:00,00:00:00,1,6,3,Early,3,1,"Yuri Rosero-Mora, Robert Rodriguez",NA,NA,NA,79.00410429744085,22
G-MB-G-MV_06,MB-G-MV_06,G-MB-G-MV,Gaica,Gaica mbd,2017-04-22,16-17,2017,4,22,112,39,08:25:00,00:00:00,1,6,4,Late,1,1,"Yuri Rosero-Mora, Robert Rodriguez",NA,NA,NA,79.77233220666345,22
G-MB-G-MV_06,MB-G-MV_06,G-MB-G-MV,Gaica,Gaica mbd,2017-04-23,16-17,2017,4,23,113,40,08:00:00,00:00:00,1,6,5,Late,2,1,"Yuri Rosero-Mora, Robert Rodriguez",NA,NA,NA,79.77233220666345,22
G-MB-G-MV_06,MB-G-MV_06,G-MB-G-MV,Gaica,Gaica mbd,2017-04-24,16-17,2017,4,24,114,41,08:00:00,00:00:00,1,6,6,Late,3,1,"Yuri Rosero-Mora, Robert Rodriguez",NA,NA,NA,79.77233220666345,22
G-MB-M-A_01-A,MB-M-A_01-A,G-MB-M-A,Gaica,Gaica mbd,2013-06-02,13-14,2013,6,2,153,10,06:05:00,00:00:00,4,12,1,Early,1,1,"Ronald Fernandez-Gomez, Yuri Rosero-Mora",NA,NA,NA,32.02286697811655,18.5
G-MB-M-A_01-A,MB-M-A_01-A,G-MB-M-A,Gaica,Gaica mbd,2013-06-03,13-14,2013,6,3,154,11,07:10:00,00:00:00,4,12,2,Early,2,1,"Ronald Fernandez-Gomez, Yuri Rosero-Mora",NA,NA,NA,32.02286697811655,18.5
G-MB-M-A_01-A,MB-M-A_01-A,G-MB-M-A,Gaica,Gaica mbd,2013-06-04,13-14,2013,6,4,155,12,05:40:00,00:00:00,4,12,3,Early,3,1,"Ronald Fernandez-Gomez, Yuri Rosero-Mora",NA,NA,NA,32.02286697811655,18.5
G-MB-M-A_01-A,MB-M-A_01-A,G-MB-M-A,Gaica,Gaica mbd,2013-06-05,13-14,2013,6,5,156,13,05:55:00,00:00:00,4,12,4,Early,4,1,"Ronald Fernandez-Gomez, Yuri Rosero-Mora",NA,NA,NA,32.02286697811655,18.5
G-MB-M-A_01-A,MB-M-A_01-A,G-MB-M-A,Gaica,Gaica mbd,2013-09-11,13-14,2013,9,11,254,30,05:57:00,00:00:00,4,12,5,Late,1,1,"Ronald Fernandez-Gomez, Yuri Rosero-Mora",NA,NA,NA,32.02286697811655,18.5
G-MB-M-A_01-A,MB-M-A_01-A,G-MB-M-A,Gaica,Gaica mbd,2013-09-12,13-14,2013,9,12,255,31,06:16:00,00:00:00,4,12,6,Late,2,1,"Ronald Fernandez-Gomez, Yuri Rosero-Mora",NA,NA,NA,32.02286697811655,18.5
G-MB-M-A_01-A,MB-M-A_01-A,G-MB-M-A,Gaica,Gaica mbd,2013-09-13,13-14,2013,9,13,256,32,06:10:00,00:00:00,4,12,7,Late,3,1,"Ronald Fernandez-Gomez, Yuri Rosero-Mora",NA,NA,NA,32.02286697811655,18.5
G-MB-M-A_01-A,MB-M-A_01-A,G-MB-M-A,Gaica,Gaica mbd,2013-09-14,13-14,2013,9,14,257,33,06:01:00,00:00:00,4,12,8,Late,4,1,"Ronald Fernandez-Gomez, Yuri Rosero-Mora",NA,NA,NA,32.02286697811655,18.5
G-MB-M-A_01-A,MB-M-A_01-A,G-MB-M-A,Gaica,Gaica mbd,2017-12-02,16-17,2017,12,2,336,135,05:55:00,00:00:00,4,12,1,Early,1,1,"Yuri Rosero-Mora, Robert Rodriguez",NA,NA,NA,32.68477993607081,18.5
G-MB-M-A_01-A,MB-M-A_01-A,G-MB-M-A,Gaica,Gaica mbd,2017-12-03,16-17,2017,12,3,337,136,06:23:00,00:00:00,4,12,2,Early,2,1,"Yuri Rosero-Mora, Robert Rodriguez",NA,NA,NA,32.68477993607081,18.5
G-MB-M-A_01-A,MB-M-A_01-A,G-MB-M-A,Gaica,Gaica mbd,2017-12-04,16-17,2017,12,4,338,137,06:40:00,00:00:00,4,12,3,Early,3,1,"Yuri Rosero-Mora, Robert Rodriguez",NA,NA,NA,32.68477993607081,18.5
G-MB-M-A_01-A,MB-M-A_01-A,G-MB-M-A,Gaica,Gaica mbd,2017-12-05,16-17,2017,12,5,339,138,06:16:00,00:00:00,4,12,4,Early,4,1,"Yuri Rosero-Mora, Robert Rodriguez",NA,NA,NA,32.68477993607081,18.5
G-MB-M-A_01-B,MB-M-A_01-B,G-MB-M-A,Gaica,Gaica mbd,2013-05-29,13-14,2013,5,29,149,6,05:40:00,00:00:00,4,12,1,Early,1,1,"Ronald Fernandez-Gomez, Yuri Rosero-Mora",NA,NA,NA,26.921813725490196,17.4
G-MB-M-A_01-B,MB-M-A_01-B,G-MB-M-A,Gaica,Gaica mbd,2013-05-30,13-14,2013,5,30,150,7,05:30:00,00:00:00,4,12,2,Early,2,1,"Ronald Fernandez-Gomez, Yuri Rosero-Mora",NA,NA,NA,26.921813725490196,17.4
G-MB-M-A_01-B,MB-M-A_01-B,G-MB-M-A,Gaica,Gaica mbd,2013-05-31,13-14,2013,5,31,151,8,05:50:00,00:00:00,4,12,3,Early,3,1,"Ronald Fernandez-Gomez, Yuri Rosero-Mora",NA,NA,NA,26.921813725490196,17.4
G-MB-M-A_01-B,MB-M-A_01-B,G-MB-M-A,Gaica,Gaica mbd,2013-06-01,13-14,2013,6,1,152,9,05:40:00,00:00:00,4,12,4,Early,4,1,"Ronald Fernandez-Gomez, Yuri Rosero-Mora",NA,NA,NA,26.921813725490196,17.4
G-MB-M-A_01-B,MB-M-A_01-B,G-MB-M-A,Gaica,Gaica mbd,2013-09-07,13-14,2013,9,7,250,26,05:45:00,00:00:00,4,12,5,Late,1,1,"Ronald Fernandez-Gomez, Yuri Rosero-Mora",NA,NA,NA,26.921813725490196,17.4
G-MB-M-A_01-B,MB-M-A_01-B,G-MB-M-A,Gaica,Gaica mbd,2013-09-08,13-14,2013,9,8,251,27,06:02:00,00:00:00,4,12,6,Late,2,1,"Ronald Fernandez-Gomez, Yuri Rosero-Mora",NA,NA,NA,26.921813725490196,17.4
G-MB-M-A_01-B,MB-M-A_01-B,G-MB-M-A,Gaica,Gaica mbd,2013-09-09,13-14,2013,9,9,252,28,05:43:00,00:00:00,4,12,7,Late,3,1,"Ronald Fernandez-Gomez, Yuri Rosero-Mora",NA,NA,NA,26.921813725490196,17.4
G-MB-M-A_01-B,MB-M-A_01-B,G-MB-M-A,Gaica,Gaica mbd,2013-09-10,13-14,2013,9,10,253,29,05:50:00,00:00:00,4,12,8,Late,4,1,"Ronald Fernandez-Gomez, Yuri Rosero-Mora",NA,NA,NA,26.921813725490196,17.4
G-MB-M-A_01-B,MB-M-A_01-B,G-MB-M-A,Gaica,Gaica mbd,2017-12-02,16-17,2017,12,2,336,135,06:20:00,00:00:00,4,12,1,Early,1,1,"Yuri Rosero-Mora, Robert Rodriguez",NA,NA,NA,26.629166666666663,17.4
G-MB-M-A_01-B,MB-M-A_01-B,G-MB-M-A,Gaica,Gaica mbd,2017-12-03,16-17,2017,12,3,337,136,05:55:00,00:00:00,4,12,2,Early,2,1,"Yuri Rosero-Mora, Robert Rodriguez",NA,NA,NA,26.629166666666663,17.4
G-MB-M-A_01-B,MB-M-A_01-B,G-MB-M-A,Gaica,Gaica mbd,2017-12-04,16-17,2017,12,4,338,137,06:06:00,00:00:00,4,12,3,Early,3,1,"Yuri Rosero-Mora, Robert Rodriguez",NA,NA,NA,26.629166666666663,17.4
G-MB-M-A_01-B,MB-M-A_01-B,G-MB-M-A,Gaica,Gaica mbd,2017-12-05,16-17,2017,12,5,339,138,06:00:00,00:00:00,4,12,4,Early,4,1,"Yuri Rosero-Mora, Robert Rodriguez",NA,NA,NA,26.629166666666663,17.4
G-MB-M-A_02-A,MB-M-A_02-A,G-MB-M-A,Gaica,Gaica mbd,2013-06-02,13-14,2013,6,2,153,10,06:25:00,00:00:00,4,12,1,Early,1,1,"Ronald Fernandez-Gomez, Yuri Rosero-Mora",NA,NA,NA,32.79323031640912,24.4
G-MB-M-A_02-A,MB-M-A_02-A,G-MB-M-A,Gaica,Gaica mbd,2013-06-03,13-14,2013,6,3,154,11,07:35:00,00:00:00,4,12,2,Early,2,1,"Ronald Fernandez-Gomez, Yuri Rosero-Mora",NA,NA,NA,32.79323031640912,24.4
G-MB-M-A_02-A,MB-M-A_02-A,G-MB-M-A,Gaica,Gaica mbd,2013-06-04,13-14,2013,6,4,155,12,08:17:00,00:00:00,4,12,3,Early,3,1,"Ronald Fernandez-Gomez, Yuri Rosero-Mora",NA,NA,NA,32.79323031640912,24.4
G-MB-M-A_02-A,MB-M-A_02-A,G-MB-M-A,Gaica,Gaica mbd,2013-06-05,13-14,2013,6,5,156,13,06:15:00,00:00:00,4,12,4,Early,4,1,"Ronald Fernandez-Gomez, Yuri Rosero-Mora",NA,NA,NA,32.79323031640912,24.4
G-MB-M-A_02-A,MB-M-A_02-A,G-MB-M-A,Gaica,Gaica mbd,2013-09-11,13-14,2013,9,11,254,30,06:16:00,00:00:00,4,12,5,Late,1,1,"Ronald Fernandez-Gomez, Yuri Rosero-Mora",NA,NA,NA,32.79323031640912,24.4
G-MB-M-A_02-A,MB-M-A_02-A,G-MB-M-A,Gaica,Gaica mbd,2013-09-12,13-14,2013,9,12,255,31,06:35:00,00:00:00,4,12,6,Late,2,1,"Ronald Fernandez-Gomez, Yuri Rosero-Mora",NA,NA,NA,32.79323031640912,24.4
G-MB-M-A_02-A,MB-M-A_02-A,G-MB-M-A,Gaica,Gaica mbd,2013-09-13,13-14,2013,9,13,256,32,06:33:00,00:00:00,4,12,7,Late,3,1,"Ronald Fernandez-Gomez, Yuri Rosero-Mora",NA,NA,NA,32.79323031640912,24.4
G-MB-M-A_02-A,MB-M-A_02-A,G-MB-M-A,Gaica,Gaica mbd,2013-09-14,13-14,2013,9,14,257,33,06:30:00,00:00:00,4,12,8,Late,4,1,"Ronald Fernandez-Gomez, Yuri Rosero-Mora",NA,NA,NA,32.79323031640912,24.4
G-MB-M-A_02-A,MB-M-A_02-A,G-MB-M-A,Gaica,Gaica mbd,2017-12-02,16-17,2017,12,2,336,135,06:20:00,00:00:00,4,12,1,Early,1,1,"Yuri Rosero-Mora, Robert Rodriguez",NA,NA,NA,33.61712043168997,24.4
G-MB-M-A_02-A,MB-M-A_02-A,G-MB-M-A,Gaica,Gaica mbd,2017-12-03,16-17,2017,12,3,337,136,06:48:00,00:00:00,4,12,2,Early,2,1,"Yuri Rosero-Mora, Robert Rodriguez",NA,NA,NA,33.61712043168997,24.4
G-MB-M-A_02-A,MB-M-A_02-A,G-MB-M-A,Gaica,Gaica mbd,2017-12-04,16-17,2017,12,4,338,137,07:20:00,00:00:00,4,12,3,Early,3,1,"Yuri Rosero-Mora, Robert Rodriguez",NA,NA,NA,33.61712043168997,24.4
G-MB-M-A_02-A,MB-M-A_02-A,G-MB-M-A,Gaica,Gaica mbd,2017-12-05,16-17,2017,12,5,339,138,06:30:00,00:00:00,4,12,4,Early,4,1,"Yuri Rosero-Mora, Robert Rodriguez",NA,NA,NA,33.61712043168997,24.4
G-MB-M-A_02-B,MB-M-A_02-B,G-MB-M-A,Gaica,Gaica mbd,2013-05-29,13-14,2013,5,29,149,6,06:05:00,00:00:00,4,12,1,Early,1,1,"Ronald Fernandez-Gomez, Yuri Rosero-Mora",NA,NA,NA,30.48340299975412,17
G-MB-M-A_02-B,MB-M-A_02-B,G-MB-M-A,Gaica,Gaica mbd,2013-05-30,13-14,2013,5,30,150,7,05:55:00,00:00:00,4,12,2,Early,2,1,"Ronald Fernandez-Gomez, Yuri Rosero-Mora",NA,NA,NA,30.48340299975412,17
G-MB-M-A_02-B,MB-M-A_02-B,G-MB-M-A,Gaica,Gaica mbd,2013-05-31,13-14,2013,5,31,151,8,06:15:00,00:00:00,4,12,3,Early,3,1,"Ronald Fernandez-Gomez, Yuri Rosero-Mora",NA,NA,NA,30.48340299975412,17
G-MB-M-A_02-B,MB-M-A_02-B,G-MB-M-A,Gaica,Gaica mbd,2013-06-01,13-14,2013,6,1,152,9,06:06:00,00:00:00,4,12,4,Early,4,1,"Ronald Fernandez-Gomez, Yuri Rosero-Mora",NA,NA,NA,30.48340299975412,17
G-MB-M-A_02-B,MB-M-A_02-B,G-MB-M-A,Gaica,Gaica mbd,2013-09-07,13-14,2013,9,7,250,26,06:10:00,00:00:00,4,12,5,Late,1,1,"Ronald Fernandez-Gomez, Yuri Rosero-Mora",NA,NA,NA,30.48340299975412,17
G-MB-M-A_02-B,MB-M-A_02-B,G-MB-M-A,Gaica,Gaica mbd,2013-09-08,13-14,2013,9,8,251,27,06:22:00,00:00:00,4,12,6,Late,2,1,"Ronald Fernandez-Gomez, Yuri Rosero-Mora",NA,NA,NA,30.48340299975412,17
G-MB-M-A_02-B,MB-M-A_02-B,G-MB-M-A,Gaica,Gaica mbd,2013-09-09,13-14,2013,9,9,252,28,06:05:00,00:00:00,4,12,7,Late,3,1,"Ronald Fernandez-Gomez, Yuri Rosero-Mora",NA,NA,NA,30.48340299975412,17
G-MB-M-A_02-B,MB-M-A_02-B,G-MB-M-A,Gaica,Gaica mbd,2013-09-10,13-14,2013,9,10,253,29,06:12:00,00:00:00,4,12,8,Late,4,1,"Ronald Fernandez-Gomez, Yuri Rosero-Mora",NA,NA,NA,30.48340299975412,17
G-MB-M-A_02-B,MB-M-A_02-B,G-MB-M-A,Gaica,Gaica mbd,2017-12-02,16-17,2017,12,2,336,135,06:38:00,00:00:00,4,12,1,Early,1,1,"Yuri Rosero-Mora, Robert Rodriguez",NA,NA,NA,30.3845586427342,17
G-MB-M-A_02-B,MB-M-A_02-B,G-MB-M-A,Gaica,Gaica mbd,2017-12-03,16-17,2017,12,3,337,136,06:20:00,00:00:00,4,12,2,Early,2,1,"Yuri Rosero-Mora, Robert Rodriguez",NA,NA,NA,30.3845586427342,17
G-MB-M-A_02-B,MB-M-A_02-B,G-MB-M-A,Gaica,Gaica mbd,2017-12-04,16-17,2017,12,4,338,137,06:25:00,00:00:00,4,12,3,Early,3,1,"Yuri Rosero-Mora, Robert Rodriguez",NA,NA,NA,30.3845586427342,17
G-MB-M-A_02-B,MB-M-A_02-B,G-MB-M-A,Gaica,Gaica mbd,2017-12-05,16-17,2017,12,5,339,138,06:24:00,00:00:00,4,12,4,Early,4,1,"Yuri Rosero-Mora, Robert Rodriguez",NA,NA,NA,30.3845586427342,17
G-MB-M-A_03-A,MB-M-A_03-A,G-MB-M-A,Gaica,Gaica mbd,2013-06-02,13-14,2013,6,2,153,10,06:55:00,00:00:00,4,12,1,Early,1,1,"Ronald Fernandez-Gomez, Yuri Rosero-Mora",NA,NA,NA,34.90588235294118,24.2
G-MB-M-A_03-A,MB-M-A_03-A,G-MB-M-A,Gaica,Gaica mbd,2013-06-03,13-14,2013,6,3,154,11,08:05:00,00:00:00,4,12,2,Early,2,1,"Ronald Fernandez-Gomez, Yuri Rosero-Mora",NA,NA,NA,34.90588235294118,24.2
G-MB-M-A_03-A,MB-M-A_03-A,G-MB-M-A,Gaica,Gaica mbd,2013-06-04,13-14,2013,6,4,155,12,07:38:00,00:00:00,4,12,3,Early,3,1,"Ronald Fernandez-Gomez, Yuri Rosero-Mora",NA,NA,NA,34.90588235294118,24.2
G-MB-M-A_03-A,MB-M-A_03-A,G-MB-M-A,Gaica,Gaica mbd,2013-06-05,13-14,2013,6,5,156,13,06:55:00,00:00:00,4,12,4,Early,4,1,"Ronald Fernandez-Gomez, Yuri Rosero-Mora",NA,NA,NA,34.90588235294118,24.2
G-MB-M-A_03-A,MB-M-A_03-A,G-MB-M-A,Gaica,Gaica mbd,2013-09-11,13-14,2013,9,11,254,30,06:51:00,00:00:00,4,12,5,Late,1,1,"Ronald Fernandez-Gomez, Yuri Rosero-Mora",NA,NA,NA,34.90588235294118,24.2
G-MB-M-A_03-A,MB-M-A_03-A,G-MB-M-A,Gaica,Gaica mbd,2013-09-12,13-14,2013,9,12,255,31,07:05:00,00:00:00,4,12,6,Late,2,1,"Ronald Fernandez-Gomez, Yuri Rosero-Mora",NA,NA,NA,34.90588235294118,24.2
G-MB-M-A_03-A,MB-M-A_03-A,G-MB-M-A,Gaica,Gaica mbd,2013-09-13,13-14,2013,9,13,256,32,07:10:00,00:00:00,4,12,7,Late,3,1,"Ronald Fernandez-Gomez, Yuri Rosero-Mora",NA,NA,NA,34.90588235294118,24.2
G-MB-M-A_03-A,MB-M-A_03-A,G-MB-M-A,Gaica,Gaica mbd,2013-09-14,13-14,2013,9,14,257,33,06:57:00,00:00:00,4,12,8,Late,4,1,"Ronald Fernandez-Gomez, Yuri Rosero-Mora",NA,NA,NA,34.90588235294118,24.2
G-MB-M-A_03-A,MB-M-A_03-A,G-MB-M-A,Gaica,Gaica mbd,2017-12-02,16-17,2017,12,2,336,135,06:51:00,00:00:00,4,12,1,Early,1,1,"Yuri Rosero-Mora, Robert Rodriguez",NA,NA,NA,36.18161764705882,24.2
G-MB-M-A_03-A,MB-M-A_03-A,G-MB-M-A,Gaica,Gaica mbd,2017-12-03,16-17,2017,12,3,337,136,07:15:00,00:00:00,4,12,2,Early,2,1,"Yuri Rosero-Mora, Robert Rodriguez",NA,NA,NA,36.18161764705882,24.2
G-MB-M-A_03-A,MB-M-A_03-A,G-MB-M-A,Gaica,Gaica mbd,2017-12-04,16-17,2017,12,4,338,137,07:45:00,00:00:00,4,12,3,Early,3,1,"Yuri Rosero-Mora, Robert Rodriguez",NA,NA,NA,36.18161764705882,24.2
G-MB-M-A_03-A,MB-M-A_03-A,G-MB-M-A,Gaica,Gaica mbd,2017-12-05,16-17,2017,12,5,339,138,06:48:00,00:00:00,4,12,4,Early,4,1,"Yuri Rosero-Mora, Robert Rodriguez",NA,NA,NA,36.18161764705882,24.2
G-MB-M-A_03-B,MB-M-A_03-B,G-MB-M-A,Gaica,Gaica mbd,2013-05-29,13-14,2013,5,29,149,6,06:30:00,00:00:00,4,12,1,Early,1,1,"Ronald Fernandez-Gomez, Yuri Rosero-Mora",NA,NA,NA,32.81334314446897,23.7
G-MB-M-A_03-B,MB-M-A_03-B,G-MB-M-A,Gaica,Gaica mbd,2013-05-30,13-14,2013,5,30,150,7,06:25:00,00:00:00,4,12,2,Early,2,1,"Ronald Fernandez-Gomez, Yuri Rosero-Mora",NA,NA,NA,32.81334314446897,23.7
G-MB-M-A_03-B,MB-M-A_03-B,G-MB-M-A,Gaica,Gaica mbd,2013-05-31,13-14,2013,5,31,151,8,06:47:00,00:00:00,4,12,3,Early,3,1,"Ronald Fernandez-Gomez, Yuri Rosero-Mora",NA,NA,NA,32.81334314446897,23.7
G-MB-M-A_03-B,MB-M-A_03-B,G-MB-M-A,Gaica,Gaica mbd,2013-06-01,13-14,2013,6,1,152,9,06:30:00,00:00:00,4,12,4,Early,4,1,"Ronald Fernandez-Gomez, Yuri Rosero-Mora",NA,NA,NA,32.81334314446897,23.7
G-MB-M-A_03-B,MB-M-A_03-B,G-MB-M-A,Gaica,Gaica mbd,2013-09-07,13-14,2013,9,7,250,26,06:37:00,00:00:00,4,12,5,Late,1,1,"Ronald Fernandez-Gomez, Yuri Rosero-Mora",NA,NA,NA,32.81334314446897,23.7
G-MB-M-A_03-B,MB-M-A_03-B,G-MB-M-A,Gaica,Gaica mbd,2013-09-08,13-14,2013,9,8,251,27,06:40:00,00:00:00,4,12,6,Late,2,1,"Ronald Fernandez-Gomez, Yuri Rosero-Mora",NA,NA,NA,32.81334314446897,23.7
G-MB-M-A_03-B,MB-M-A_03-B,G-MB-M-A,Gaica,Gaica mbd,2013-09-09,13-14,2013,9,9,252,28,06:28:00,00:00:00,4,12,7,Late,3,1,"Ronald Fernandez-Gomez, Yuri Rosero-Mora",NA,NA,NA,32.81334314446897,23.7
G-MB-M-A_03-B,MB-M-A_03-B,G-MB-M-A,Gaica,Gaica mbd,2013-09-10,13-14,2013,9,10,253,29,06:40:00,00:00:00,4,12,8,Late,4,1,"Ronald Fernandez-Gomez, Yuri Rosero-Mora",NA,NA,NA,32.81334314446897,23.7
G-MB-M-A_03-B,MB-M-A_03-B,G-MB-M-A,Gaica,Gaica mbd,2017-12-02,16-17,2017,12,2,336,135,06:55:00,00:00:00,4,12,1,Early,1,1,"Yuri Rosero-Mora, Robert Rodriguez",NA,NA,NA,32.8915869511896,23.7
G-MB-M-A_03-B,MB-M-A_03-B,G-MB-M-A,Gaica,Gaica mbd,2017-12-03,16-17,2017,12,3,337,136,06:35:00,00:00:00,4,12,2,Early,2,1,"Yuri Rosero-Mora, Robert Rodriguez",NA,NA,NA,32.8915869511896,23.7
G-MB-M-A_03-B,MB-M-A_03-B,G-MB-M-A,Gaica,Gaica mbd,2017-12-04,16-17,2017,12,4,338,137,06:38:00,00:00:00,4,12,3,Early,3,1,"Yuri Rosero-Mora, Robert Rodriguez",NA,NA,NA,32.8915869511896,23.7
G-MB-M-A_03-B,MB-M-A_03-B,G-MB-M-A,Gaica,Gaica mbd,2017-12-05,16-17,2017,12,5,339,138,06:45:00,00:00:00,4,12,4,Early,4,1,"Yuri Rosero-Mora, Robert Rodriguez",NA,NA,NA,32.8915869511896,23.7
G-MB-M-A_04-A,MB-M-A_04-A,G-MB-M-A,Gaica,Gaica mbd,2013-06-02,13-14,2013,6,2,153,10,07:20:00,00:00:00,4,12,1,Early,1,1,"Ronald Fernandez-Gomez, Yuri Rosero-Mora",NA,NA,NA,33.05765456329735,23.8
G-MB-M-A_04-A,MB-M-A_04-A,G-MB-M-A,Gaica,Gaica mbd,2013-06-03,13-14,2013,6,3,154,11,08:30:00,00:00:00,4,12,2,Early,2,1,"Ronald Fernandez-Gomez, Yuri Rosero-Mora",NA,NA,NA,33.05765456329735,23.8
G-MB-M-A_04-A,MB-M-A_04-A,G-MB-M-A,Gaica,Gaica mbd,2013-06-04,13-14,2013,6,4,155,12,07:15:00,00:00:00,4,12,3,Early,3,1,"Ronald Fernandez-Gomez, Yuri Rosero-Mora",NA,NA,NA,33.05765456329735,23.8
G-MB-M-A_04-A,MB-M-A_04-A,G-MB-M-A,Gaica,Gaica mbd,2013-06-05,13-14,2013,6,5,156,13,07:28:00,00:00:00,4,12,4,Early,4,1,"Ronald Fernandez-Gomez, Yuri Rosero-Mora",NA,NA,NA,33.05765456329735,23.8
G-MB-M-A_04-A,MB-M-A_04-A,G-MB-M-A,Gaica,Gaica mbd,2013-09-11,13-14,2013,9,11,254,30,07:15:00,00:00:00,4,12,5,Late,1,1,"Ronald Fernandez-Gomez, Yuri Rosero-Mora",NA,NA,NA,33.05765456329735,23.8
G-MB-M-A_04-A,MB-M-A_04-A,G-MB-M-A,Gaica,Gaica mbd,2013-09-12,13-14,2013,9,12,255,31,07:25:00,00:00:00,4,12,6,Late,2,1,"Ronald Fernandez-Gomez, Yuri Rosero-Mora",NA,NA,NA,33.05765456329735,23.8
G-MB-M-A_04-A,MB-M-A_04-A,G-MB-M-A,Gaica,Gaica mbd,2013-09-13,13-14,2013,9,13,256,32,07:25:00,00:00:00,4,12,7,Late,3,1,"Ronald Fernandez-Gomez, Yuri Rosero-Mora",NA,NA,NA,33.05765456329735,23.8
G-MB-M-A_04-A,MB-M-A_04-A,G-MB-M-A,Gaica,Gaica mbd,2013-09-14,13-14,2013,9,14,257,33,07:22:00,00:00:00,4,12,8,Late,4,1,"Ronald Fernandez-Gomez, Yuri Rosero-Mora",NA,NA,NA,33.05765456329735,23.8
G-MB-M-A_04-A,MB-M-A_04-A,G-MB-M-A,Gaica,Gaica mbd,2017-12-02,16-17,2017,12,2,336,135,07:17:00,00:00:00,4,12,1,Early,1,1,"Yuri Rosero-Mora, Robert Rodriguez",NA,NA,NA,34.263002944062805,23.8
G-MB-M-A_04-A,MB-M-A_04-A,G-MB-M-A,Gaica,Gaica mbd,2017-12-03,16-17,2017,12,3,337,136,07:30:00,00:00:00,4,12,2,Early,2,1,"Yuri Rosero-Mora, Robert Rodriguez",NA,NA,NA,34.263002944062805,23.8
G-MB-M-A_04-A,MB-M-A_04-A,G-MB-M-A,Gaica,Gaica mbd,2017-12-04,16-17,2017,12,4,338,137,08:00:00,00:00:00,4,12,3,Early,3,1,"Yuri Rosero-Mora, Robert Rodriguez",NA,NA,NA,34.263002944062805,23.8
G-MB-M-A_04-A,MB-M-A_04-A,G-MB-M-A,Gaica,Gaica mbd,2017-12-05,16-17,2017,12,5,339,138,07:10:00,00:00:00,4,12,4,Early,4,1,"Yuri Rosero-Mora, Robert Rodriguez",NA,NA,NA,34.263002944062805,23.8
G-MB-M-A_04-B,MB-M-A_04-B,G-MB-M-A,Gaica,Gaica mbd,2013-05-29,13-14,2013,5,29,149,6,07:10:00,00:00:00,4,12,1,Early,1,1,"Ronald Fernandez-Gomez, Yuri Rosero-Mora",NA,NA,NA,34.86190826588177,23.2
G-MB-M-A_04-B,MB-M-A_04-B,G-MB-M-A,Gaica,Gaica mbd,2013-05-30,13-14,2013,5,30,150,7,06:55:00,00:00:00,4,12,2,Early,2,1,"Ronald Fernandez-Gomez, Yuri Rosero-Mora",NA,NA,NA,34.86190826588177,23.2
G-MB-M-A_04-B,MB-M-A_04-B,G-MB-M-A,Gaica,Gaica mbd,2013-05-31,13-14,2013,5,31,151,8,07:08:00,00:00:00,4,12,3,Early,3,1,"Ronald Fernandez-Gomez, Yuri Rosero-Mora",NA,NA,NA,34.86190826588177,23.2
G-MB-M-A_04-B,MB-M-A_04-B,G-MB-M-A,Gaica,Gaica mbd,2013-06-01,13-14,2013,6,1,152,9,07:05:00,00:00:00,4,12,4,Early,4,1,"Ronald Fernandez-Gomez, Yuri Rosero-Mora",NA,NA,NA,34.86190826588177,23.2
G-MB-M-A_04-B,MB-M-A_04-B,G-MB-M-A,Gaica,Gaica mbd,2013-09-07,13-14,2013,9,7,250,26,07:00:00,00:00:00,4,12,5,Late,1,1,"Ronald Fernandez-Gomez, Yuri Rosero-Mora",NA,NA,NA,34.86190826588177,23.2
G-MB-M-A_04-B,MB-M-A_04-B,G-MB-M-A,Gaica,Gaica mbd,2013-09-08,13-14,2013,9,8,251,27,07:05:00,00:00:00,4,12,6,Late,2,1,"Ronald Fernandez-Gomez, Yuri Rosero-Mora",NA,NA,NA,34.86190826588177,23.2
G-MB-M-A_04-B,MB-M-A_04-B,G-MB-M-A,Gaica,Gaica mbd,2013-09-09,13-14,2013,9,9,252,28,07:00:00,00:00:00,4,12,7,Late,3,1,"Ronald Fernandez-Gomez, Yuri Rosero-Mora",NA,NA,NA,34.86190826588177,23.2
G-MB-M-A_04-B,MB-M-A_04-B,G-MB-M-A,Gaica,Gaica mbd,2013-09-10,13-14,2013,9,10,253,29,07:14:00,00:00:00,4,12,8,Late,4,1,"Ronald Fernandez-Gomez, Yuri Rosero-Mora",NA,NA,NA,34.86190826588177,23.2
G-MB-M-A_04-B,MB-M-A_04-B,G-MB-M-A,Gaica,Gaica mbd,2017-12-02,16-17,2017,12,2,336,135,07:10:00,00:00:00,4,12,1,Early,1,1,"Yuri Rosero-Mora, Robert Rodriguez",NA,NA,NA,35.184449350012265,23.2
G-MB-M-A_04-B,MB-M-A_04-B,G-MB-M-A,Gaica,Gaica mbd,2017-12-03,16-17,2017,12,3,337,136,06:55:00,00:00:00,4,12,2,Early,2,1,"Yuri Rosero-Mora, Robert Rodriguez",NA,NA,NA,35.184449350012265,23.2
G-MB-M-A_04-B,MB-M-A_04-B,G-MB-M-A,Gaica,Gaica mbd,2017-12-04,16-17,2017,12,4,338,137,06:55:00,00:00:00,4,12,3,Early,3,1,"Yuri Rosero-Mora, Robert Rodriguez",NA,NA,NA,35.184449350012265,23.2
G-MB-M-A_04-B,MB-M-A_04-B,G-MB-M-A,Gaica,Gaica mbd,2017-12-05,16-17,2017,12,5,339,138,07:01:00,00:00:00,4,12,4,Early,4,1,"Yuri Rosero-Mora, Robert Rodriguez",NA,NA,NA,35.184449350012265,23.2
G-MB-M-A_05-A,MB-M-A_05-A,G-MB-M-A,Gaica,Gaica mbd,2013-06-02,13-14,2013,6,2,153,10,07:50:00,00:00:00,4,12,1,Early,1,1,"Ronald Fernandez-Gomez, Yuri Rosero-Mora",NA,NA,NA,31.574932548442483,18.2
G-MB-M-A_05-A,MB-M-A_05-A,G-MB-M-A,Gaica,Gaica mbd,2013-06-03,13-14,2013,6,3,154,11,09:30:00,00:00:00,4,12,2,Early,2,1,"Ronald Fernandez-Gomez, Yuri Rosero-Mora",NA,NA,NA,31.574932548442483,18.2
G-MB-M-A_05-A,MB-M-A_05-A,G-MB-M-A,Gaica,Gaica mbd,2013-06-04,13-14,2013,6,4,155,12,06:35:00,00:00:00,4,12,3,Early,3,1,"Ronald Fernandez-Gomez, Yuri Rosero-Mora",NA,NA,NA,31.574932548442483,18.2
G-MB-M-A_05-A,MB-M-A_05-A,G-MB-M-A,Gaica,Gaica mbd,2013-06-05,13-14,2013,6,5,156,13,07:50:00,00:00:00,4,12,4,Early,4,1,"Ronald Fernandez-Gomez, Yuri Rosero-Mora",NA,NA,NA,31.574932548442483,18.2
G-MB-M-A_05-A,MB-M-A_05-A,G-MB-M-A,Gaica,Gaica mbd,2013-09-11,13-14,2013,9,11,254,30,07:36:00,00:00:00,4,12,5,Late,1,1,"Ronald Fernandez-Gomez, Yuri Rosero-Mora",NA,NA,NA,31.574932548442483,18.2
G-MB-M-A_05-A,MB-M-A_05-A,G-MB-M-A,Gaica,Gaica mbd,2013-09-12,13-14,2013,9,12,255,31,07:49:00,00:00:00,4,12,6,Late,2,1,"Ronald Fernandez-Gomez, Yuri Rosero-Mora",NA,NA,NA,31.574932548442483,18.2
G-MB-M-A_05-A,MB-M-A_05-A,G-MB-M-A,Gaica,Gaica mbd,2013-09-13,13-14,2013,9,13,256,32,07:50:00,00:00:00,4,12,7,Late,3,1,"Ronald Fernandez-Gomez, Yuri Rosero-Mora",NA,NA,NA,31.574932548442483,18.2
G-MB-M-A_05-A,MB-M-A_05-A,G-MB-M-A,Gaica,Gaica mbd,2013-09-14,13-14,2013,9,14,257,33,07:48:00,00:00:00,4,12,8,Late,4,0,"Ronald Fernandez-Gomez, Yuri Rosero-Mora",NA,NA,NA,31.574932548442483,18.2
G-MB-M-A_05-A,MB-M-A_05-A,G-MB-M-A,Gaica,Gaica mbd,2017-12-02,16-17,2017,12,2,336,135,07:38:00,00:00:00,4,12,1,Early,1,1,"Yuri Rosero-Mora, Robert Rodriguez",NA,NA,NA,32.55212165808192,18.2
G-MB-M-A_05-A,MB-M-A_05-A,G-MB-M-A,Gaica,Gaica mbd,2017-12-03,16-17,2017,12,3,337,136,07:50:00,00:00:00,4,12,2,Early,2,1,"Yuri Rosero-Mora, Robert Rodriguez",NA,NA,NA,32.55212165808192,18.2
G-MB-M-A_05-A,MB-M-A_05-A,G-MB-M-A,Gaica,Gaica mbd,2017-12-04,16-17,2017,12,4,338,137,06:15:00,00:00:00,4,12,3,Early,3,1,"Yuri Rosero-Mora, Robert Rodriguez",NA,NA,NA,32.55212165808192,18.2
G-MB-M-A_05-A,MB-M-A_05-A,G-MB-M-A,Gaica,Gaica mbd,2017-12-05,16-17,2017,12,5,339,138,07:25:00,00:00:00,4,12,4,Early,4,1,"Yuri Rosero-Mora, Robert Rodriguez",NA,NA,NA,32.55212165808192,18.2
G-MB-M-A_05-B,MB-M-A_05-B,G-MB-M-A,Gaica,Gaica mbd,2013-05-29,13-14,2013,5,29,149,6,07:30:00,00:00:00,4,12,1,Early,1,1,"Ronald Fernandez-Gomez, Yuri Rosero-Mora",NA,NA,NA,37.67018146150073,23.6
G-MB-M-A_05-B,MB-M-A_05-B,G-MB-M-A,Gaica,Gaica mbd,2013-05-30,13-14,2013,5,30,150,7,07:20:00,00:00:00,4,12,2,Early,2,1,"Ronald Fernandez-Gomez, Yuri Rosero-Mora",NA,NA,NA,37.67018146150073,23.6
G-MB-M-A_05-B,MB-M-A_05-B,G-MB-M-A,Gaica,Gaica mbd,2013-05-31,13-14,2013,5,31,151,8,07:40:00,00:00:00,4,12,3,Early,3,1,"Ronald Fernandez-Gomez, Yuri Rosero-Mora",NA,NA,NA,37.67018146150073,23.6
G-MB-M-A_05-B,MB-M-A_05-B,G-MB-M-A,Gaica,Gaica mbd,2013-06-01,13-14,2013,6,1,152,9,07:35:00,00:00:00,4,12,4,Early,4,1,"Ronald Fernandez-Gomez, Yuri Rosero-Mora",NA,NA,NA,37.67018146150073,23.6
G-MB-M-A_05-B,MB-M-A_05-B,G-MB-M-A,Gaica,Gaica mbd,2013-09-07,13-14,2013,9,7,250,26,07:25:00,00:00:00,4,12,5,Late,1,1,"Ronald Fernandez-Gomez, Yuri Rosero-Mora",NA,NA,NA,37.67018146150073,23.6
G-MB-M-A_05-B,MB-M-A_05-B,G-MB-M-A,Gaica,Gaica mbd,2013-09-08,13-14,2013,9,8,251,27,07:30:00,00:00:00,4,12,6,Late,2,1,"Ronald Fernandez-Gomez, Yuri Rosero-Mora",NA,NA,NA,37.67018146150073,23.6
G-MB-M-A_05-B,MB-M-A_05-B,G-MB-M-A,Gaica,Gaica mbd,2013-09-09,13-14,2013,9,9,252,28,07:35:00,00:00:00,4,12,7,Late,3,1,"Ronald Fernandez-Gomez, Yuri Rosero-Mora",NA,NA,NA,37.67018146150073,23.6
G-MB-M-A_05-B,MB-M-A_05-B,G-MB-M-A,Gaica,Gaica mbd,2013-09-10,13-14,2013,9,10,253,29,07:44:00,00:00:00,4,12,8,Late,4,1,"Ronald Fernandez-Gomez, Yuri Rosero-Mora",NA,NA,NA,37.67018146150073,23.6
G-MB-M-A_05-B,MB-M-A_05-B,G-MB-M-A,Gaica,Gaica mbd,2017-12-02,16-17,2017,12,2,336,135,07:30:00,00:00:00,4,12,1,Early,1,1,"Yuri Rosero-Mora, Robert Rodriguez",NA,NA,NA,37.94776851397744,23.6
G-MB-M-A_05-B,MB-M-A_05-B,G-MB-M-A,Gaica,Gaica mbd,2017-12-03,16-17,2017,12,3,337,136,08:10:00,00:00:00,4,12,2,Early,2,1,"Yuri Rosero-Mora, Robert Rodriguez",NA,NA,NA,37.94776851397744,23.6
G-MB-M-A_05-B,MB-M-A_05-B,G-MB-M-A,Gaica,Gaica mbd,2017-12-04,16-17,2017,12,4,338,137,08:00:00,00:00:00,4,12,3,Early,3,1,"Yuri Rosero-Mora, Robert Rodriguez",NA,NA,NA,37.94776851397744,23.6
G-MB-M-A_05-B,MB-M-A_05-B,G-MB-M-A,Gaica,Gaica mbd,2017-12-05,16-17,2017,12,5,339,138,07:20:00,00:00:00,4,12,4,Early,4,1,"Yuri Rosero-Mora, Robert Rodriguez",NA,NA,NA,37.94776851397744,23.6
G-MB-M-A_06-A,MB-M-A_06-A,G-MB-M-A,Gaica,Gaica mbd,2013-06-02,13-14,2013,6,2,153,10,08:20:00,00:00:00,4,12,1,Early,1,1,"Ronald Fernandez-Gomez, Yuri Rosero-Mora",NA,NA,NA,31.113045610593428,24.4
G-MB-M-A_06-A,MB-M-A_06-A,G-MB-M-A,Gaica,Gaica mbd,2013-06-03,13-14,2013,6,3,154,11,10:00:00,00:00:00,4,12,2,Early,2,1,"Ronald Fernandez-Gomez, Yuri Rosero-Mora",NA,NA,NA,31.113045610593428,24.4
G-MB-M-A_06-A,MB-M-A_06-A,G-MB-M-A,Gaica,Gaica mbd,2013-06-04,13-14,2013,6,4,155,12,06:05:00,00:00:00,4,12,3,Early,3,1,"Ronald Fernandez-Gomez, Yuri Rosero-Mora",NA,NA,NA,31.113045610593428,24.4
G-MB-M-A_06-A,MB-M-A_06-A,G-MB-M-A,Gaica,Gaica mbd,2013-06-05,13-14,2013,6,5,156,13,08:15:00,00:00:00,4,12,4,Early,4,1,"Ronald Fernandez-Gomez, Yuri Rosero-Mora",NA,NA,NA,31.113045610593428,24.4
G-MB-M-A_06-A,MB-M-A_06-A,G-MB-M-A,Gaica,Gaica mbd,2013-09-11,13-14,2013,9,11,254,30,08:03:00,00:00:00,4,12,5,Late,1,1,"Ronald Fernandez-Gomez, Yuri Rosero-Mora",NA,NA,NA,31.113045610593428,24.4
G-MB-M-A_06-A,MB-M-A_06-A,G-MB-M-A,Gaica,Gaica mbd,2013-09-12,13-14,2013,9,12,255,31,08:17:00,00:00:00,4,12,6,Late,2,1,"Ronald Fernandez-Gomez, Yuri Rosero-Mora",NA,NA,NA,31.113045610593428,24.4
G-MB-M-A_06-A,MB-M-A_06-A,G-MB-M-A,Gaica,Gaica mbd,2013-09-13,13-14,2013,9,13,256,32,08:12:00,00:00:00,4,12,7,Late,3,1,"Ronald Fernandez-Gomez, Yuri Rosero-Mora",NA,NA,NA,31.113045610593428,24.4
G-MB-M-A_06-A,MB-M-A_06-A,G-MB-M-A,Gaica,Gaica mbd,2013-09-14,13-14,2013,9,14,257,33,08:15:00,00:00:00,4,12,8,Late,4,0,"Ronald Fernandez-Gomez, Yuri Rosero-Mora",NA,NA,NA,31.113045610593428,24.4
G-MB-M-A_06-A,MB-M-A_06-A,G-MB-M-A,Gaica,Gaica mbd,2017-12-02,16-17,2017,12,2,336,135,07:55:00,00:00:00,4,12,1,Early,1,1,"Yuri Rosero-Mora, Robert Rodriguez",NA,NA,NA,31.878616969102502,24.4
G-MB-M-A_06-A,MB-M-A_06-A,G-MB-M-A,Gaica,Gaica mbd,2017-12-03,16-17,2017,12,3,337,136,08:10:00,00:00:00,4,12,2,Early,2,1,"Yuri Rosero-Mora, Robert Rodriguez",NA,NA,NA,31.878616969102502,24.4
G-MB-M-A_06-A,MB-M-A_06-A,G-MB-M-A,Gaica,Gaica mbd,2017-12-04,16-17,2017,12,4,338,137,05:55:00,00:00:00,4,12,3,Early,3,1,"Yuri Rosero-Mora, Robert Rodriguez",NA,NA,NA,31.878616969102502,24.4
G-MB-M-A_06-A,MB-M-A_06-A,G-MB-M-A,Gaica,Gaica mbd,2017-12-05,16-17,2017,12,5,339,138,07:49:00,00:00:00,4,12,4,Early,4,1,"Yuri Rosero-Mora, Robert Rodriguez",NA,NA,NA,31.878616969102502,24.4
G-MB-M-A_06-B,MB-M-A_06-B,G-MB-M-A,Gaica,Gaica mbd,2013-05-29,13-14,2013,5,29,149,6,07:57:00,00:00:00,4,12,1,Early,1,1,"Ronald Fernandez-Gomez, Yuri Rosero-Mora",NA,NA,NA,40.682075239734445,23.8
G-MB-M-A_06-B,MB-M-A_06-B,G-MB-M-A,Gaica,Gaica mbd,2013-05-30,13-14,2013,5,30,150,7,07:50:00,00:00:00,4,12,2,Early,2,1,"Ronald Fernandez-Gomez, Yuri Rosero-Mora",NA,NA,NA,40.682075239734445,23.8
G-MB-M-A_06-B,MB-M-A_06-B,G-MB-M-A,Gaica,Gaica mbd,2013-05-31,13-14,2013,5,31,151,8,08:20:00,00:00:00,4,12,3,Early,3,1,"Ronald Fernandez-Gomez, Yuri Rosero-Mora",NA,NA,NA,40.682075239734445,23.8
G-MB-M-A_06-B,MB-M-A_06-B,G-MB-M-A,Gaica,Gaica mbd,2013-06-01,13-14,2013,6,1,152,9,07:30:00,00:00:00,4,12,4,Early,4,1,"Ronald Fernandez-Gomez, Yuri Rosero-Mora",NA,NA,NA,40.682075239734445,23.8
G-MB-M-A_06-B,MB-M-A_06-B,G-MB-M-A,Gaica,Gaica mbd,2013-09-07,13-14,2013,9,7,250,26,07:50:00,00:00:00,4,12,5,Late,1,0,"Ronald Fernandez-Gomez, Yuri Rosero-Mora",NA,NA,NA,40.682075239734445,23.8
G-MB-M-A_06-B,MB-M-A_06-B,G-MB-M-A,Gaica,Gaica mbd,2013-09-08,13-14,2013,9,8,251,27,07:52:00,00:00:00,4,12,6,Late,2,1,"Ronald Fernandez-Gomez, Yuri Rosero-Mora",NA,NA,NA,40.682075239734445,23.8
G-MB-M-A_06-B,MB-M-A_06-B,G-MB-M-A,Gaica,Gaica mbd,2013-09-09,13-14,2013,9,9,252,28,07:58:00,00:00:00,4,12,7,Late,3,1,"Ronald Fernandez-Gomez, Yuri Rosero-Mora",NA,NA,NA,40.682075239734445,23.8
G-MB-M-A_06-B,MB-M-A_06-B,G-MB-M-A,Gaica,Gaica mbd,2013-09-10,13-14,2013,9,10,253,29,08:10:00,00:00:00,4,12,8,Late,4,1,"Ronald Fernandez-Gomez, Yuri Rosero-Mora",NA,NA,NA,40.682075239734445,23.8
G-MB-M-A_06-B,MB-M-A_06-B,G-MB-M-A,Gaica,Gaica mbd,2017-12-02,16-17,2017,12,2,336,135,07:46:00,00:00:00,4,12,1,Early,1,1,"Yuri Rosero-Mora, Robert Rodriguez",NA,NA,NA,40.923776739611505,23.8
G-MB-M-A_06-B,MB-M-A_06-B,G-MB-M-A,Gaica,Gaica mbd,2017-12-03,16-17,2017,12,3,337,136,07:40:00,00:00:00,4,12,2,Early,2,1,"Yuri Rosero-Mora, Robert Rodriguez",NA,NA,NA,40.923776739611505,23.8
G-MB-M-A_06-B,MB-M-A_06-B,G-MB-M-A,Gaica,Gaica mbd,2017-12-04,16-17,2017,12,4,338,137,07:40:00,00:00:00,4,12,3,Early,3,1,"Yuri Rosero-Mora, Robert Rodriguez",NA,NA,NA,40.923776739611505,23.8
G-MB-M-A_06-B,MB-M-A_06-B,G-MB-M-A,Gaica,Gaica mbd,2017-12-05,16-17,2017,12,5,339,138,07:40:00,00:00:00,4,12,4,Early,4,1,"Yuri Rosero-Mora, Robert Rodriguez",NA,NA,NA,40.923776739611505,23.8
G-MB-M-BV_01,MB-M-BV_01,G-MB-M-BV,Gaica,Gaica mbd,2016-10-25,16-17,2016,10,25,299,39,05:50:00,00:00:00,1,6,1,Early,1,1,"Yuri Rosero-Mora, Robert Rodriguez",NA,NA,NA,29.897467420703222,18.2
G-MB-M-BV_01,MB-M-BV_01,G-MB-M-BV,Gaica,Gaica mbd,2016-10-26,16-17,2016,10,26,300,40,07:05:00,00:00:00,1,6,2,Early,2,1,"Yuri Rosero-Mora, Robert Rodriguez",NA,NA,NA,29.897467420703222,18.2
G-MB-M-BV_01,MB-M-BV_01,G-MB-M-BV,Gaica,Gaica mbd,2016-10-27,16-17,2016,10,27,301,41,08:35:00,00:00:00,1,6,3,Early,3,1,"Yuri Rosero-Mora, Robert Rodriguez",NA,NA,NA,29.897467420703222,18.2
G-MB-M-BV_01,MB-M-BV_01,G-MB-M-BV,Gaica,Gaica mbd,2017-03-25,16-17,2017,3,25,84,11,06:37:00,00:00:00,1,6,4,Late,1,1,"Yuri Rosero-Mora, Robert Rodriguez",NA,NA,NA,29.92328497664126,18.2
G-MB-M-BV_01,MB-M-BV_01,G-MB-M-BV,Gaica,Gaica mbd,2017-03-26,16-17,2017,3,26,85,12,06:25:00,00:00:00,1,6,5,Late,2,1,"Yuri Rosero-Mora, Robert Rodriguez",NA,NA,NA,29.92328497664126,18.2
G-MB-M-BV_01,MB-M-BV_01,G-MB-M-BV,Gaica,Gaica mbd,2017-03-27,16-17,2017,3,27,86,13,07:00:00,00:00:00,1,6,6,Late,3,1,"Yuri Rosero-Mora, Robert Rodriguez",NA,NA,NA,29.92328497664126,18.2
G-MB-M-BV_02,MB-M-BV_02,G-MB-M-BV,Gaica,Gaica mbd,2016-10-25,16-17,2016,10,25,299,39,06:20:00,00:00:00,1,6,1,Early,1,1,"Yuri Rosero-Mora, Robert Rodriguez",NA,NA,NA,29.919921395234585,17.2
G-MB-M-BV_02,MB-M-BV_02,G-MB-M-BV,Gaica,Gaica mbd,2016-10-26,16-17,2016,10,26,300,40,06:45:00,00:00:00,1,6,2,Early,2,1,"Yuri Rosero-Mora, Robert Rodriguez",NA,NA,NA,29.919921395234585,17.2
G-MB-M-BV_02,MB-M-BV_02,G-MB-M-BV,Gaica,Gaica mbd,2016-10-27,16-17,2016,10,27,301,41,08:20:00,00:00:00,1,6,3,Early,3,1,"Yuri Rosero-Mora, Robert Rodriguez",NA,NA,NA,29.919921395234585,17.2
G-MB-M-BV_02,MB-M-BV_02,G-MB-M-BV,Gaica,Gaica mbd,2017-03-25,16-17,2017,3,25,84,11,06:58:00,00:00:00,1,6,4,Late,1,1,"Yuri Rosero-Mora, Robert Rodriguez",NA,NA,NA,29.923605993613364,17.2
G-MB-M-BV_02,MB-M-BV_02,G-MB-M-BV,Gaica,Gaica mbd,2017-03-26,16-17,2017,3,26,85,12,06:50:00,00:00:00,1,6,5,Late,2,1,"Yuri Rosero-Mora, Robert Rodriguez",NA,NA,NA,29.923605993613364,17.2
G-MB-M-BV_02,MB-M-BV_02,G-MB-M-BV,Gaica,Gaica mbd,2017-03-27,16-17,2017,3,27,86,13,07:25:00,00:00:00,1,6,6,Late,3,1,"Yuri Rosero-Mora, Robert Rodriguez",NA,NA,NA,29.923605993613364,17.2
G-MB-M-BV_03,MB-M-BV_03,G-MB-M-BV,Gaica,Gaica mbd,2016-10-25,16-17,2016,10,25,299,39,06:45:00,00:00:00,1,6,1,Early,1,1,"Yuri Rosero-Mora, Robert Rodriguez",NA,NA,NA,30.140471512770137,19.8
G-MB-M-BV_03,MB-M-BV_03,G-MB-M-BV,Gaica,Gaica mbd,2016-10-26,16-17,2016,10,26,300,40,06:20:00,00:00:00,1,6,2,Early,2,1,"Yuri Rosero-Mora, Robert Rodriguez",NA,NA,NA,30.140471512770137,19.8
G-MB-M-BV_03,MB-M-BV_03,G-MB-M-BV,Gaica,Gaica mbd,2016-10-27,16-17,2016,10,27,301,41,07:50:00,00:00:00,1,6,3,Early,3,1,"Yuri Rosero-Mora, Robert Rodriguez",NA,NA,NA,30.140471512770137,19.8
G-MB-M-BV_03,MB-M-BV_03,G-MB-M-BV,Gaica,Gaica mbd,2017-03-25,16-17,2017,3,25,84,11,07:35:00,00:00:00,1,6,4,Late,1,1,"Yuri Rosero-Mora, Robert Rodriguez",NA,NA,NA,30.182956777996072,19.8
G-MB-M-BV_03,MB-M-BV_03,G-MB-M-BV,Gaica,Gaica mbd,2017-03-26,16-17,2017,3,26,85,12,07:12:00,00:00:00,1,6,5,Late,2,1,"Yuri Rosero-Mora, Robert Rodriguez",NA,NA,NA,30.182956777996072,19.8
G-MB-M-BV_03,MB-M-BV_03,G-MB-M-BV,Gaica,Gaica mbd,2017-03-27,16-17,2017,3,27,86,13,07:43:00,00:00:00,1,6,6,Late,3,1,"Yuri Rosero-Mora, Robert Rodriguez",NA,NA,NA,30.182956777996072,19.8
G-MB-M-BV_04,MB-M-BV_04,G-MB-M-BV,Gaica,Gaica mbd,2016-10-25,16-17,2016,10,25,299,39,06:20:00,00:00:00,1,6,1,Early,1,1,"Yuri Rosero-Mora, Robert Rodriguez",NA,NA,NA,29.533153241650293,17.9
G-MB-M-BV_04,MB-M-BV_04,G-MB-M-BV,Gaica,Gaica mbd,2016-10-26,16-17,2016,10,26,300,40,07:15:00,00:00:00,1,6,2,Early,2,1,"Yuri Rosero-Mora, Robert Rodriguez",NA,NA,NA,29.533153241650293,17.9
G-MB-M-BV_04,MB-M-BV_04,G-MB-M-BV,Gaica,Gaica mbd,2016-10-27,16-17,2016,10,27,301,41,06:00:00,00:00:00,1,6,3,Early,3,1,"Yuri Rosero-Mora, Robert Rodriguez",NA,NA,NA,29.533153241650293,17.9
G-MB-M-BV_04,MB-M-BV_04,G-MB-M-BV,Gaica,Gaica mbd,2017-03-25,16-17,2017,3,25,84,11,07:52:00,00:00:00,1,6,4,Late,1,1,"Yuri Rosero-Mora, Robert Rodriguez",NA,NA,NA,29.643909626719054,17.9
G-MB-M-BV_04,MB-M-BV_04,G-MB-M-BV,Gaica,Gaica mbd,2017-03-26,16-17,2017,3,26,85,12,07:30:00,00:00:00,1,6,5,Late,2,1,"Yuri Rosero-Mora, Robert Rodriguez",NA,NA,NA,29.643909626719054,17.9
G-MB-M-BV_04,MB-M-BV_04,G-MB-M-BV,Gaica,Gaica mbd,2017-03-27,16-17,2017,3,27,86,13,08:03:00,00:00:00,1,6,6,Late,3,1,"Yuri Rosero-Mora, Robert Rodriguez",NA,NA,NA,29.643909626719054,17.9
G-MB-M-BV_05,MB-M-BV_05,G-MB-M-BV,Gaica,Gaica mbd,2016-10-25,16-17,2016,10,25,299,39,06:40:00,00:00:00,1,6,1,Early,1,1,"Yuri Rosero-Mora, Robert Rodriguez",NA,NA,NA,28.340618860510805,14.8
G-MB-M-BV_05,MB-M-BV_05,G-MB-M-BV,Gaica,Gaica mbd,2016-10-26,16-17,2016,10,26,300,40,06:20:00,00:00:00,1,6,2,Early,2,1,"Yuri Rosero-Mora, Robert Rodriguez",NA,NA,NA,28.340618860510805,14.8
G-MB-M-BV_05,MB-M-BV_05,G-MB-M-BV,Gaica,Gaica mbd,2016-10-27,16-17,2016,10,27,301,41,06:35:00,00:00:00,1,6,3,Early,3,1,"Yuri Rosero-Mora, Robert Rodriguez",NA,NA,NA,28.340618860510805,14.8
G-MB-M-BV_05,MB-M-BV_05,G-MB-M-BV,Gaica,Gaica mbd,2017-03-25,16-17,2017,3,25,84,11,08:15:00,00:00:00,1,6,4,Late,1,1,"Yuri Rosero-Mora, Robert Rodriguez",NA,NA,NA,28.37819253438114,14.8
G-MB-M-BV_05,MB-M-BV_05,G-MB-M-BV,Gaica,Gaica mbd,2017-03-26,16-17,2017,3,26,85,12,07:47:00,00:00:00,1,6,5,Late,2,1,"Yuri Rosero-Mora, Robert Rodriguez",NA,NA,NA,28.37819253438114,14.8
G-MB-M-BV_05,MB-M-BV_05,G-MB-M-BV,Gaica,Gaica mbd,2017-03-27,16-17,2017,3,27,86,13,08:23:00,00:00:00,1,6,6,Late,3,1,"Yuri Rosero-Mora, Robert Rodriguez",NA,NA,NA,28.37819253438114,14.8
G-MB-M-BV_06,MB-M-BV_06,G-MB-M-BV,Gaica,Gaica mbd,2016-10-25,16-17,2016,10,25,299,39,07:05:00,00:00:00,1,6,1,Early,1,1,"Yuri Rosero-Mora, Robert Rodriguez",NA,NA,NA,27.524465207769857,16.5
G-MB-M-BV_06,MB-M-BV_06,G-MB-M-BV,Gaica,Gaica mbd,2016-10-26,16-17,2016,10,26,300,40,06:40:00,00:00:00,1,6,2,Early,2,1,"Yuri Rosero-Mora, Robert Rodriguez",NA,NA,NA,27.524465207769857,16.5
G-MB-M-BV_06,MB-M-BV_06,G-MB-M-BV,Gaica,Gaica mbd,2016-10-27,16-17,2016,10,27,301,41,07:03:00,00:00:00,1,6,3,Early,3,1,"Yuri Rosero-Mora, Robert Rodriguez",NA,NA,NA,27.524465207769857,16.5
G-MB-M-BV_06,MB-M-BV_06,G-MB-M-BV,Gaica,Gaica mbd,2017-03-25,16-17,2017,3,25,84,11,08:50:00,00:00:00,1,6,4,Late,1,1,"Yuri Rosero-Mora, Robert Rodriguez",NA,NA,NA,27.562085074993853,16.5
G-MB-M-BV_06,MB-M-BV_06,G-MB-M-BV,Gaica,Gaica mbd,2017-03-26,16-17,2017,3,26,85,12,06:40:00,00:00:00,1,6,5,Late,2,1,"Yuri Rosero-Mora, Robert Rodriguez",NA,NA,NA,27.562085074993853,16.5
G-MB-M-BV_06,MB-M-BV_06,G-MB-M-BV,Gaica,Gaica mbd,2017-03-27,16-17,2017,3,27,86,13,06:30:00,00:00:00,1,6,6,Late,3,1,"Yuri Rosero-Mora, Robert Rodriguez",NA,NA,NA,27.562085074993853,16.5
G-MB-M-EA_01,MB-M-EA_01,G-MB-M-EA,Gaica,Gaica mbd,2016-10-22,16-17,2016,10,22,296,36,05:48:00,00:00:00,1,6,1,Early,1,1,"Yuri Rosero-Mora, Robert Rodriguez",NA,NA,NA,31.225490196078432,14.9
G-MB-M-EA_01,MB-M-EA_01,G-MB-M-EA,Gaica,Gaica mbd,2016-10-23,16-17,2016,10,23,297,37,05:40:00,00:00:00,1,6,2,Early,2,1,"Yuri Rosero-Mora, Robert Rodriguez",NA,NA,NA,31.225490196078432,14.9
G-MB-M-EA_01,MB-M-EA_01,G-MB-M-EA,Gaica,Gaica mbd,2016-10-24,16-17,2016,10,24,298,38,05:45:00,00:00:00,1,6,3,Early,3,1,"Yuri Rosero-Mora, Robert Rodriguez",NA,NA,NA,31.225490196078432,14.9
G-MB-M-EA_01,MB-M-EA_01,G-MB-M-EA,Gaica,Gaica mbd,2017-03-22,16-17,2017,3,22,81,8,07:55:00,00:00:00,1,6,4,Late,1,1,"Yuri Rosero-Mora, Robert Rodriguez",NA,NA,NA,31.38480392156863,14.9
G-MB-M-EA_01,MB-M-EA_01,G-MB-M-EA,Gaica,Gaica mbd,2017-03-23,16-17,2017,3,23,82,9,06:28:00,00:00:00,1,6,5,Late,2,1,"Yuri Rosero-Mora, Robert Rodriguez",NA,NA,NA,31.38480392156863,14.9
G-MB-M-EA_01,MB-M-EA_01,G-MB-M-EA,Gaica,Gaica mbd,2017-03-24,16-17,2017,3,24,83,10,08:05:00,00:00:00,1,6,6,Late,3,1,"Yuri Rosero-Mora, Robert Rodriguez",NA,NA,NA,31.38480392156863,14.9
G-MB-M-EA_02,MB-M-EA_02,G-MB-M-EA,Gaica,Gaica mbd,2016-10-22,16-17,2016,10,22,296,36,06:25:00,00:00:00,1,6,1,Early,1,1,"Yuri Rosero-Mora, Robert Rodriguez",NA,NA,NA,27.61372549019608,16.9
G-MB-M-EA_02,MB-M-EA_02,G-MB-M-EA,Gaica,Gaica mbd,2016-10-23,16-17,2016,10,23,297,37,06:05:00,00:00:00,1,6,2,Early,2,1,"Yuri Rosero-Mora, Robert Rodriguez",NA,NA,NA,27.61372549019608,16.9
G-MB-M-EA_02,MB-M-EA_02,G-MB-M-EA,Gaica,Gaica mbd,2016-10-24,16-17,2016,10,24,298,38,06:20:00,00:00:00,1,6,3,Early,3,1,"Yuri Rosero-Mora, Robert Rodriguez",NA,NA,NA,27.61372549019608,16.9
G-MB-M-EA_02,MB-M-EA_02,G-MB-M-EA,Gaica,Gaica mbd,2017-03-22,16-17,2017,3,22,81,8,07:34:00,00:00:00,1,6,4,Late,1,1,"Yuri Rosero-Mora, Robert Rodriguez",NA,NA,NA,27.689705882352943,16.9
G-MB-M-EA_02,MB-M-EA_02,G-MB-M-EA,Gaica,Gaica mbd,2017-03-23,16-17,2017,3,23,82,9,06:45:00,00:00:00,1,6,5,Late,2,1,"Yuri Rosero-Mora, Robert Rodriguez",NA,NA,NA,27.689705882352943,16.9
G-MB-M-EA_02,MB-M-EA_02,G-MB-M-EA,Gaica,Gaica mbd,2017-03-24,16-17,2017,3,24,83,10,08:20:00,00:00:00,1,6,6,Late,3,1,"Yuri Rosero-Mora, Robert Rodriguez",NA,NA,NA,27.689705882352943,16.9
G-MB-M-EA_03,MB-M-EA_03,G-MB-M-EA,Gaica,Gaica mbd,2016-10-22,16-17,2016,10,22,296,36,06:55:00,00:00:00,1,6,1,Early,1,1,"Yuri Rosero-Mora, Robert Rodriguez",NA,NA,NA,23.465686274509803,15
G-MB-M-EA_03,MB-M-EA_03,G-MB-M-EA,Gaica,Gaica mbd,2016-10-23,16-17,2016,10,23,297,37,06:23:00,00:00:00,1,6,2,Early,2,1,"Yuri Rosero-Mora, Robert Rodriguez",NA,NA,NA,23.465686274509803,15
G-MB-M-EA_03,MB-M-EA_03,G-MB-M-EA,Gaica,Gaica mbd,2016-10-24,16-17,2016,10,24,298,38,06:50:00,00:00:00,1,6,3,Early,3,1,"Yuri Rosero-Mora, Robert Rodriguez",NA,NA,NA,23.465686274509803,15
G-MB-M-EA_03,MB-M-EA_03,G-MB-M-EA,Gaica,Gaica mbd,2017-03-22,16-17,2017,3,22,81,8,07:20:00,00:00:00,1,6,4,Late,1,1,"Yuri Rosero-Mora, Robert Rodriguez",NA,NA,NA,23.533333333333335,15
G-MB-M-EA_03,MB-M-EA_03,G-MB-M-EA,Gaica,Gaica mbd,2017-03-23,16-17,2017,3,23,82,9,07:17:00,00:00:00,1,6,5,Late,2,1,"Yuri Rosero-Mora, Robert Rodriguez",NA,NA,NA,23.533333333333335,15
G-MB-M-EA_03,MB-M-EA_03,G-MB-M-EA,Gaica,Gaica mbd,2017-03-24,16-17,2017,3,24,83,10,08:36:00,00:00:00,1,6,6,Late,3,1,"Yuri Rosero-Mora, Robert Rodriguez",NA,NA,NA,23.533333333333335,15
G-MB-M-EA_04,MB-M-EA_04,G-MB-M-EA,Gaica,Gaica mbd,2016-10-22,16-17,2016,10,22,296,36,07:20:00,00:00:00,1,6,1,Early,1,1,"Yuri Rosero-Mora, Robert Rodriguez",NA,NA,NA,21.130926062392533,14.4
G-MB-M-EA_04,MB-M-EA_04,G-MB-M-EA,Gaica,Gaica mbd,2016-10-23,16-17,2016,10,23,297,37,06:50:00,00:00:00,1,6,2,Early,2,1,"Yuri Rosero-Mora, Robert Rodriguez",NA,NA,NA,21.130926062392533,14.4
G-MB-M-EA_04,MB-M-EA_04,G-MB-M-EA,Gaica,Gaica mbd,2016-10-24,16-17,2016,10,24,298,38,07:16:00,00:00:00,1,6,3,Early,3,1,"Yuri Rosero-Mora, Robert Rodriguez",NA,NA,NA,21.130926062392533,14.4
G-MB-M-EA_04,MB-M-EA_04,G-MB-M-EA,Gaica,Gaica mbd,2017-03-22,16-17,2017,3,22,81,8,06:55:00,00:00:00,1,6,4,Late,1,1,"Yuri Rosero-Mora, Robert Rodriguez",NA,NA,NA,21.200687791697373,14.4
G-MB-M-EA_04,MB-M-EA_04,G-MB-M-EA,Gaica,Gaica mbd,2017-03-23,16-17,2017,3,23,82,9,07:30:00,00:00:00,1,6,5,Late,2,1,"Yuri Rosero-Mora, Robert Rodriguez",NA,NA,NA,21.200687791697373,14.4
G-MB-M-EA_04,MB-M-EA_04,G-MB-M-EA,Gaica,Gaica mbd,2017-03-24,16-17,2017,3,24,83,10,08:55:00,00:00:00,1,6,6,Late,3,1,"Yuri Rosero-Mora, Robert Rodriguez",NA,NA,NA,21.200687791697373,14.4
G-MB-M-EA_05,MB-M-EA_05,G-MB-M-EA,Gaica,Gaica mbd,2016-10-22,16-17,2016,10,22,296,36,07:50:00,00:00:00,1,6,1,Early,1,1,"Yuri Rosero-Mora, Robert Rodriguez",NA,NA,NA,19.535740604274135,15.1
G-MB-M-EA_05,MB-M-EA_05,G-MB-M-EA,Gaica,Gaica mbd,2016-10-23,16-17,2016,10,23,297,37,06:35:00,00:00:00,1,6,2,Early,2,0,"Yuri Rosero-Mora, Robert Rodriguez",NA,NA,NA,19.535740604274135,15.1
G-MB-M-EA_05,MB-M-EA_05,G-MB-M-EA,Gaica,Gaica mbd,2016-10-24,16-17,2016,10,24,298,38,07:35:00,00:00:00,1,6,3,Early,3,1,"Yuri Rosero-Mora, Robert Rodriguez",NA,NA,NA,19.535740604274135,15.1
G-MB-M-EA_05,MB-M-EA_05,G-MB-M-EA,Gaica,Gaica mbd,2017-03-22,16-17,2017,3,22,81,8,07:18:00,00:00:00,1,6,4,Late,1,1,"Yuri Rosero-Mora, Robert Rodriguez",NA,NA,NA,19.54163596168018,15.1
G-MB-M-EA_05,MB-M-EA_05,G-MB-M-EA,Gaica,Gaica mbd,2017-03-23,16-17,2017,3,23,82,9,07:05:00,00:00:00,1,6,5,Late,2,1,"Yuri Rosero-Mora, Robert Rodriguez",NA,NA,NA,19.54163596168018,15.1
G-MB-M-EA_05,MB-M-EA_05,G-MB-M-EA,Gaica,Gaica mbd,2017-03-24,16-17,2017,3,24,83,10,09:57:00,00:00:00,1,6,6,Late,3,1,"Yuri Rosero-Mora, Robert Rodriguez",NA,NA,NA,19.54163596168018,15.1
G-MB-M-EA_06,MB-M-EA_06,G-MB-M-EA,Gaica,Gaica mbd,2016-10-22,16-17,2016,10,22,296,36,08:05:00,00:00:00,1,6,1,Early,1,1,"Yuri Rosero-Mora, Robert Rodriguez",NA,NA,NA,21.439204126750184,15.7
G-MB-M-EA_06,MB-M-EA_06,G-MB-M-EA,Gaica,Gaica mbd,2016-10-23,16-17,2016,10,23,297,37,06:20:00,00:00:00,1,6,2,Early,2,1,"Yuri Rosero-Mora, Robert Rodriguez",NA,NA,NA,21.439204126750184,15.7
G-MB-M-EA_06,MB-M-EA_06,G-MB-M-EA,Gaica,Gaica mbd,2016-10-24,16-17,2016,10,24,298,38,08:00:00,00:00:00,1,6,3,Early,3,1,"Yuri Rosero-Mora, Robert Rodriguez",NA,NA,NA,21.439204126750184,15.7
G-MB-M-EA_06,MB-M-EA_06,G-MB-M-EA,Gaica,Gaica mbd,2017-03-22,16-17,2017,3,22,81,8,09:30:00,00:00:00,1,6,4,Late,1,1,"Yuri Rosero-Mora, Robert Rodriguez",NA,NA,NA,21.459100957995577,15.7
G-MB-M-EA_06,MB-M-EA_06,G-MB-M-EA,Gaica,Gaica mbd,2017-03-23,16-17,2017,3,23,82,9,07:35:00,00:00:00,1,6,5,Late,2,1,"Yuri Rosero-Mora, Robert Rodriguez",NA,NA,NA,21.459100957995577,15.7
G-MB-M-EA_06,MB-M-EA_06,G-MB-M-EA,Gaica,Gaica mbd,2017-03-24,16-17,2017,3,24,83,10,09:20:00,00:00:00,1,6,6,Late,3,1,"Yuri Rosero-Mora, Robert Rodriguez",NA,NA,NA,21.459100957995577,15.7
G-MB-M-EPO1_01,MB-M-EPO1_01,G-MB-M-EPO1,Gaica,Gaica mbd,2013-06-10,13-14,2013,6,10,161,18,08:45:00,00:00:00,4,11,1,Early,1,1,"Ronald Fernandez-Gomez, Yuri Rosero-Mora",NA,NA,NA,51.02330144714251,13.7
G-MB-M-EPO1_01,MB-M-EPO1_01,G-MB-M-EPO1,Gaica,Gaica mbd,2013-06-11,13-14,2013,6,11,162,19,13:15:00,00:00:00,4,11,2,Early,2,1,"Ronald Fernandez-Gomez, Yuri Rosero-Mora",NA,NA,NA,51.02330144714251,13.7
G-MB-M-EPO1_01,MB-M-EPO1_01,G-MB-M-EPO1,Gaica,Gaica mbd,2013-06-12,13-14,2013,6,12,163,20,06:30:00,00:00:00,4,11,3,Early,3,1,"Ronald Fernandez-Gomez, Yuri Rosero-Mora",NA,NA,NA,51.02330144714251,13.7
G-MB-M-EPO1_01,MB-M-EPO1_01,G-MB-M-EPO1,Gaica,Gaica mbd,2013-06-13,13-14,2013,6,13,164,21,06:15:00,00:00:00,4,11,4,Early,4,1,"Ronald Fernandez-Gomez, Yuri Rosero-Mora",NA,NA,NA,51.02330144714251,13.7
G-MB-M-EPO1_01,MB-M-EPO1_01,G-MB-M-EPO1,Gaica,Gaica mbd,2013-09-15,13-14,2013,9,15,258,34,08:35:00,00:00:00,4,11,5,Late,1,1,"Ronald Fernandez-Gomez, Yuri Rosero-Mora",NA,NA,NA,51.02330144714251,13.7
G-MB-M-EPO1_01,MB-M-EPO1_01,G-MB-M-EPO1,Gaica,Gaica mbd,2013-09-16,13-14,2013,9,16,259,35,06:24:00,00:00:00,4,11,6,Late,2,1,"Ronald Fernandez-Gomez, Yuri Rosero-Mora",NA,NA,NA,51.02330144714251,13.7
G-MB-M-EPO1_01,MB-M-EPO1_01,G-MB-M-EPO1,Gaica,Gaica mbd,2013-09-17,13-14,2013,9,17,260,36,07:55:00,00:00:00,4,11,7,Late,3,1,"Ronald Fernandez-Gomez, Yuri Rosero-Mora",NA,NA,NA,51.02330144714251,13.7
G-MB-M-EPO1_01,MB-M-EPO1_01,G-MB-M-EPO1,Gaica,Gaica mbd,2013-09-18,13-14,2013,9,18,261,37,08:02:00,00:00:00,4,11,8,Late,4,1,"Ronald Fernandez-Gomez, Yuri Rosero-Mora",NA,NA,NA,51.02330144714251,13.7
G-MB-M-EPO1_01,MB-M-EPO1_01,G-MB-M-EPO1,Gaica,Gaica mbd,2017-11-23,16-17,2017,11,23,327,126,07:00:00,00:00:00,4,11,1,Early,1,1,"Yuri Rosero-Mora, Robert Rodriguez",NA,NA,NA,52.4130488103998,13.7
G-MB-M-EPO1_01,MB-M-EPO1_01,G-MB-M-EPO1,Gaica,Gaica mbd,2017-11-25,16-17,2017,11,25,329,128,06:20:00,00:00:00,4,11,2,Early,2,1,"Yuri Rosero-Mora, Robert Rodriguez",NA,NA,NA,52.4130488103998,13.7
G-MB-M-EPO1_01,MB-M-EPO1_01,G-MB-M-EPO1,Gaica,Gaica mbd,2017-11-26,16-17,2017,11,26,330,129,06:10:00,00:00:00,4,11,3,Early,3,1,"Yuri Rosero-Mora, Robert Rodriguez",NA,NA,NA,52.4130488103998,13.7
G-MB-M-EPO1_02,MB-M-EPO1_02,G-MB-M-EPO1,Gaica,Gaica mbd,2013-06-10,13-14,2013,6,10,161,18,09:20:00,00:00:00,4,11,1,Early,1,1,"Ronald Fernandez-Gomez, Yuri Rosero-Mora",NA,NA,NA,50.59381898454746,24
G-MB-M-EPO1_02,MB-M-EPO1_02,G-MB-M-EPO1,Gaica,Gaica mbd,2013-06-11,13-14,2013,6,11,162,19,09:00:00,00:00:00,4,11,2,Early,2,1,"Ronald Fernandez-Gomez, Yuri Rosero-Mora",NA,NA,NA,50.59381898454746,24
G-MB-M-EPO1_02,MB-M-EPO1_02,G-MB-M-EPO1,Gaica,Gaica mbd,2013-06-12,13-14,2013,6,12,163,20,09:30:00,00:00:00,4,11,3,Early,3,1,"Ronald Fernandez-Gomez, Yuri Rosero-Mora",NA,NA,NA,50.59381898454746,24
G-MB-M-EPO1_02,MB-M-EPO1_02,G-MB-M-EPO1,Gaica,Gaica mbd,2013-06-13,13-14,2013,6,13,164,21,08:39:00,00:00:00,4,11,4,Early,4,1,"Ronald Fernandez-Gomez, Yuri Rosero-Mora",NA,NA,NA,50.59381898454746,24
G-MB-M-EPO1_02,MB-M-EPO1_02,G-MB-M-EPO1,Gaica,Gaica mbd,2013-09-15,13-14,2013,9,15,258,34,09:20:00,00:00:00,4,11,5,Late,1,1,"Ronald Fernandez-Gomez, Yuri Rosero-Mora",NA,NA,NA,50.59381898454746,24
G-MB-M-EPO1_02,MB-M-EPO1_02,G-MB-M-EPO1,Gaica,Gaica mbd,2013-09-16,13-14,2013,9,16,259,35,08:12:00,00:00:00,4,11,6,Late,2,1,"Ronald Fernandez-Gomez, Yuri Rosero-Mora",NA,NA,NA,50.59381898454746,24
G-MB-M-EPO1_02,MB-M-EPO1_02,G-MB-M-EPO1,Gaica,Gaica mbd,2013-09-17,13-14,2013,9,17,260,36,09:38:00,00:00:00,4,11,7,Late,3,1,"Ronald Fernandez-Gomez, Yuri Rosero-Mora",NA,NA,NA,50.59381898454746,24
G-MB-M-EPO1_02,MB-M-EPO1_02,G-MB-M-EPO1,Gaica,Gaica mbd,2013-09-18,13-14,2013,9,18,261,37,08:25:00,00:00:00,4,11,8,Late,4,1,"Ronald Fernandez-Gomez, Yuri Rosero-Mora",NA,NA,NA,50.59381898454746,24
G-MB-M-EPO1_02,MB-M-EPO1_02,G-MB-M-EPO1,Gaica,Gaica mbd,2017-11-23,16-17,2017,11,23,327,126,08:10:00,00:00:00,4,11,1,Early,1,1,"Yuri Rosero-Mora, Robert Rodriguez",NA,NA,NA,51.640912435614425,24
G-MB-M-EPO1_02,MB-M-EPO1_02,G-MB-M-EPO1,Gaica,Gaica mbd,2017-11-25,16-17,2017,11,25,329,128,06:40:00,00:00:00,4,11,2,Early,2,1,"Yuri Rosero-Mora, Robert Rodriguez",NA,NA,NA,51.640912435614425,24
G-MB-M-EPO1_02,MB-M-EPO1_02,G-MB-M-EPO1,Gaica,Gaica mbd,2017-11-26,16-17,2017,11,26,330,129,06:35:00,00:00:00,4,11,3,Early,3,1,"Yuri Rosero-Mora, Robert Rodriguez",NA,NA,NA,51.640912435614425,24
G-MB-M-EPO1_03,MB-M-EPO1_03,G-MB-M-EPO1,Gaica,Gaica mbd,2013-06-10,13-14,2013,6,10,161,18,09:50:00,00:00:00,3,8,1,Early,1,1,"Ronald Fernandez-Gomez, Yuri Rosero-Mora",NA,NA,NA,48.24313725490196,24
G-MB-M-EPO1_03,MB-M-EPO1_03,G-MB-M-EPO1,Gaica,Gaica mbd,2013-06-11,13-14,2013,6,11,162,19,09:27:00,00:00:00,3,8,2,Early,2,1,"Ronald Fernandez-Gomez, Yuri Rosero-Mora",NA,NA,NA,48.24313725490196,24
G-MB-M-EPO1_03,MB-M-EPO1_03,G-MB-M-EPO1,Gaica,Gaica mbd,2013-06-12,13-14,2013,6,12,163,20,08:54:00,00:00:00,3,8,3,Early,3,1,"Ronald Fernandez-Gomez, Yuri Rosero-Mora",NA,NA,NA,48.24313725490196,24
G-MB-M-EPO1_03,MB-M-EPO1_03,G-MB-M-EPO1,Gaica,Gaica mbd,2013-06-13,13-14,2013,6,13,164,21,08:15:00,00:00:00,3,8,4,Early,4,1,"Ronald Fernandez-Gomez, Yuri Rosero-Mora",NA,NA,NA,48.24313725490196,24
G-MB-M-EPO1_03,MB-M-EPO1_03,G-MB-M-EPO1,Gaica,Gaica mbd,2013-09-15,13-14,2013,9,15,258,34,10:48:00,00:00:00,3,8,5,Late,1,1,"Ronald Fernandez-Gomez, Yuri Rosero-Mora",NA,NA,NA,48.24313725490196,24
G-MB-M-EPO1_03,MB-M-EPO1_03,G-MB-M-EPO1,Gaica,Gaica mbd,2013-09-16,13-14,2013,9,16,259,35,06:49:00,00:00:00,3,8,6,Late,2,1,"Ronald Fernandez-Gomez, Yuri Rosero-Mora",NA,NA,NA,48.24313725490196,24
G-MB-M-EPO1_03,MB-M-EPO1_03,G-MB-M-EPO1,Gaica,Gaica mbd,2013-09-17,13-14,2013,9,17,260,36,09:18:00,00:00:00,3,8,7,Late,3,1,"Ronald Fernandez-Gomez, Yuri Rosero-Mora",NA,NA,NA,48.24313725490196,24
G-MB-M-EPO1_03,MB-M-EPO1_03,G-MB-M-EPO1,Gaica,Gaica mbd,2013-09-18,13-14,2013,9,18,261,37,08:50:00,00:00:00,3,8,8,Late,4,1,"Ronald Fernandez-Gomez, Yuri Rosero-Mora",NA,NA,NA,48.24313725490196,24
G-MB-M-EPO1_03_(1),MB-M-EPO1_03_(1),G-MB-M-EPO1,Gaica,Gaica mbd,2017-11-23,16-17,2017,11,23,327,126,07:50:00,00:00:00,3,3,1,Early,1,0,"Yuri Rosero-Mora, Robert Rodriguez",NA,NA,NA,45.58578431372549,13.8
G-MB-M-EPO1_03_(1),MB-M-EPO1_03_(1),G-MB-M-EPO1,Gaica,Gaica mbd,2017-11-25,16-17,2017,11,25,329,128,07:05:00,00:00:00,3,3,2,Early,2,1,"Yuri Rosero-Mora, Robert Rodriguez",NA,NA,NA,45.58578431372549,13.8
G-MB-M-EPO1_03_(1),MB-M-EPO1_03_(1),G-MB-M-EPO1,Gaica,Gaica mbd,2017-11-26,16-17,2017,11,26,330,129,06:50:00,00:00:00,3,3,3,Early,3,1,"Yuri Rosero-Mora, Robert Rodriguez",NA,NA,NA,45.58578431372549,13.8
G-MB-M-EPO1_04,MB-M-EPO1_04,G-MB-M-EPO1,Gaica,Gaica mbd,2013-06-10,13-14,2013,6,10,161,18,10:30:00,00:00:00,4,11,1,Early,1,1,"Ronald Fernandez-Gomez, Yuri Rosero-Mora",NA,NA,NA,44.70543398082125,24.1
G-MB-M-EPO1_04,MB-M-EPO1_04,G-MB-M-EPO1,Gaica,Gaica mbd,2013-06-11,13-14,2013,6,11,162,19,10:15:00,00:00:00,4,11,2,Early,2,1,"Ronald Fernandez-Gomez, Yuri Rosero-Mora",NA,NA,NA,44.70543398082125,24.1
G-MB-M-EPO1_04,MB-M-EPO1_04,G-MB-M-EPO1,Gaica,Gaica mbd,2013-06-12,13-14,2013,6,12,163,20,08:20:00,00:00:00,4,11,3,Early,3,1,"Ronald Fernandez-Gomez, Yuri Rosero-Mora",NA,NA,NA,44.70543398082125,24.1
G-MB-M-EPO1_04,MB-M-EPO1_04,G-MB-M-EPO1,Gaica,Gaica mbd,2013-06-13,13-14,2013,6,13,164,21,07:30:00,00:00:00,4,11,4,Early,4,1,"Ronald Fernandez-Gomez, Yuri Rosero-Mora",NA,NA,NA,44.70543398082125,24.1
G-MB-M-EPO1_04,MB-M-EPO1_04,G-MB-M-EPO1,Gaica,Gaica mbd,2013-09-15,13-14,2013,9,15,258,34,10:40:00,00:00:00,4,11,5,Late,1,1,"Ronald Fernandez-Gomez, Yuri Rosero-Mora",NA,NA,NA,44.70543398082125,24.1
G-MB-M-EPO1_04,MB-M-EPO1_04,G-MB-M-EPO1,Gaica,Gaica mbd,2013-09-16,13-14,2013,9,16,259,35,07:12:00,00:00:00,4,11,6,Late,2,1,"Ronald Fernandez-Gomez, Yuri Rosero-Mora",NA,NA,NA,44.70543398082125,24.1
G-MB-M-EPO1_04,MB-M-EPO1_04,G-MB-M-EPO1,Gaica,Gaica mbd,2013-09-17,13-14,2013,9,17,260,36,08:59:00,00:00:00,4,11,7,Late,3,1,"Ronald Fernandez-Gomez, Yuri Rosero-Mora",NA,NA,NA,44.70543398082125,24.1
G-MB-M-EPO1_04,MB-M-EPO1_04,G-MB-M-EPO1,Gaica,Gaica mbd,2013-09-18,13-14,2013,9,18,261,37,09:13:00,00:00:00,4,11,8,Late,4,1,"Ronald Fernandez-Gomez, Yuri Rosero-Mora",NA,NA,NA,44.70543398082125,24.1
G-MB-M-EPO1_04,MB-M-EPO1_04,G-MB-M-EPO1,Gaica,Gaica mbd,2017-11-23,16-17,2017,11,23,327,126,07:30:00,00:00:00,4,11,1,Early,1,1,"Yuri Rosero-Mora, Robert Rodriguez",NA,NA,NA,45.910253257929675,24.1
G-MB-M-EPO1_04,MB-M-EPO1_04,G-MB-M-EPO1,Gaica,Gaica mbd,2017-11-25,16-17,2017,11,25,329,128,07:25:00,00:00:00,4,11,2,Early,2,1,"Yuri Rosero-Mora, Robert Rodriguez",NA,NA,NA,45.910253257929675,24.1
G-MB-M-EPO1_04,MB-M-EPO1_04,G-MB-M-EPO1,Gaica,Gaica mbd,2017-11-26,16-17,2017,11,26,330,129,07:15:00,00:00:00,4,11,3,Early,3,1,"Yuri Rosero-Mora, Robert Rodriguez",NA,NA,NA,45.910253257929675,24.1
G-MB-M-EPO1_05,MB-M-EPO1_05,G-MB-M-EPO1,Gaica,Gaica mbd,2013-06-10,13-14,2013,6,10,161,18,11:10:00,00:00:00,4,11,1,Early,1,1,"Ronald Fernandez-Gomez, Yuri Rosero-Mora",NA,NA,NA,49.19867223998033,23.4
G-MB-M-EPO1_05,MB-M-EPO1_05,G-MB-M-EPO1,Gaica,Gaica mbd,2013-06-11,13-14,2013,6,11,162,19,11:10:00,00:00:00,4,11,2,Early,2,1,"Ronald Fernandez-Gomez, Yuri Rosero-Mora",NA,NA,NA,49.19867223998033,23.4
G-MB-M-EPO1_05,MB-M-EPO1_05,G-MB-M-EPO1,Gaica,Gaica mbd,2013-06-12,13-14,2013,6,12,163,20,07:50:00,00:00:00,4,11,3,Early,3,1,"Ronald Fernandez-Gomez, Yuri Rosero-Mora",NA,NA,NA,49.19867223998033,23.4
G-MB-M-EPO1_05,MB-M-EPO1_05,G-MB-M-EPO1,Gaica,Gaica mbd,2013-06-13,13-14,2013,6,13,164,21,07:08:00,00:00:00,4,11,4,Early,4,1,"Ronald Fernandez-Gomez, Yuri Rosero-Mora",NA,NA,NA,49.19867223998033,23.4
G-MB-M-EPO1_05,MB-M-EPO1_05,G-MB-M-EPO1,Gaica,Gaica mbd,2013-09-15,13-14,2013,9,15,258,34,10:10:00,00:00:00,4,11,5,Late,1,1,"Ronald Fernandez-Gomez, Yuri Rosero-Mora",NA,NA,NA,49.19867223998033,23.4
G-MB-M-EPO1_05,MB-M-EPO1_05,G-MB-M-EPO1,Gaica,Gaica mbd,2013-09-16,13-14,2013,9,16,259,35,07:32:00,00:00:00,4,11,6,Late,2,1,"Ronald Fernandez-Gomez, Yuri Rosero-Mora",NA,NA,NA,49.19867223998033,23.4
G-MB-M-EPO1_05,MB-M-EPO1_05,G-MB-M-EPO1,Gaica,Gaica mbd,2013-09-17,13-14,2013,9,17,260,36,08:43:00,00:00:00,4,11,7,Late,3,1,"Ronald Fernandez-Gomez, Yuri Rosero-Mora",NA,NA,NA,49.19867223998033,23.4
G-MB-M-EPO1_05,MB-M-EPO1_05,G-MB-M-EPO1,Gaica,Gaica mbd,2013-09-18,13-14,2013,9,18,261,37,09:45:00,00:00:00,4,11,8,Late,4,1,"Ronald Fernandez-Gomez, Yuri Rosero-Mora",NA,NA,NA,49.19867223998033,23.4
G-MB-M-EPO1_05,MB-M-EPO1_05,G-MB-M-EPO1,Gaica,Gaica mbd,2017-11-23,16-17,2017,11,23,327,126,08:35:00,00:00:00,4,11,1,Early,1,1,"Yuri Rosero-Mora, Robert Rodriguez",NA,NA,NA,50.32898942709614,23.4
G-MB-M-EPO1_05,MB-M-EPO1_05,G-MB-M-EPO1,Gaica,Gaica mbd,2017-11-25,16-17,2017,11,25,329,128,07:45:00,00:00:00,4,11,2,Early,2,1,"Yuri Rosero-Mora, Robert Rodriguez",NA,NA,NA,50.32898942709614,23.4
G-MB-M-EPO1_05,MB-M-EPO1_05,G-MB-M-EPO1,Gaica,Gaica mbd,2017-11-26,16-17,2017,11,26,330,129,07:30:00,00:00:00,4,11,3,Early,3,1,"Yuri Rosero-Mora, Robert Rodriguez",NA,NA,NA,50.32898942709614,23.4
G-MB-M-EPO1_06,MB-M-EPO1_06,G-MB-M-EPO1,Gaica,Gaica mbd,2013-06-10,13-14,2013,6,10,161,18,11:30:00,00:00:00,4,11,1,Early,1,1,"Ronald Fernandez-Gomez, Yuri Rosero-Mora",NA,NA,NA,50.749264705882354,18.5
G-MB-M-EPO1_06,MB-M-EPO1_06,G-MB-M-EPO1,Gaica,Gaica mbd,2013-06-11,13-14,2013,6,11,162,19,11:45:00,00:00:00,4,11,2,Early,2,1,"Ronald Fernandez-Gomez, Yuri Rosero-Mora",NA,NA,NA,50.749264705882354,18.5
G-MB-M-EPO1_06,MB-M-EPO1_06,G-MB-M-EPO1,Gaica,Gaica mbd,2013-06-12,13-14,2013,6,12,163,20,07:10:00,00:00:00,4,11,3,Early,3,1,"Ronald Fernandez-Gomez, Yuri Rosero-Mora",NA,NA,NA,50.749264705882354,18.5
G-MB-M-EPO1_06,MB-M-EPO1_06,G-MB-M-EPO1,Gaica,Gaica mbd,2013-06-13,13-14,2013,6,13,164,21,06:38:00,00:00:00,4,11,4,Early,4,1,"Ronald Fernandez-Gomez, Yuri Rosero-Mora",NA,NA,NA,50.749264705882354,18.5
G-MB-M-EPO1_06,MB-M-EPO1_06,G-MB-M-EPO1,Gaica,Gaica mbd,2013-09-15,13-14,2013,9,15,258,34,09:50:00,00:00:00,4,11,5,Late,1,1,"Ronald Fernandez-Gomez, Yuri Rosero-Mora",NA,NA,NA,50.749264705882354,18.5
G-MB-M-EPO1_06,MB-M-EPO1_06,G-MB-M-EPO1,Gaica,Gaica mbd,2013-09-16,13-14,2013,9,16,259,35,07:53:00,00:00:00,4,11,6,Late,2,1,"Ronald Fernandez-Gomez, Yuri Rosero-Mora",NA,NA,NA,50.749264705882354,18.5
G-MB-M-EPO1_06,MB-M-EPO1_06,G-MB-M-EPO1,Gaica,Gaica mbd,2013-09-17,13-14,2013,9,17,260,36,08:22:00,00:00:00,4,11,7,Late,3,1,"Ronald Fernandez-Gomez, Yuri Rosero-Mora",NA,NA,NA,50.749264705882354,18.5
G-MB-M-EPO1_06,MB-M-EPO1_06,G-MB-M-EPO1,Gaica,Gaica mbd,2013-09-18,13-14,2013,9,18,261,37,06:10:00,00:00:00,4,11,8,Late,4,1,"Ronald Fernandez-Gomez, Yuri Rosero-Mora",NA,NA,NA,50.749264705882354,18.5
G-MB-M-EPO1_06,MB-M-EPO1_06,G-MB-M-EPO1,Gaica,Gaica mbd,2017-11-23,16-17,2017,11,23,327,126,08:55:00,00:00:00,4,11,1,Early,1,1,"Yuri Rosero-Mora, Robert Rodriguez",NA,NA,NA,51.867892156862744,18.5
G-MB-M-EPO1_06,MB-M-EPO1_06,G-MB-M-EPO1,Gaica,Gaica mbd,2017-11-25,16-17,2017,11,25,329,128,08:05:00,00:00:00,4,11,2,Early,2,1,"Yuri Rosero-Mora, Robert Rodriguez",NA,NA,NA,51.867892156862744,18.5
G-MB-M-EPO1_06,MB-M-EPO1_06,G-MB-M-EPO1,Gaica,Gaica mbd,2017-11-26,16-17,2017,11,26,330,129,07:50:00,00:00:00,4,11,3,Early,3,1,"Yuri Rosero-Mora, Robert Rodriguez",NA,NA,NA,51.867892156862744,18.5
G-MB-M-LCA1_01,MB-M-LCA1_01,G-MB-M-LCA1,Gaica,Gaica mbd,2016-10-28,16-17,2016,10,28,302,42,07:44:00,00:00:00,1,6,1,Early,1,1,"Yuri Rosero-Mora, Robert Rodriguez",NA,NA,NA,18.507253503811164,12.9
G-MB-M-LCA1_01,MB-M-LCA1_01,G-MB-M-LCA1,Gaica,Gaica mbd,2016-10-29,16-17,2016,10,29,303,43,06:05:00,00:00:00,1,6,2,Early,2,1,"Yuri Rosero-Mora, Robert Rodriguez",NA,NA,NA,18.507253503811164,12.9
G-MB-M-LCA1_01,MB-M-LCA1_01,G-MB-M-LCA1,Gaica,Gaica mbd,2016-10-30,16-17,2016,10,30,304,44,06:00:00,00:00:00,1,6,3,Early,3,1,"Yuri Rosero-Mora, Robert Rodriguez",NA,NA,NA,18.507253503811164,12.9
G-MB-M-LCA1_01,MB-M-LCA1_01,G-MB-M-LCA1,Gaica,Gaica mbd,2017-03-28,16-17,2017,3,28,87,14,10:30:00,00:00:00,1,6,4,Late,1,1,"Yuri Rosero-Mora, Robert Rodriguez",NA,NA,NA,18.628718957462503,12.9
G-MB-M-LCA1_01,MB-M-LCA1_01,G-MB-M-LCA1,Gaica,Gaica mbd,2017-03-29,16-17,2017,3,29,88,15,06:25:00,00:00:00,1,6,5,Late,2,1,"Yuri Rosero-Mora, Robert Rodriguez",NA,NA,NA,18.628718957462503,12.9
G-MB-M-LCA1_01,MB-M-LCA1_01,G-MB-M-LCA1,Gaica,Gaica mbd,2017-03-30,16-17,2017,3,30,89,16,06:20:00,00:00:00,1,6,6,Late,3,1,"Yuri Rosero-Mora, Robert Rodriguez",NA,NA,NA,18.628718957462503,12.9
G-MB-M-LCA1_02,MB-M-LCA1_02,G-MB-M-LCA1,Gaica,Gaica mbd,2016-10-28,16-17,2016,10,28,302,42,08:00:00,00:00:00,1,6,1,Early,1,1,"Yuri Rosero-Mora, Robert Rodriguez",NA,NA,NA,18.025245098039218,14.8
G-MB-M-LCA1_02,MB-M-LCA1_02,G-MB-M-LCA1,Gaica,Gaica mbd,2016-10-29,16-17,2016,10,29,303,43,06:25:00,00:00:00,1,6,2,Early,2,1,"Yuri Rosero-Mora, Robert Rodriguez",NA,NA,NA,18.025245098039218,14.8
G-MB-M-LCA1_02,MB-M-LCA1_02,G-MB-M-LCA1,Gaica,Gaica mbd,2016-10-30,16-17,2016,10,30,304,44,06:20:00,00:00:00,1,6,3,Early,3,1,"Yuri Rosero-Mora, Robert Rodriguez",NA,NA,NA,18.025245098039218,14.8
G-MB-M-LCA1_02,MB-M-LCA1_02,G-MB-M-LCA1,Gaica,Gaica mbd,2017-03-28,16-17,2017,3,28,87,14,10:53:00,00:00:00,1,6,4,Late,1,1,"Yuri Rosero-Mora, Robert Rodriguez",NA,NA,NA,17.954901960784312,14.8
G-MB-M-LCA1_02,MB-M-LCA1_02,G-MB-M-LCA1,Gaica,Gaica mbd,2017-03-29,16-17,2017,3,29,88,15,07:03:00,00:00:00,1,6,5,Late,2,1,"Yuri Rosero-Mora, Robert Rodriguez",NA,NA,NA,17.954901960784312,14.8
G-MB-M-LCA1_02,MB-M-LCA1_02,G-MB-M-LCA1,Gaica,Gaica mbd,2017-03-30,16-17,2017,3,30,89,16,06:23:00,00:00:00,1,6,6,Late,3,1,"Yuri Rosero-Mora, Robert Rodriguez",NA,NA,NA,17.954901960784312,14.8
G-MB-M-LCA1_03,MB-M-LCA1_03,G-MB-M-LCA1,Gaica,Gaica mbd,2016-10-28,16-17,2016,10,28,302,42,08:17:00,00:00:00,1,6,1,Early,1,1,"Yuri Rosero-Mora, Robert Rodriguez",NA,NA,NA,17.396712463199215,15.2
G-MB-M-LCA1_03,MB-M-LCA1_03,G-MB-M-LCA1,Gaica,Gaica mbd,2016-10-29,16-17,2016,10,29,303,43,06:50:00,00:00:00,1,6,2,Early,2,1,"Yuri Rosero-Mora, Robert Rodriguez",NA,NA,NA,17.396712463199215,15.2
G-MB-M-LCA1_03,MB-M-LCA1_03,G-MB-M-LCA1,Gaica,Gaica mbd,2016-10-30,16-17,2016,10,30,304,44,06:35:00,00:00:00,1,6,3,Early,3,1,"Yuri Rosero-Mora, Robert Rodriguez",NA,NA,NA,17.396712463199215,15.2
G-MB-M-LCA1_03,MB-M-LCA1_03,G-MB-M-LCA1,Gaica,Gaica mbd,2017-03-28,16-17,2017,3,28,87,14,11:20:00,00:00:00,1,6,4,Late,1,1,"Yuri Rosero-Mora, Robert Rodriguez",NA,NA,NA,17.314278704612367,15.2
G-MB-M-LCA1_03,MB-M-LCA1_03,G-MB-M-LCA1,Gaica,Gaica mbd,2017-03-29,16-17,2017,3,29,88,15,07:25:00,00:00:00,1,6,5,Late,2,1,"Yuri Rosero-Mora, Robert Rodriguez",NA,NA,NA,17.314278704612367,15.2
G-MB-M-LCA1_03,MB-M-LCA1_03,G-MB-M-LCA1,Gaica,Gaica mbd,2017-03-30,16-17,2017,3,30,89,16,06:55:00,00:00:00,1,6,6,Late,3,1,"Yuri Rosero-Mora, Robert Rodriguez",NA,NA,NA,17.314278704612367,15.2
G-MB-M-LCA1_04,MB-M-LCA1_04,G-MB-M-LCA1,Gaica,Gaica mbd,2016-10-28,16-17,2016,10,28,302,42,07:50:00,00:00:00,1,6,1,Early,1,1,"Yuri Rosero-Mora, Robert Rodriguez",NA,NA,NA,19.307956777996072,13.6
G-MB-M-LCA1_04,MB-M-LCA1_04,G-MB-M-LCA1,Gaica,Gaica mbd,2016-10-29,16-17,2016,10,29,303,43,06:15:00,00:00:00,1,6,2,Early,2,1,"Yuri Rosero-Mora, Robert Rodriguez",NA,NA,NA,19.307956777996072,13.6
G-MB-M-LCA1_04,MB-M-LCA1_04,G-MB-M-LCA1,Gaica,Gaica mbd,2016-10-30,16-17,2016,10,30,304,44,06:40:00,00:00:00,1,6,3,Early,3,1,"Yuri Rosero-Mora, Robert Rodriguez",NA,NA,NA,19.307956777996072,13.6
G-MB-M-LCA1_04,MB-M-LCA1_04,G-MB-M-LCA1,Gaica,Gaica mbd,2017-03-28,16-17,2017,3,28,87,14,06:25:00,00:00:00,1,6,4,Late,1,1,"Yuri Rosero-Mora, Robert Rodriguez",NA,NA,NA,19.48870333988212,13.6
G-MB-M-LCA1_04,MB-M-LCA1_04,G-MB-M-LCA1,Gaica,Gaica mbd,2017-03-29,16-17,2017,3,29,88,15,07:37:00,00:00:00,1,6,5,Late,2,1,"Yuri Rosero-Mora, Robert Rodriguez",NA,NA,NA,19.48870333988212,13.6
G-MB-M-LCA1_04,MB-M-LCA1_04,G-MB-M-LCA1,Gaica,Gaica mbd,2017-03-30,16-17,2017,3,30,89,16,07:25:00,00:00:00,1,6,6,Late,3,1,"Yuri Rosero-Mora, Robert Rodriguez",NA,NA,NA,19.48870333988212,13.6
G-MB-M-LCA1_05,MB-M-LCA1_05,G-MB-M-LCA1,Gaica,Gaica mbd,2016-10-28,16-17,2016,10,28,302,42,08:15:00,00:00:00,1,6,1,Early,1,1,"Yuri Rosero-Mora, Robert Rodriguez",NA,NA,NA,18.90857843137255,14.4
G-MB-M-LCA1_05,MB-M-LCA1_05,G-MB-M-LCA1,Gaica,Gaica mbd,2016-10-29,16-17,2016,10,29,303,43,06:30:00,00:00:00,1,6,2,Early,2,1,"Yuri Rosero-Mora, Robert Rodriguez",NA,NA,NA,18.90857843137255,14.4
G-MB-M-LCA1_05,MB-M-LCA1_05,G-MB-M-LCA1,Gaica,Gaica mbd,2016-10-30,16-17,2016,10,30,304,44,07:10:00,00:00:00,1,6,3,Early,3,1,"Yuri Rosero-Mora, Robert Rodriguez",NA,NA,NA,18.90857843137255,14.4
G-MB-M-LCA1_05,MB-M-LCA1_05,G-MB-M-LCA1,Gaica,Gaica mbd,2017-03-28,16-17,2017,3,28,87,14,07:14:00,00:00:00,1,6,4,Late,1,1,"Yuri Rosero-Mora, Robert Rodriguez",NA,NA,NA,19.032598039215685,14.4
G-MB-M-LCA1_05,MB-M-LCA1_05,G-MB-M-LCA1,Gaica,Gaica mbd,2017-03-29,16-17,2017,3,29,88,15,07:50:00,00:00:00,1,6,5,Late,2,1,"Yuri Rosero-Mora, Robert Rodriguez",NA,NA,NA,19.032598039215685,14.4
G-MB-M-LCA1_05,MB-M-LCA1_05,G-MB-M-LCA1,Gaica,Gaica mbd,2017-03-30,16-17,2017,3,30,89,16,07:50:00,00:00:00,1,6,6,Late,3,1,"Yuri Rosero-Mora, Robert Rodriguez",NA,NA,NA,19.032598039215685,14.4
G-MB-M-LCA1_06,MB-M-LCA1_06,G-MB-M-LCA1,Gaica,Gaica mbd,2016-10-28,16-17,2016,10,28,302,42,08:40:00,00:00:00,1,6,1,Early,1,1,"Yuri Rosero-Mora, Robert Rodriguez",NA,NA,NA,18.01593137254902,14.6
G-MB-M-LCA1_06,MB-M-LCA1_06,G-MB-M-LCA1,Gaica,Gaica mbd,2016-10-29,16-17,2016,10,29,303,43,07:00:00,00:00:00,1,6,2,Early,2,1,"Yuri Rosero-Mora, Robert Rodriguez",NA,NA,NA,18.01593137254902,14.6
G-MB-M-LCA1_06,MB-M-LCA1_06,G-MB-M-LCA1,Gaica,Gaica mbd,2016-10-30,16-17,2016,10,30,304,44,07:25:00,00:00:00,1,6,3,Early,3,1,"Yuri Rosero-Mora, Robert Rodriguez",NA,NA,NA,18.01593137254902,14.6
G-MB-M-LCA1_06,MB-M-LCA1_06,G-MB-M-LCA1,Gaica,Gaica mbd,2017-03-28,16-17,2017,3,28,87,14,07:40:00,00:00:00,1,6,4,Late,1,1,"Yuri Rosero-Mora, Robert Rodriguez",NA,NA,NA,17.935539215686273,14.6
G-MB-M-LCA1_06,MB-M-LCA1_06,G-MB-M-LCA1,Gaica,Gaica mbd,2017-03-29,16-17,2017,3,29,88,15,08:12:00,00:00:00,1,6,5,Late,2,1,"Yuri Rosero-Mora, Robert Rodriguez",NA,NA,NA,17.935539215686273,14.6
G-MB-M-LCA1_06,MB-M-LCA1_06,G-MB-M-LCA1,Gaica,Gaica mbd,2017-03-30,16-17,2017,3,30,89,16,08:12:00,00:00:00,1,6,6,Late,3,1,"Yuri Rosero-Mora, Robert Rodriguez",NA,NA,NA,17.935539215686273,14.6
G-MB-M-LCR_01,MB-M-LCR_01,G-MB-M-LCR,Gaica,Gaica mbd,2013-06-06,13-14,2013,6,6,157,14,05:30:00,00:00:00,4,12,1,Early,1,1,"Ronald Fernandez-Gomez, Yuri Rosero-Mora",NA,NA,NA,48.61323529411765,12.8
G-MB-M-LCR_01,MB-M-LCR_01,G-MB-M-LCR,Gaica,Gaica mbd,2013-06-07,13-14,2013,6,7,158,15,05:58:00,00:00:00,4,12,2,Early,2,1,"Ronald Fernandez-Gomez, Yuri Rosero-Mora",NA,NA,NA,48.61323529411765,12.8
G-MB-M-LCR_01,MB-M-LCR_01,G-MB-M-LCR,Gaica,Gaica mbd,2013-06-08,13-14,2013,6,8,159,16,06:05:00,00:00:00,4,12,3,Early,3,1,"Ronald Fernandez-Gomez, Yuri Rosero-Mora",NA,NA,NA,48.61323529411765,12.8
G-MB-M-LCR_01,MB-M-LCR_01,G-MB-M-LCR,Gaica,Gaica mbd,2013-06-09,13-14,2013,6,9,160,17,05:45:00,00:00:00,4,12,4,Early,4,1,"Ronald Fernandez-Gomez, Yuri Rosero-Mora",NA,NA,NA,48.61323529411765,12.8
G-MB-M-LCR_01,MB-M-LCR_01,G-MB-M-LCR,Gaica,Gaica mbd,2013-09-19,13-14,2013,9,19,262,38,05:57:00,00:00:00,4,12,5,Late,1,1,"Ronald Fernandez-Gomez, Yuri Rosero-Mora",NA,NA,NA,48.61323529411765,12.8
G-MB-M-LCR_01,MB-M-LCR_01,G-MB-M-LCR,Gaica,Gaica mbd,2013-09-20,13-14,2013,9,20,263,39,06:01:00,00:00:00,4,12,6,Late,2,1,"Ronald Fernandez-Gomez, Yuri Rosero-Mora",NA,NA,NA,48.61323529411765,12.8
G-MB-M-LCR_01,MB-M-LCR_01,G-MB-M-LCR,Gaica,Gaica mbd,2013-09-21,13-14,2013,9,21,264,40,05:45:00,00:00:00,4,12,7,Late,3,1,"Ronald Fernandez-Gomez, Yuri Rosero-Mora",NA,NA,NA,48.61323529411765,12.8
G-MB-M-LCR_01,MB-M-LCR_01,G-MB-M-LCR,Gaica,Gaica mbd,2013-09-22,13-14,2013,9,22,265,41,06:02:00,00:00:00,4,12,8,Late,4,1,"Ronald Fernandez-Gomez, Yuri Rosero-Mora",NA,NA,NA,48.61323529411765,12.8
G-MB-M-LCR_01,MB-M-LCR_01,G-MB-M-LCR,Gaica,Gaica mbd,2017-11-27,16-17,2017,11,27,331,130,06:20:00,00:00:00,4,12,1,Early,1,1,"Yuri Rosero-Mora, Robert Rodriguez",NA,NA,NA,50.13970588235294,12.8
G-MB-M-LCR_01,MB-M-LCR_01,G-MB-M-LCR,Gaica,Gaica mbd,2017-11-28,16-17,2017,11,28,332,131,06:50:00,00:00:00,4,12,2,Early,2,1,"Yuri Rosero-Mora, Robert Rodriguez",NA,NA,NA,50.13970588235294,12.8
G-MB-M-LCR_01,MB-M-LCR_01,G-MB-M-LCR,Gaica,Gaica mbd,2017-11-29,16-17,2017,11,29,333,132,06:50:00,00:00:00,4,12,3,Early,3,1,"Yuri Rosero-Mora, Robert Rodriguez",NA,NA,NA,50.13970588235294,12.8
G-MB-M-LCR_01,MB-M-LCR_01,G-MB-M-LCR,Gaica,Gaica mbd,2017-11-30,16-17,2017,11,30,334,133,06:40:00,00:00:00,4,12,4,Early,4,1,"Yuri Rosero-Mora, Robert Rodriguez",NA,NA,NA,50.13970588235294,12.8
G-MB-M-LCR_02,MB-M-LCR_02,G-MB-M-LCR,Gaica,Gaica mbd,2013-06-06,13-14,2013,6,6,157,14,06:00:00,00:00:00,2,8,1,Early,1,0,"Ronald Fernandez-Gomez, Yuri Rosero-Mora",NA,NA,NA,49.95980392156863,16.2
G-MB-M-LCR_02,MB-M-LCR_02,G-MB-M-LCR,Gaica,Gaica mbd,2013-06-07,13-14,2013,6,7,158,15,09:20:00,00:00:00,2,8,2,Early,2,1,"Ronald Fernandez-Gomez, Yuri Rosero-Mora",NA,NA,NA,49.95980392156863,16.2
G-MB-M-LCR_02,MB-M-LCR_02,G-MB-M-LCR,Gaica,Gaica mbd,2013-06-08,13-14,2013,6,8,159,16,06:32:00,00:00:00,2,8,3,Early,3,1,"Ronald Fernandez-Gomez, Yuri Rosero-Mora",NA,NA,NA,49.95980392156863,16.2
G-MB-M-LCR_02,MB-M-LCR_02,G-MB-M-LCR,Gaica,Gaica mbd,2013-06-09,13-14,2013,6,9,160,17,06:10:00,00:00:00,2,8,4,Early,4,1,"Ronald Fernandez-Gomez, Yuri Rosero-Mora",NA,NA,NA,49.95980392156863,16.2
G-MB-M-LCR_02,MB-M-LCR_02,G-MB-M-LCR,Gaica,Gaica mbd,2013-09-19,13-14,2013,9,19,262,38,06:20:00,00:00:00,2,8,5,Late,1,1,"Ronald Fernandez-Gomez, Yuri Rosero-Mora",NA,NA,NA,49.95980392156863,16.2
G-MB-M-LCR_02,MB-M-LCR_02,G-MB-M-LCR,Gaica,Gaica mbd,2013-09-20,13-14,2013,9,20,263,39,06:23:00,00:00:00,2,8,6,Late,2,1,"Ronald Fernandez-Gomez, Yuri Rosero-Mora",NA,NA,NA,49.95980392156863,16.2
G-MB-M-LCR_02,MB-M-LCR_02,G-MB-M-LCR,Gaica,Gaica mbd,2013-09-21,13-14,2013,9,21,264,40,08:05:00,00:00:00,2,8,7,Late,3,1,"Ronald Fernandez-Gomez, Yuri Rosero-Mora",NA,NA,NA,49.95980392156863,16.2
G-MB-M-LCR_02,MB-M-LCR_02,G-MB-M-LCR,Gaica,Gaica mbd,2013-09-22,13-14,2013,9,22,265,41,06:22:00,00:00:00,2,8,8,Late,4,1,"Ronald Fernandez-Gomez, Yuri Rosero-Mora",NA,NA,NA,49.95980392156863,16.2
G-MB-M-LCR_03,MB-M-LCR_03,G-MB-M-LCR,Gaica,Gaica mbd,2013-06-06,13-14,2013,6,6,157,14,06:40:00,00:00:00,4,12,1,Early,1,1,"Ronald Fernandez-Gomez, Yuri Rosero-Mora",NA,NA,NA,49.89082862060487,18.6
G-MB-M-LCR_03,MB-M-LCR_03,G-MB-M-LCR,Gaica,Gaica mbd,2013-06-07,13-14,2013,6,7,158,15,08:25:00,00:00:00,4,12,2,Early,2,1,"Ronald Fernandez-Gomez, Yuri Rosero-Mora",NA,NA,NA,49.89082862060487,18.6
G-MB-M-LCR_03,MB-M-LCR_03,G-MB-M-LCR,Gaica,Gaica mbd,2013-06-08,13-14,2013,6,8,159,16,09:08:00,00:00:00,4,12,3,Early,3,1,"Ronald Fernandez-Gomez, Yuri Rosero-Mora",NA,NA,NA,49.89082862060487,18.6
G-MB-M-LCR_03,MB-M-LCR_03,G-MB-M-LCR,Gaica,Gaica mbd,2013-06-09,13-14,2013,6,9,160,17,06:25:00,00:00:00,4,12,4,Early,4,1,"Ronald Fernandez-Gomez, Yuri Rosero-Mora",NA,NA,NA,49.89082862060487,18.6
G-MB-M-LCR_03,MB-M-LCR_03,G-MB-M-LCR,Gaica,Gaica mbd,2013-09-19,13-14,2013,9,19,262,38,06:50:00,00:00:00,4,12,5,Late,1,1,"Ronald Fernandez-Gomez, Yuri Rosero-Mora",NA,NA,NA,49.89082862060487,18.6
G-MB-M-LCR_03,MB-M-LCR_03,G-MB-M-LCR,Gaica,Gaica mbd,2013-09-20,13-14,2013,9,20,263,39,06:47:00,00:00:00,4,12,6,Late,2,1,"Ronald Fernandez-Gomez, Yuri Rosero-Mora",NA,NA,NA,49.89082862060487,18.6
G-MB-M-LCR_03,MB-M-LCR_03,G-MB-M-LCR,Gaica,Gaica mbd,2013-09-21,13-14,2013,9,21,264,40,07:15:00,00:00:00,4,12,7,Late,3,1,"Ronald Fernandez-Gomez, Yuri Rosero-Mora",NA,NA,NA,49.89082862060487,18.6
G-MB-M-LCR_03,MB-M-LCR_03,G-MB-M-LCR,Gaica,Gaica mbd,2013-09-22,13-14,2013,9,22,265,41,07:15:00,00:00:00,4,12,8,Late,4,0,"Ronald Fernandez-Gomez, Yuri Rosero-Mora",NA,NA,NA,49.89082862060487,18.6
G-MB-M-LCR_03,MB-M-LCR_03,G-MB-M-LCR,Gaica,Gaica mbd,2017-11-27,16-17,2017,11,27,331,130,07:08:00,00:00:00,4,12,1,Early,1,1,"Yuri Rosero-Mora, Robert Rodriguez",NA,NA,NA,51.62232603884927,18.6
G-MB-M-LCR_03,MB-M-LCR_03,G-MB-M-LCR,Gaica,Gaica mbd,2017-11-28,16-17,2017,11,28,332,131,07:35:00,00:00:00,4,12,2,Early,2,1,"Yuri Rosero-Mora, Robert Rodriguez",NA,NA,NA,51.62232603884927,18.6
G-MB-M-LCR_03,MB-M-LCR_03,G-MB-M-LCR,Gaica,Gaica mbd,2017-11-29,16-17,2017,11,29,333,132,07:48:00,00:00:00,4,12,3,Early,3,1,"Yuri Rosero-Mora, Robert Rodriguez",NA,NA,NA,51.62232603884927,18.6
G-MB-M-LCR_03,MB-M-LCR_03,G-MB-M-LCR,Gaica,Gaica mbd,2017-11-30,16-17,2017,11,30,334,133,07:13:00,00:00:00,4,12,4,Early,4,1,"Yuri Rosero-Mora, Robert Rodriguez",NA,NA,NA,51.62232603884927,18.6
G-MB-M-LCR_04,MB-M-LCR_04,G-MB-M-LCR,Gaica,Gaica mbd,2013-06-06,13-14,2013,6,6,157,14,07:20:00,00:00:00,4,12,1,Early,1,1,"Ronald Fernandez-Gomez, Yuri Rosero-Mora",NA,NA,NA,48.86550282763708,19.9
G-MB-M-LCR_04,MB-M-LCR_04,G-MB-M-LCR,Gaica,Gaica mbd,2013-06-07,13-14,2013,6,7,158,15,07:40:00,00:00:00,4,12,2,Early,2,1,"Ronald Fernandez-Gomez, Yuri Rosero-Mora",NA,NA,NA,48.86550282763708,19.9
G-MB-M-LCR_04,MB-M-LCR_04,G-MB-M-LCR,Gaica,Gaica mbd,2013-06-08,13-14,2013,6,8,159,16,09:35:00,00:00:00,4,12,3,Early,3,1,"Ronald Fernandez-Gomez, Yuri Rosero-Mora",NA,NA,NA,48.86550282763708,19.9
G-MB-M-LCR_04,MB-M-LCR_04,G-MB-M-LCR,Gaica,Gaica mbd,2013-06-09,13-14,2013,6,9,160,17,06:55:00,00:00:00,4,12,4,Early,4,1,"Ronald Fernandez-Gomez, Yuri Rosero-Mora",NA,NA,NA,48.86550282763708,19.9
G-MB-M-LCR_04,MB-M-LCR_04,G-MB-M-LCR,Gaica,Gaica mbd,2013-09-19,13-14,2013,9,19,262,38,07:16:00,00:00:00,4,12,5,Late,1,1,"Ronald Fernandez-Gomez, Yuri Rosero-Mora",NA,NA,NA,48.86550282763708,19.9
G-MB-M-LCR_04,MB-M-LCR_04,G-MB-M-LCR,Gaica,Gaica mbd,2013-09-20,13-14,2013,9,20,263,39,07:10:00,00:00:00,4,12,6,Late,2,1,"Ronald Fernandez-Gomez, Yuri Rosero-Mora",NA,NA,NA,48.86550282763708,19.9
G-MB-M-LCR_04,MB-M-LCR_04,G-MB-M-LCR,Gaica,Gaica mbd,2013-09-21,13-14,2013,9,21,264,40,07:38:00,00:00:00,4,12,7,Late,3,1,"Ronald Fernandez-Gomez, Yuri Rosero-Mora",NA,NA,NA,48.86550282763708,19.9
G-MB-M-LCR_04,MB-M-LCR_04,G-MB-M-LCR,Gaica,Gaica mbd,2013-09-22,13-14,2013,9,22,265,41,07:43:00,00:00:00,4,12,8,Late,4,0,"Ronald Fernandez-Gomez, Yuri Rosero-Mora",NA,NA,NA,48.86550282763708,19.9
G-MB-M-LCR_04,MB-M-LCR_04,G-MB-M-LCR,Gaica,Gaica mbd,2017-11-27,16-17,2017,11,27,331,130,06:50:00,00:00:00,4,12,1,Early,1,1,"Yuri Rosero-Mora, Robert Rodriguez",NA,NA,NA,50.485370051635115,19.9
G-MB-M-LCR_04,MB-M-LCR_04,G-MB-M-LCR,Gaica,Gaica mbd,2017-11-28,16-17,2017,11,28,332,131,07:10:00,00:00:00,4,12,2,Early,2,1,"Yuri Rosero-Mora, Robert Rodriguez",NA,NA,NA,50.485370051635115,19.9
G-MB-M-LCR_04,MB-M-LCR_04,G-MB-M-LCR,Gaica,Gaica mbd,2017-11-29,16-17,2017,11,29,333,132,07:10:00,00:00:00,4,12,3,Early,3,1,"Yuri Rosero-Mora, Robert Rodriguez",NA,NA,NA,50.485370051635115,19.9
G-MB-M-LCR_04,MB-M-LCR_04,G-MB-M-LCR,Gaica,Gaica mbd,2017-11-30,16-17,2017,11,30,334,133,06:55:00,00:00:00,4,12,4,Early,4,1,"Yuri Rosero-Mora, Robert Rodriguez",NA,NA,NA,50.485370051635115,19.9
G-MB-M-LCR_05,MB-M-LCR_05,G-MB-M-LCR,Gaica,Gaica mbd,2013-06-06,13-14,2013,6,6,157,14,09:20:00,00:00:00,2,8,1,Early,1,1,"Ronald Fernandez-Gomez, Yuri Rosero-Mora",NA,NA,NA,50.25282000980873,18.6
G-MB-M-LCR_05,MB-M-LCR_05,G-MB-M-LCR,Gaica,Gaica mbd,2013-06-07,13-14,2013,6,7,158,15,06:48:00,00:00:00,2,8,2,Early,2,1,"Ronald Fernandez-Gomez, Yuri Rosero-Mora",NA,NA,NA,50.25282000980873,18.6
G-MB-M-LCR_05,MB-M-LCR_05,G-MB-M-LCR,Gaica,Gaica mbd,2013-06-08,13-14,2013,6,8,159,16,08:20:00,00:00:00,2,8,3,Early,3,1,"Ronald Fernandez-Gomez, Yuri Rosero-Mora",NA,NA,NA,50.25282000980873,18.6
G-MB-M-LCR_05,MB-M-LCR_05,G-MB-M-LCR,Gaica,Gaica mbd,2013-06-09,13-14,2013,6,9,160,17,08:30:00,00:00:00,2,8,4,Early,4,1,"Ronald Fernandez-Gomez, Yuri Rosero-Mora",NA,NA,NA,50.25282000980873,18.6
G-MB-M-LCR_05,MB-M-LCR_05,G-MB-M-LCR,Gaica,Gaica mbd,2013-09-19,13-14,2013,9,19,262,38,07:42:00,00:00:00,2,8,5,Late,1,1,"Ronald Fernandez-Gomez, Yuri Rosero-Mora",NA,NA,NA,50.25282000980873,18.6
G-MB-M-LCR_05,MB-M-LCR_05,G-MB-M-LCR,Gaica,Gaica mbd,2013-09-20,13-14,2013,9,20,263,39,07:38:00,00:00:00,2,8,6,Late,2,1,"Ronald Fernandez-Gomez, Yuri Rosero-Mora",NA,NA,NA,50.25282000980873,18.6
G-MB-M-LCR_05,MB-M-LCR_05,G-MB-M-LCR,Gaica,Gaica mbd,2013-09-21,13-14,2013,9,21,264,40,06:43:00,00:00:00,2,8,7,Late,3,1,"Ronald Fernandez-Gomez, Yuri Rosero-Mora",NA,NA,NA,50.25282000980873,18.6
G-MB-M-LCR_05,MB-M-LCR_05,G-MB-M-LCR,Gaica,Gaica mbd,2013-09-22,13-14,2013,9,22,265,41,08:05:00,00:00:00,2,8,8,Late,4,0,"Ronald Fernandez-Gomez, Yuri Rosero-Mora",NA,NA,NA,50.25282000980873,18.6
G-MB-M-LCR_06,MB-M-LCR_06,G-MB-M-LCR,Gaica,Gaica mbd,2013-06-06,13-14,2013,6,6,157,14,09:47:00,00:00:00,2,8,1,Early,1,1,"Ronald Fernandez-Gomez, Yuri Rosero-Mora",NA,NA,NA,50.949693251533745,17.5
G-MB-M-LCR_06,MB-M-LCR_06,G-MB-M-LCR,Gaica,Gaica mbd,2013-06-07,13-14,2013,6,7,158,15,06:20:00,00:00:00,2,8,2,Early,2,1,"Ronald Fernandez-Gomez, Yuri Rosero-Mora",NA,NA,NA,50.949693251533745,17.5
G-MB-M-LCR_06,MB-M-LCR_06,G-MB-M-LCR,Gaica,Gaica mbd,2013-06-08,13-14,2013,6,8,159,16,07:24:00,00:00:00,2,8,3,Early,3,1,"Ronald Fernandez-Gomez, Yuri Rosero-Mora",NA,NA,NA,50.949693251533745,17.5
G-MB-M-LCR_06,MB-M-LCR_06,G-MB-M-LCR,Gaica,Gaica mbd,2013-06-09,13-14,2013,6,9,160,17,07:40:00,00:00:00,2,8,4,Early,4,1,"Ronald Fernandez-Gomez, Yuri Rosero-Mora",NA,NA,NA,50.949693251533745,17.5
G-MB-M-LCR_06,MB-M-LCR_06,G-MB-M-LCR,Gaica,Gaica mbd,2013-09-19,13-14,2013,9,19,262,38,08:10:00,00:00:00,2,8,5,Late,1,1,"Ronald Fernandez-Gomez, Yuri Rosero-Mora",NA,NA,NA,50.949693251533745,17.5
G-MB-M-LCR_06,MB-M-LCR_06,G-MB-M-LCR,Gaica,Gaica mbd,2013-09-20,13-14,2013,9,20,263,39,07:58:00,00:00:00,2,8,6,Late,2,1,"Ronald Fernandez-Gomez, Yuri Rosero-Mora",NA,NA,NA,50.949693251533745,17.5
G-MB-M-LCR_06,MB-M-LCR_06,G-MB-M-LCR,Gaica,Gaica mbd,2013-09-21,13-14,2013,9,21,264,40,06:14:00,00:00:00,2,8,7,Late,3,1,"Ronald Fernandez-Gomez, Yuri Rosero-Mora",NA,NA,NA,50.949693251533745,17.5
G-MB-M-LCR_06,MB-M-LCR_06,G-MB-M-LCR,Gaica,Gaica mbd,2013-09-22,13-14,2013,9,22,265,41,06:47:00,00:00:00,2,8,8,Late,4,1,"Ronald Fernandez-Gomez, Yuri Rosero-Mora",NA,NA,NA,50.949693251533745,17.5
G-MB-M-LCR_07,MB-M-LCR_07,G-MB-M-LCR,Gaica,Gaica mbd,2017-11-27,16-17,2017,11,27,331,130,07:40:00,00:00:00,2,4,1,Early,1,1,"Yuri Rosero-Mora, Robert Rodriguez",NA,NA,NA,51.97598039215686,12.3
G-MB-M-LCR_07,MB-M-LCR_07,G-MB-M-LCR,Gaica,Gaica mbd,2017-11-28,16-17,2017,11,28,332,131,08:05:00,00:00:00,2,4,2,Early,2,1,"Yuri Rosero-Mora, Robert Rodriguez",NA,NA,NA,51.97598039215686,12.3
G-MB-M-LCR_07,MB-M-LCR_07,G-MB-M-LCR,Gaica,Gaica mbd,2017-11-29,16-17,2017,11,29,333,132,08:10:00,00:00:00,2,4,3,Early,3,1,"Yuri Rosero-Mora, Robert Rodriguez",NA,NA,NA,51.97598039215686,12.3
G-MB-M-LCR_07,MB-M-LCR_07,G-MB-M-LCR,Gaica,Gaica mbd,2017-11-30,16-17,2017,11,30,334,133,07:37:00,00:00:00,2,4,4,Early,4,1,"Yuri Rosero-Mora, Robert Rodriguez",NA,NA,NA,51.97598039215686,12.3
G-MB-M-LCR_08,MB-M-LCR_08,G-MB-M-LCR,Gaica,Gaica mbd,2017-11-27,16-17,2017,11,27,331,130,09:00:00,00:00:00,2,4,1,Early,1,1,"Yuri Rosero-Mora, Robert Rodriguez",NA,NA,NA,48.77889324191969,0
G-MB-M-LCR_08,MB-M-LCR_08,G-MB-M-LCR,Gaica,Gaica mbd,2017-11-28,16-17,2017,11,28,332,131,08:30:00,00:00:00,2,4,2,Early,2,1,"Yuri Rosero-Mora, Robert Rodriguez",NA,NA,NA,48.77889324191969,0
G-MB-M-LCR_08,MB-M-LCR_08,G-MB-M-LCR,Gaica,Gaica mbd,2017-11-29,16-17,2017,11,29,333,132,08:30:00,00:00:00,2,4,3,Early,3,1,"Yuri Rosero-Mora, Robert Rodriguez",NA,NA,NA,48.77889324191969,0
G-MB-M-LCR_08,MB-M-LCR_08,G-MB-M-LCR,Gaica,Gaica mbd,2017-11-30,16-17,2017,11,30,334,133,07:55:00,00:00:00,2,4,4,Early,4,1,"Yuri Rosero-Mora, Robert Rodriguez",NA,NA,NA,48.77889324191969,0
G-MB-M-LCR_09,MB-M-LCR_09,G-MB-M-LCR,Gaica,Gaica mbd,2017-11-27,16-17,2017,11,27,331,130,09:25:00,00:00:00,2,4,1,Early,1,1,"Yuri Rosero-Mora, Robert Rodriguez",NA,NA,NA,49.39023792003925,12.4
G-MB-M-LCR_09,MB-M-LCR_09,G-MB-M-LCR,Gaica,Gaica mbd,2017-11-28,16-17,2017,11,28,332,131,06:20:00,00:00:00,2,4,2,Early,2,1,"Yuri Rosero-Mora, Robert Rodriguez",NA,NA,NA,49.39023792003925,12.4
G-MB-M-LCR_09,MB-M-LCR_09,G-MB-M-LCR,Gaica,Gaica mbd,2017-11-29,16-17,2017,11,29,333,132,06:20:00,00:00:00,2,4,3,Early,3,1,"Yuri Rosero-Mora, Robert Rodriguez",NA,NA,NA,49.39023792003925,12.4
G-MB-M-LCR_09,MB-M-LCR_09,G-MB-M-LCR,Gaica,Gaica mbd,2017-11-30,16-17,2017,11,30,334,133,06:20:00,00:00:00,2,4,4,Early,4,1,"Yuri Rosero-Mora, Robert Rodriguez",NA,NA,NA,49.39023792003925,12.4
G-MB-M-LH_01-A,MB-M-LH_01-A,G-MB-M-LH,Gaica,Gaica mbd,2016-10-19,16-17,2016,10,19,293,33,05:55:00,00:00:00,1,6,1,Early,1,1,"Yuri Rosero-Mora, Robert Rodriguez",NA,NA,NA,23.399557413326775,18.9
G-MB-M-LH_01-A,MB-M-LH_01-A,G-MB-M-LH,Gaica,Gaica mbd,2016-10-20,16-17,2016,10,20,294,34,05:55:00,00:00:00,1,6,2,Early,2,1,"Yuri Rosero-Mora, Robert Rodriguez",NA,NA,NA,23.399557413326775,18.9
G-MB-M-LH_01-A,MB-M-LH_01-A,G-MB-M-LH,Gaica,Gaica mbd,2016-10-21,16-17,2016,10,21,295,35,05:50:00,00:00:00,1,6,3,Early,3,1,"Yuri Rosero-Mora, Robert Rodriguez",NA,NA,NA,23.399557413326775,18.9
G-MB-M-LH_01-A,MB-M-LH_01-A,G-MB-M-LH,Gaica,Gaica mbd,2017-03-18,16-17,2017,3,18,77,4,08:25:00,00:00:00,1,6,4,Late,1,1,"Yuri Rosero-Mora, Robert Rodriguez",NA,NA,NA,23.091467912466193,18.9
G-MB-M-LH_01-A,MB-M-LH_01-A,G-MB-M-LH,Gaica,Gaica mbd,2017-03-19,16-17,2017,3,19,78,5,08:10:00,00:00:00,1,6,5,Late,2,1,"Yuri Rosero-Mora, Robert Rodriguez",NA,NA,NA,23.091467912466193,18.9
G-MB-M-LH_01-A,MB-M-LH_01-A,G-MB-M-LH,Gaica,Gaica mbd,2017-03-20,16-17,2017,3,20,79,6,06:57:00,00:00:00,1,6,6,Late,3,1,"Yuri Rosero-Mora, Robert Rodriguez",NA,NA,NA,23.091467912466193,18.9
G-MB-M-LH_01-B,MB-M-LH_01-B,G-MB-M-LH,Gaica,Gaica mbd,2016-10-16,16-17,2016,10,16,290,30,05:50:00,00:00:00,1,6,1,Early,1,1,"Yuri Rosero-Mora, Robert Rodriguez",NA,NA,NA,41.731941031941034,6.9
G-MB-M-LH_01-B,MB-M-LH_01-B,G-MB-M-LH,Gaica,Gaica mbd,2016-10-17,16-17,2016,10,17,291,31,05:50:00,00:00:00,1,6,2,Early,2,1,"Yuri Rosero-Mora, Robert Rodriguez",NA,NA,NA,41.731941031941034,6.9
G-MB-M-LH_01-B,MB-M-LH_01-B,G-MB-M-LH,Gaica,Gaica mbd,2016-10-18,16-17,2016,10,18,292,32,08:10:00,00:00:00,1,6,3,Early,3,1,"Yuri Rosero-Mora, Robert Rodriguez",NA,NA,NA,41.731941031941034,6.9
G-MB-M-LH_01-B,MB-M-LH_01-B,G-MB-M-LH,Gaica,Gaica mbd,2017-03-15,16-17,2017,3,15,74,1,09:13:00,00:00:00,1,6,4,Late,1,1,"Yuri Rosero-Mora, Robert Rodriguez",NA,NA,NA,41.80982800982801,6.9
G-MB-M-LH_01-B,MB-M-LH_01-B,G-MB-M-LH,Gaica,Gaica mbd,2017-03-16,16-17,2017,3,16,75,2,07:05:00,00:00:00,1,6,5,Late,2,1,"Yuri Rosero-Mora, Robert Rodriguez",NA,NA,NA,41.80982800982801,6.9
G-MB-M-LH_01-B,MB-M-LH_01-B,G-MB-M-LH,Gaica,Gaica mbd,2017-03-17,16-17,2017,3,17,76,3,09:38:00,00:00:00,1,6,6,Late,3,1,"Yuri Rosero-Mora, Robert Rodriguez",NA,NA,NA,41.80982800982801,6.9
G-MB-M-LH_02-A,MB-M-LH_02-A,G-MB-M-LH,Gaica,Gaica mbd,2016-10-19,16-17,2016,10,19,293,33,06:20:00,00:00:00,1,6,1,Early,1,1,"Yuri Rosero-Mora, Robert Rodriguez",NA,NA,NA,27.74079528718704,14
G-MB-M-LH_02-A,MB-M-LH_02-A,G-MB-M-LH,Gaica,Gaica mbd,2016-10-20,16-17,2016,10,20,294,34,06:25:00,00:00:00,1,6,2,Early,2,1,"Yuri Rosero-Mora, Robert Rodriguez",NA,NA,NA,27.74079528718704,14
G-MB-M-LH_02-A,MB-M-LH_02-A,G-MB-M-LH,Gaica,Gaica mbd,2016-10-21,16-17,2016,10,21,295,35,06:30:00,00:00:00,1,6,3,Early,3,1,"Yuri Rosero-Mora, Robert Rodriguez",NA,NA,NA,27.74079528718704,14
G-MB-M-LH_02-A,MB-M-LH_02-A,G-MB-M-LH,Gaica,Gaica mbd,2017-03-18,16-17,2017,3,18,77,4,08:04:00,00:00:00,1,6,4,Late,1,1,"Yuri Rosero-Mora, Robert Rodriguez",NA,NA,NA,27.467844869906724,14
G-MB-M-LH_02-A,MB-M-LH_02-A,G-MB-M-LH,Gaica,Gaica mbd,2017-03-19,16-17,2017,3,19,78,5,07:45:00,00:00:00,1,6,5,Late,2,1,"Yuri Rosero-Mora, Robert Rodriguez",NA,NA,NA,27.467844869906724,14
G-MB-M-LH_02-A,MB-M-LH_02-A,G-MB-M-LH,Gaica,Gaica mbd,2017-03-20,16-17,2017,3,20,79,6,07:15:00,00:00:00,1,6,6,Late,3,1,"Yuri Rosero-Mora, Robert Rodriguez",NA,NA,NA,27.467844869906724,14
G-MB-M-LH_02-B,MB-M-LH_02-B,G-MB-M-LH,Gaica,Gaica mbd,2016-10-16,16-17,2016,10,16,290,30,06:30:00,00:00:00,1,6,1,Early,1,1,"Yuri Rosero-Mora, Robert Rodriguez",NA,NA,NA,47.27843137254902,16
G-MB-M-LH_02-B,MB-M-LH_02-B,G-MB-M-LH,Gaica,Gaica mbd,2016-10-17,16-17,2016,10,17,291,31,06:10:00,00:00:00,1,6,2,Early,2,1,"Yuri Rosero-Mora, Robert Rodriguez",NA,NA,NA,47.27843137254902,16
G-MB-M-LH_02-B,MB-M-LH_02-B,G-MB-M-LH,Gaica,Gaica mbd,2016-10-18,16-17,2016,10,18,292,32,07:50:00,00:00:00,1,6,3,Early,3,1,"Yuri Rosero-Mora, Robert Rodriguez",NA,NA,NA,47.27843137254902,16
G-MB-M-LH_02-B,MB-M-LH_02-B,G-MB-M-LH,Gaica,Gaica mbd,2017-03-15,16-17,2017,3,15,74,1,09:50:00,00:00:00,1,6,4,Late,1,1,"Yuri Rosero-Mora, Robert Rodriguez",NA,NA,NA,47.58504901960784,16
G-MB-M-LH_02-B,MB-M-LH_02-B,G-MB-M-LH,Gaica,Gaica mbd,2017-03-16,16-17,2017,3,16,75,2,06:30:00,00:00:00,1,6,5,Late,2,1,"Yuri Rosero-Mora, Robert Rodriguez",NA,NA,NA,47.58504901960784,16
G-MB-M-LH_02-B,MB-M-LH_02-B,G-MB-M-LH,Gaica,Gaica mbd,2017-03-17,16-17,2017,3,17,76,3,09:10:00,00:00:00,1,6,6,Late,3,1,"Yuri Rosero-Mora, Robert Rodriguez",NA,NA,NA,47.58504901960784,16
G-MB-M-LH_03-A,MB-M-LH_03-A,G-MB-M-LH,Gaica,Gaica mbd,2016-10-19,16-17,2016,10,19,293,33,06:45:00,00:00:00,1,6,1,Early,1,1,"Yuri Rosero-Mora, Robert Rodriguez",NA,NA,NA,37.79395874263261,14.9
G-MB-M-LH_03-A,MB-M-LH_03-A,G-MB-M-LH,Gaica,Gaica mbd,2016-10-20,16-17,2016,10,20,294,34,07:20:00,00:00:00,1,6,2,Early,2,1,"Yuri Rosero-Mora, Robert Rodriguez",NA,NA,NA,37.79395874263261,14.9
G-MB-M-LH_03-A,MB-M-LH_03-A,G-MB-M-LH,Gaica,Gaica mbd,2016-10-21,16-17,2016,10,21,295,35,07:12:00,00:00:00,1,6,3,Early,3,1,"Yuri Rosero-Mora, Robert Rodriguez",NA,NA,NA,37.79395874263261,14.9
G-MB-M-LH_03-A,MB-M-LH_03-A,G-MB-M-LH,Gaica,Gaica mbd,2017-03-18,16-17,2017,3,18,77,4,06:40:00,00:00:00,1,6,4,Late,1,1,"Yuri Rosero-Mora, Robert Rodriguez",NA,NA,NA,37.98379174852652,14.9
G-MB-M-LH_03-A,MB-M-LH_03-A,G-MB-M-LH,Gaica,Gaica mbd,2017-03-19,16-17,2017,3,19,78,5,06:18:00,00:00:00,1,6,5,Late,2,1,"Yuri Rosero-Mora, Robert Rodriguez",NA,NA,NA,37.98379174852652,14.9
G-MB-M-LH_03-A,MB-M-LH_03-A,G-MB-M-LH,Gaica,Gaica mbd,2017-03-20,16-17,2017,3,20,79,6,07:45:00,00:00:00,1,6,6,Late,3,1,"Yuri Rosero-Mora, Robert Rodriguez",NA,NA,NA,37.98379174852652,14.9
G-MB-M-LH_03-B,MB-M-LH_03-B,G-MB-M-LH,Gaica,Gaica mbd,2016-10-16,16-17,2016,10,16,290,30,06:55:00,00:00:00,1,6,1,Early,1,1,"Yuri Rosero-Mora, Robert Rodriguez",NA,NA,NA,48.46565260058881,15.2
G-MB-M-LH_03-B,MB-M-LH_03-B,G-MB-M-LH,Gaica,Gaica mbd,2016-10-17,16-17,2016,10,17,291,31,06:28:00,00:00:00,1,6,2,Early,2,1,"Yuri Rosero-Mora, Robert Rodriguez",NA,NA,NA,48.46565260058881,15.2
G-MB-M-LH_03-B,MB-M-LH_03-B,G-MB-M-LH,Gaica,Gaica mbd,2016-10-18,16-17,2016,10,18,292,32,07:30:00,00:00:00,1,6,3,Early,3,1,"Yuri Rosero-Mora, Robert Rodriguez",NA,NA,NA,48.46565260058881,15.2
G-MB-M-LH_03-B,MB-M-LH_03-B,G-MB-M-LH,Gaica,Gaica mbd,2017-03-15,16-17,2017,3,15,74,1,06:10:00,00:00:00,1,6,4,Late,1,1,"Yuri Rosero-Mora, Robert Rodriguez",NA,NA,NA,49.00490677134446,15.2
G-MB-M-LH_03-B,MB-M-LH_03-B,G-MB-M-LH,Gaica,Gaica mbd,2017-03-16,16-17,2017,3,16,75,2,06:08:00,00:00:00,1,6,5,Late,2,1,"Yuri Rosero-Mora, Robert Rodriguez",NA,NA,NA,49.00490677134446,15.2
G-MB-M-LH_03-B,MB-M-LH_03-B,G-MB-M-LH,Gaica,Gaica mbd,2017-03-17,16-17,2017,3,17,76,3,06:28:00,00:00:00,1,6,6,Late,3,1,"Yuri Rosero-Mora, Robert Rodriguez",NA,NA,NA,49.00490677134446,15.2
G-MB-M-LH_04-A,MB-M-LH_04-A,G-MB-M-LH,Gaica,Gaica mbd,2016-10-19,16-17,2016,10,19,293,33,07:38:00,00:00:00,1,6,1,Early,1,1,"Yuri Rosero-Mora, Robert Rodriguez",NA,NA,NA,39.207699852869055,16.1
G-MB-M-LH_04-A,MB-M-LH_04-A,G-MB-M-LH,Gaica,Gaica mbd,2016-10-20,16-17,2016,10,20,294,34,07:15:00,00:00:00,1,6,2,Early,2,1,"Yuri Rosero-Mora, Robert Rodriguez",NA,NA,NA,39.207699852869055,16.1
G-MB-M-LH_04-A,MB-M-LH_04-A,G-MB-M-LH,Gaica,Gaica mbd,2016-10-21,16-17,2016,10,21,295,35,07:35:00,00:00:00,1,6,3,Early,3,1,"Yuri Rosero-Mora, Robert Rodriguez",NA,NA,NA,39.207699852869055,16.1
G-MB-M-LH_04-A,MB-M-LH_04-A,G-MB-M-LH,Gaica,Gaica mbd,2017-03-18,16-17,2017,3,18,77,4,06:55:00,00:00:00,1,6,4,Late,1,1,"Yuri Rosero-Mora, Robert Rodriguez",NA,NA,NA,39.5846002942619,16.1
G-MB-M-LH_04-A,MB-M-LH_04-A,G-MB-M-LH,Gaica,Gaica mbd,2017-03-19,16-17,2017,3,19,78,5,06:35:00,00:00:00,1,6,5,Late,2,1,"Yuri Rosero-Mora, Robert Rodriguez",NA,NA,NA,39.5846002942619,16.1
G-MB-M-LH_04-A,MB-M-LH_04-A,G-MB-M-LH,Gaica,Gaica mbd,2017-03-20,16-17,2017,3,20,79,6,08:08:00,00:00:00,1,6,6,Late,3,1,"Yuri Rosero-Mora, Robert Rodriguez",NA,NA,NA,39.5846002942619,16.1
G-MB-M-LH_04-B,MB-M-LH_04-B,G-MB-M-LH,Gaica,Gaica mbd,2016-10-16,16-17,2016,10,16,290,30,07:10:00,00:00:00,1,6,1,Early,1,1,"Yuri Rosero-Mora, Robert Rodriguez",NA,NA,NA,52.014727540500736,15.5
G-MB-M-LH_04-B,MB-M-LH_04-B,G-MB-M-LH,Gaica,Gaica mbd,2016-10-17,16-17,2016,10,17,291,31,06:45:00,00:00:00,1,6,2,Early,2,1,"Yuri Rosero-Mora, Robert Rodriguez",NA,NA,NA,52.014727540500736,15.5
G-MB-M-LH_04-B,MB-M-LH_04-B,G-MB-M-LH,Gaica,Gaica mbd,2016-10-18,16-17,2016,10,18,292,32,07:05:00,00:00:00,1,6,3,Early,3,1,"Yuri Rosero-Mora, Robert Rodriguez",NA,NA,NA,52.014727540500736,15.5
G-MB-M-LH_04-B,MB-M-LH_04-B,G-MB-M-LH,Gaica,Gaica mbd,2017-03-15,16-17,2017,3,15,74,1,06:36:00,00:00:00,1,6,4,Late,1,1,"Yuri Rosero-Mora, Robert Rodriguez",NA,NA,NA,52.732204221894946,15.5
G-MB-M-LH_04-B,MB-M-LH_04-B,G-MB-M-LH,Gaica,Gaica mbd,2017-03-16,16-17,2017,3,16,75,2,06:27:00,00:00:00,1,6,5,Late,2,1,"Yuri Rosero-Mora, Robert Rodriguez",NA,NA,NA,52.732204221894946,15.5
G-MB-M-LH_04-B,MB-M-LH_04-B,G-MB-M-LH,Gaica,Gaica mbd,2017-03-17,16-17,2017,3,17,76,3,06:48:00,00:00:00,1,6,6,Late,3,1,"Yuri Rosero-Mora, Robert Rodriguez",NA,NA,NA,52.732204221894946,15.5
G-MB-M-LH_05-A,MB-M-LH_05-A,G-MB-M-LH,Gaica,Gaica mbd,2016-10-19,16-17,2016,10,19,293,33,07:55:00,00:00:00,1,6,1,Early,1,0,"Yuri Rosero-Mora, Robert Rodriguez",NA,NA,NA,35.30343137254902,18.2
G-MB-M-LH_05-A,MB-M-LH_05-A,G-MB-M-LH,Gaica,Gaica mbd,2016-10-20,16-17,2016,10,20,294,34,06:55:00,00:00:00,1,6,2,Early,2,1,"Yuri Rosero-Mora, Robert Rodriguez",NA,NA,NA,35.30343137254902,18.2
G-MB-M-LH_05-A,MB-M-LH_05-A,G-MB-M-LH,Gaica,Gaica mbd,2016-10-21,16-17,2016,10,21,295,35,08:00:00,00:00:00,1,6,3,Early,3,1,"Yuri Rosero-Mora, Robert Rodriguez",NA,NA,NA,35.30343137254902,18.2
G-MB-M-LH_05-A,MB-M-LH_05-A,G-MB-M-LH,Gaica,Gaica mbd,2017-03-18,16-17,2017,3,18,77,4,07:20:00,00:00:00,1,6,4,Late,1,1,"Yuri Rosero-Mora, Robert Rodriguez",NA,NA,NA,35.43210784313725,18.2
G-MB-M-LH_05-A,MB-M-LH_05-A,G-MB-M-LH,Gaica,Gaica mbd,2017-03-19,16-17,2017,3,19,78,5,06:45:00,00:00:00,1,6,5,Late,2,1,"Yuri Rosero-Mora, Robert Rodriguez",NA,NA,NA,35.43210784313725,18.2
G-MB-M-LH_05-A,MB-M-LH_05-A,G-MB-M-LH,Gaica,Gaica mbd,2017-03-20,16-17,2017,3,20,79,6,08:33:00,00:00:00,1,6,6,Late,3,1,"Yuri Rosero-Mora, Robert Rodriguez",NA,NA,NA,35.43210784313725,18.2
G-MB-M-LH_05-B,MB-M-LH_05-B,G-MB-M-LH,Gaica,Gaica mbd,2016-10-16,16-17,2016,10,16,290,30,07:55:00,00:00:00,1,6,1,Early,1,1,"Yuri Rosero-Mora, Robert Rodriguez",NA,NA,NA,52.19205298013245,18.9
G-MB-M-LH_05-B,MB-M-LH_05-B,G-MB-M-LH,Gaica,Gaica mbd,2016-10-17,16-17,2016,10,17,291,31,07:14:00,00:00:00,1,6,2,Early,2,1,"Yuri Rosero-Mora, Robert Rodriguez",NA,NA,NA,52.19205298013245,18.9
G-MB-M-LH_05-B,MB-M-LH_05-B,G-MB-M-LH,Gaica,Gaica mbd,2016-10-18,16-17,2016,10,18,292,32,06:25:00,00:00:00,1,6,3,Early,3,1,"Yuri Rosero-Mora, Robert Rodriguez",NA,NA,NA,52.19205298013245,18.9
G-MB-M-LH_05-B,MB-M-LH_05-B,G-MB-M-LH,Gaica,Gaica mbd,2017-03-15,16-17,2017,3,15,74,1,07:03:00,00:00:00,1,6,4,Late,1,1,"Yuri Rosero-Mora, Robert Rodriguez",NA,NA,NA,52.766985528574935,18.9
G-MB-M-LH_05-B,MB-M-LH_05-B,G-MB-M-LH,Gaica,Gaica mbd,2017-03-16,16-17,2017,3,16,75,2,06:54:00,00:00:00,1,6,5,Late,2,1,"Yuri Rosero-Mora, Robert Rodriguez",NA,NA,NA,52.766985528574935,18.9
G-MB-M-LH_05-B,MB-M-LH_05-B,G-MB-M-LH,Gaica,Gaica mbd,2017-03-17,16-17,2017,3,17,76,3,07:05:00,00:00:00,1,6,6,Late,3,1,"Yuri Rosero-Mora, Robert Rodriguez",NA,NA,NA,52.766985528574935,18.9
G-MB-M-LH_06-A,MB-M-LH_06-A,G-MB-M-LH,Gaica,Gaica mbd,2016-10-19,16-17,2016,10,19,293,33,08:10:00,00:00:00,1,6,1,Early,1,1,"Yuri Rosero-Mora, Robert Rodriguez",NA,NA,NA,38.92843137254902,17.9
G-MB-M-LH_06-A,MB-M-LH_06-A,G-MB-M-LH,Gaica,Gaica mbd,2016-10-20,16-17,2016,10,20,294,34,06:40:00,00:00:00,1,6,2,Early,2,1,"Yuri Rosero-Mora, Robert Rodriguez",NA,NA,NA,38.92843137254902,17.9
G-MB-M-LH_06-A,MB-M-LH_06-A,G-MB-M-LH,Gaica,Gaica mbd,2016-10-21,16-17,2016,10,21,295,35,08:25:00,00:00:00,1,6,3,Early,3,1,"Yuri Rosero-Mora, Robert Rodriguez",NA,NA,NA,38.92843137254902,17.9
G-MB-M-LH_06-A,MB-M-LH_06-A,G-MB-M-LH,Gaica,Gaica mbd,2017-03-18,16-17,2017,3,18,77,4,07:35:00,00:00:00,1,6,4,Late,1,1,"Yuri Rosero-Mora, Robert Rodriguez",NA,NA,NA,39.16519607843137,17.9
G-MB-M-LH_06-A,MB-M-LH_06-A,G-MB-M-LH,Gaica,Gaica mbd,2017-03-19,16-17,2017,3,19,78,5,07:03:00,00:00:00,1,6,5,Late,2,1,"Yuri Rosero-Mora, Robert Rodriguez",NA,NA,NA,39.16519607843137,17.9
G-MB-M-LH_06-A,MB-M-LH_06-A,G-MB-M-LH,Gaica,Gaica mbd,2017-03-20,16-17,2017,3,20,79,6,08:55:00,00:00:00,1,6,6,Late,3,1,"Yuri Rosero-Mora, Robert Rodriguez",NA,NA,NA,39.16519607843137,17.9
G-MB-M-LH_06-B,MB-M-LH_06-B,G-MB-M-LH,Gaica,Gaica mbd,2016-10-16,16-17,2016,10,16,290,30,08:10:00,00:00:00,1,6,1,Early,1,1,"Yuri Rosero-Mora, Robert Rodriguez",NA,NA,NA,50.972992879941074,16.4
G-MB-M-LH_06-B,MB-M-LH_06-B,G-MB-M-LH,Gaica,Gaica mbd,2016-10-17,16-17,2016,10,17,291,31,06:40:00,00:00:00,1,6,2,Early,2,1,"Yuri Rosero-Mora, Robert Rodriguez",NA,NA,NA,50.972992879941074,16.4
G-MB-M-LH_06-B,MB-M-LH_06-B,G-MB-M-LH,Gaica,Gaica mbd,2016-10-18,16-17,2016,10,18,292,32,06:05:00,00:00:00,1,6,3,Early,3,1,"Yuri Rosero-Mora, Robert Rodriguez",NA,NA,NA,50.972992879941074,16.4
G-MB-M-LH_06-B,MB-M-LH_06-B,G-MB-M-LH,Gaica,Gaica mbd,2017-03-15,16-17,2017,3,15,74,1,07:27:00,00:00:00,1,6,4,Late,1,1,"Yuri Rosero-Mora, Robert Rodriguez",NA,NA,NA,51.51853670513135,16.4
G-MB-M-LH_06-B,MB-M-LH_06-B,G-MB-M-LH,Gaica,Gaica mbd,2017-03-16,16-17,2017,3,16,75,2,07:30:00,00:00:00,1,6,5,Late,2,1,"Yuri Rosero-Mora, Robert Rodriguez",NA,NA,NA,51.51853670513135,16.4
G-MB-M-LH_06-B,MB-M-LH_06-B,G-MB-M-LH,Gaica,Gaica mbd,2017-03-17,16-17,2017,3,17,76,3,07:27:00,00:00:00,1,6,6,Late,3,1,"Yuri Rosero-Mora, Robert Rodriguez",NA,NA,NA,51.51853670513135,16.4
G-MB-M-LP1_01,MB-M-LP1_01,G-MB-M-LP1,Gaica,Gaica mbd,2013-05-24,13-14,2013,5,24,144,1,05:50:00,00:00:00,3,12,1,Early,1,1,"Ronald Fernandez-Gomez, Yuri Rosero-Mora",NA,NA,NA,22.27828220858896,23.8
G-MB-M-LP1_01,MB-M-LP1_01,G-MB-M-LP1,Gaica,Gaica mbd,2013-05-25,13-14,2013,5,25,145,2,08:10:00,00:00:00,3,12,2,Early,2,1,"Ronald Fernandez-Gomez, Yuri Rosero-Mora",NA,NA,NA,22.27828220858896,23.8
G-MB-M-LP1_01,MB-M-LP1_01,G-MB-M-LP1,Gaica,Gaica mbd,2013-05-26,13-14,2013,5,26,146,3,06:55:00,00:00:00,3,12,3,Early,3,1,"Ronald Fernandez-Gomez, Yuri Rosero-Mora",NA,NA,NA,22.27828220858896,23.8
G-MB-M-LP1_01,MB-M-LP1_01,G-MB-M-LP1,Gaica,Gaica mbd,2013-05-27,13-14,2013,5,27,147,4,05:55:00,00:00:00,3,12,4,Early,4,1,"Ronald Fernandez-Gomez, Yuri Rosero-Mora",NA,NA,NA,22.27828220858896,23.8
G-MB-M-LP1_01,MB-M-LP1_01,G-MB-M-LP1,Gaica,Gaica mbd,2013-09-03,13-14,2013,9,3,246,22,05:45:00,00:00:00,3,12,5,Late,1,1,"Ronald Fernandez-Gomez, Yuri Rosero-Mora",NA,NA,NA,22.27828220858896,23.8
G-MB-M-LP1_01,MB-M-LP1_01,G-MB-M-LP1,Gaica,Gaica mbd,2013-09-04,13-14,2013,9,4,247,23,05:45:00,00:00:00,3,12,6,Late,2,1,"Ronald Fernandez-Gomez, Yuri Rosero-Mora",NA,NA,NA,22.27828220858896,23.8
G-MB-M-LP1_01,MB-M-LP1_01,G-MB-M-LP1,Gaica,Gaica mbd,2013-09-05,13-14,2013,9,5,248,24,05:49:00,00:00:00,3,12,7,Late,3,1,"Ronald Fernandez-Gomez, Yuri Rosero-Mora",NA,NA,NA,22.27828220858896,23.8
G-MB-M-LP1_01,MB-M-LP1_01,G-MB-M-LP1,Gaica,Gaica mbd,2013-09-06,13-14,2013,9,6,249,25,05:54:00,00:00:00,3,12,8,Late,4,1,"Ronald Fernandez-Gomez, Yuri Rosero-Mora",NA,NA,NA,22.27828220858896,23.8
G-MB-M-LP1_01,MB-M-LP1_01,G-MB-M-LP1,Gaica,Gaica mbd,2017-12-06,16-17,2017,12,6,340,139,06:15:00,00:00:00,3,12,1,Early,1,1,"Yuri Rosero-Mora, Robert Rodriguez",NA,NA,NA,24.97153374233129,23.8
G-MB-M-LP1_01,MB-M-LP1_01,G-MB-M-LP1,Gaica,Gaica mbd,2017-12-07,16-17,2017,12,7,341,140,06:15:00,00:00:00,3,12,2,Early,2,1,"Yuri Rosero-Mora, Robert Rodriguez",NA,NA,NA,24.97153374233129,23.8
G-MB-M-LP1_01,MB-M-LP1_01,G-MB-M-LP1,Gaica,Gaica mbd,2017-12-08,16-17,2017,12,8,342,141,06:30:00,00:00:00,3,12,3,Early,3,1,"Yuri Rosero-Mora, Robert Rodriguez",NA,NA,NA,24.97153374233129,23.8
G-MB-M-LP1_01,MB-M-LP1_01,G-MB-M-LP1,Gaica,Gaica mbd,2017-12-09,16-17,2017,12,9,343,142,06:30:00,00:00:00,3,12,4,Early,4,1,"Yuri Rosero-Mora, Robert Rodriguez",NA,NA,NA,24.97153374233129,23.8
G-MB-M-LP1_02,MB-M-LP1_02,G-MB-M-LP1,Gaica,Gaica mbd,2013-05-24,13-14,2013,5,24,144,1,06:10:00,00:00:00,3,12,1,Early,1,1,"Ronald Fernandez-Gomez, Yuri Rosero-Mora",NA,NA,NA,22.368563021088768,22.3
G-MB-M-LP1_02,MB-M-LP1_02,G-MB-M-LP1,Gaica,Gaica mbd,2013-05-25,13-14,2013,5,25,145,2,07:40:00,00:00:00,3,12,2,Early,2,1,"Ronald Fernandez-Gomez, Yuri Rosero-Mora",NA,NA,NA,22.368563021088768,22.3
G-MB-M-LP1_02,MB-M-LP1_02,G-MB-M-LP1,Gaica,Gaica mbd,2013-05-26,13-14,2013,5,26,146,3,07:35:00,00:00:00,3,12,3,Early,3,1,"Ronald Fernandez-Gomez, Yuri Rosero-Mora",NA,NA,NA,22.368563021088768,22.3
G-MB-M-LP1_02,MB-M-LP1_02,G-MB-M-LP1,Gaica,Gaica mbd,2013-05-27,13-14,2013,5,27,147,4,06:20:00,00:00:00,3,12,4,Early,4,1,"Ronald Fernandez-Gomez, Yuri Rosero-Mora",NA,NA,NA,22.368563021088768,22.3
G-MB-M-LP1_02,MB-M-LP1_02,G-MB-M-LP1,Gaica,Gaica mbd,2013-09-03,13-14,2013,9,3,246,22,06:11:00,00:00:00,3,12,5,Late,1,1,"Ronald Fernandez-Gomez, Yuri Rosero-Mora",NA,NA,NA,22.368563021088768,22.3
G-MB-M-LP1_02,MB-M-LP1_02,G-MB-M-LP1,Gaica,Gaica mbd,2013-09-04,13-14,2013,9,4,247,23,06:07:00,00:00:00,3,12,6,Late,2,1,"Ronald Fernandez-Gomez, Yuri Rosero-Mora",NA,NA,NA,22.368563021088768,22.3
G-MB-M-LP1_02,MB-M-LP1_02,G-MB-M-LP1,Gaica,Gaica mbd,2013-09-05,13-14,2013,9,5,248,24,06:10:00,00:00:00,3,12,7,Late,3,1,"Ronald Fernandez-Gomez, Yuri Rosero-Mora",NA,NA,NA,22.368563021088768,22.3
G-MB-M-LP1_02,MB-M-LP1_02,G-MB-M-LP1,Gaica,Gaica mbd,2013-09-06,13-14,2013,9,6,249,25,06:13:00,00:00:00,3,12,8,Late,4,1,"Ronald Fernandez-Gomez, Yuri Rosero-Mora",NA,NA,NA,22.368563021088768,22.3
G-MB-M-LP1_02,MB-M-LP1_02,G-MB-M-LP1,Gaica,Gaica mbd,2017-12-06,16-17,2017,12,6,340,139,06:35:00,00:00:00,3,12,1,Early,1,1,"Yuri Rosero-Mora, Robert Rodriguez",NA,NA,NA,25.267533104462977,22.3
G-MB-M-LP1_02,MB-M-LP1_02,G-MB-M-LP1,Gaica,Gaica mbd,2017-12-07,16-17,2017,12,7,341,140,06:37:00,00:00:00,3,12,2,Early,2,1,"Yuri Rosero-Mora, Robert Rodriguez",NA,NA,NA,25.267533104462977,22.3
G-MB-M-LP1_02,MB-M-LP1_02,G-MB-M-LP1,Gaica,Gaica mbd,2017-12-08,16-17,2017,12,8,342,141,06:55:00,00:00:00,3,12,3,Early,3,1,"Yuri Rosero-Mora, Robert Rodriguez",NA,NA,NA,25.267533104462977,22.3
G-MB-M-LP1_02,MB-M-LP1_02,G-MB-M-LP1,Gaica,Gaica mbd,2017-12-09,16-17,2017,12,9,343,142,06:55:00,00:00:00,3,12,4,Early,4,1,"Yuri Rosero-Mora, Robert Rodriguez",NA,NA,NA,25.267533104462977,22.3
G-MB-M-LP1_03,MB-M-LP1_03,G-MB-M-LP1,Gaica,Gaica mbd,2013-05-24,13-14,2013,5,24,144,1,06:25:00,00:00:00,3,12,1,Early,1,1,"Ronald Fernandez-Gomez, Yuri Rosero-Mora",NA,NA,NA,22.097447226313207,17.8
G-MB-M-LP1_03,MB-M-LP1_03,G-MB-M-LP1,Gaica,Gaica mbd,2013-05-25,13-14,2013,5,25,145,2,06:05:00,00:00:00,3,12,2,Early,2,1,"Ronald Fernandez-Gomez, Yuri Rosero-Mora",NA,NA,NA,22.097447226313207,17.8
G-MB-M-LP1_03,MB-M-LP1_03,G-MB-M-LP1,Gaica,Gaica mbd,2013-05-26,13-14,2013,5,26,146,3,07:52:00,00:00:00,3,12,3,Early,3,1,"Ronald Fernandez-Gomez, Yuri Rosero-Mora",NA,NA,NA,22.097447226313207,17.8
G-MB-M-LP1_03,MB-M-LP1_03,G-MB-M-LP1,Gaica,Gaica mbd,2013-05-27,13-14,2013,5,27,147,4,06:45:00,00:00:00,3,12,4,Early,4,1,"Ronald Fernandez-Gomez, Yuri Rosero-Mora",NA,NA,NA,22.097447226313207,17.8
G-MB-M-LP1_03,MB-M-LP1_03,G-MB-M-LP1,Gaica,Gaica mbd,2013-09-03,13-14,2013,9,3,246,22,06:35:00,00:00:00,3,12,5,Late,1,1,"Ronald Fernandez-Gomez, Yuri Rosero-Mora",NA,NA,NA,22.097447226313207,17.8
G-MB-M-LP1_03,MB-M-LP1_03,G-MB-M-LP1,Gaica,Gaica mbd,2013-09-04,13-14,2013,9,4,247,23,06:26:00,00:00:00,3,12,6,Late,2,1,"Ronald Fernandez-Gomez, Yuri Rosero-Mora",NA,NA,NA,22.097447226313207,17.8
G-MB-M-LP1_03,MB-M-LP1_03,G-MB-M-LP1,Gaica,Gaica mbd,2013-09-05,13-14,2013,9,5,248,24,06:30:00,00:00:00,3,12,7,Late,3,1,"Ronald Fernandez-Gomez, Yuri Rosero-Mora",NA,NA,NA,22.097447226313207,17.8
G-MB-M-LP1_03,MB-M-LP1_03,G-MB-M-LP1,Gaica,Gaica mbd,2013-09-06,13-14,2013,9,6,249,25,06:30:00,00:00:00,3,12,8,Late,4,1,"Ronald Fernandez-Gomez, Yuri Rosero-Mora",NA,NA,NA,22.097447226313207,17.8
G-MB-M-LP1_03,MB-M-LP1_03,G-MB-M-LP1,Gaica,Gaica mbd,2017-12-06,16-17,2017,12,6,340,139,07:10:00,00:00:00,3,12,1,Early,1,1,"Yuri Rosero-Mora, Robert Rodriguez",NA,NA,NA,24.4693176239568,17.8
G-MB-M-LP1_03,MB-M-LP1_03,G-MB-M-LP1,Gaica,Gaica mbd,2017-12-07,16-17,2017,12,7,341,140,06:55:00,00:00:00,3,12,2,Early,2,1,"Yuri Rosero-Mora, Robert Rodriguez",NA,NA,NA,24.4693176239568,17.8
G-MB-M-LP1_03,MB-M-LP1_03,G-MB-M-LP1,Gaica,Gaica mbd,2017-12-08,16-17,2017,12,8,342,141,07:20:00,00:00:00,3,12,3,Early,3,1,"Yuri Rosero-Mora, Robert Rodriguez",NA,NA,NA,24.4693176239568,17.8
G-MB-M-LP1_03,MB-M-LP1_03,G-MB-M-LP1,Gaica,Gaica mbd,2017-12-09,16-17,2017,12,9,343,142,07:17:00,00:00:00,3,12,4,Early,4,1,"Yuri Rosero-Mora, Robert Rodriguez",NA,NA,NA,24.4693176239568,17.8
G-MB-M-LP1_04,MB-M-LP1_04,G-MB-M-LP1,Gaica,Gaica mbd,2013-05-24,13-14,2013,5,24,144,1,07:00:00,00:00:00,3,12,1,Early,1,1,"Ronald Fernandez-Gomez, Yuri Rosero-Mora",NA,NA,NA,23.160736196319014,18.7
G-MB-M-LP1_04,MB-M-LP1_04,G-MB-M-LP1,Gaica,Gaica mbd,2013-05-25,13-14,2013,5,25,145,2,06:25:00,00:00:00,3,12,2,Early,2,1,"Ronald Fernandez-Gomez, Yuri Rosero-Mora",NA,NA,NA,23.160736196319014,18.7
G-MB-M-LP1_04,MB-M-LP1_04,G-MB-M-LP1,Gaica,Gaica mbd,2013-05-26,13-14,2013,5,26,146,3,08:30:00,00:00:00,3,12,3,Early,3,1,"Ronald Fernandez-Gomez, Yuri Rosero-Mora",NA,NA,NA,23.160736196319014,18.7
G-MB-M-LP1_04,MB-M-LP1_04,G-MB-M-LP1,Gaica,Gaica mbd,2013-05-27,13-14,2013,5,27,147,4,07:15:00,00:00:00,3,12,4,Early,4,1,"Ronald Fernandez-Gomez, Yuri Rosero-Mora",NA,NA,NA,23.160736196319014,18.7
G-MB-M-LP1_04,MB-M-LP1_04,G-MB-M-LP1,Gaica,Gaica mbd,2013-09-03,13-14,2013,9,3,246,22,06:56:00,00:00:00,3,12,5,Late,1,1,"Ronald Fernandez-Gomez, Yuri Rosero-Mora",NA,NA,NA,23.160736196319014,18.7
G-MB-M-LP1_04,MB-M-LP1_04,G-MB-M-LP1,Gaica,Gaica mbd,2013-09-04,13-14,2013,9,4,247,23,06:54:00,00:00:00,3,12,6,Late,2,1,"Ronald Fernandez-Gomez, Yuri Rosero-Mora",NA,NA,NA,23.160736196319014,18.7
G-MB-M-LP1_04,MB-M-LP1_04,G-MB-M-LP1,Gaica,Gaica mbd,2013-09-05,13-14,2013,9,5,248,24,06:25:00,00:00:00,3,12,7,Late,3,1,"Ronald Fernandez-Gomez, Yuri Rosero-Mora",NA,NA,NA,23.160736196319014,18.7
G-MB-M-LP1_04,MB-M-LP1_04,G-MB-M-LP1,Gaica,Gaica mbd,2013-09-06,13-14,2013,9,6,249,25,06:53:00,00:00:00,3,12,8,Late,4,1,"Ronald Fernandez-Gomez, Yuri Rosero-Mora",NA,NA,NA,23.160736196319014,18.7
G-MB-M-LP1_04,MB-M-LP1_04,G-MB-M-LP1,Gaica,Gaica mbd,2017-12-06,16-17,2017,12,6,340,139,07:10:00,00:00:00,3,12,1,Early,1,1,"Yuri Rosero-Mora, Robert Rodriguez",NA,NA,NA,26.191901840490797,18.7
G-MB-M-LP1_04,MB-M-LP1_04,G-MB-M-LP1,Gaica,Gaica mbd,2017-12-07,16-17,2017,12,7,341,140,07:20:00,00:00:00,3,12,2,Early,2,1,"Yuri Rosero-Mora, Robert Rodriguez",NA,NA,NA,26.191901840490797,18.7
G-MB-M-LP1_04,MB-M-LP1_04,G-MB-M-LP1,Gaica,Gaica mbd,2017-12-08,16-17,2017,12,8,342,141,07:45:00,00:00:00,3,12,3,Early,3,1,"Yuri Rosero-Mora, Robert Rodriguez",NA,NA,NA,26.191901840490797,18.7
G-MB-M-LP1_04,MB-M-LP1_04,G-MB-M-LP1,Gaica,Gaica mbd,2017-12-09,16-17,2017,12,9,343,142,07:35:00,00:00:00,3,12,4,Early,4,1,"Yuri Rosero-Mora, Robert Rodriguez",NA,NA,NA,26.191901840490797,18.7
G-MB-M-LP1_05,MB-M-LP1_05,G-MB-M-LP1,Gaica,Gaica mbd,2013-05-24,13-14,2013,5,24,144,1,07:16:00,00:00:00,3,12,1,Early,1,1,"Ronald Fernandez-Gomez, Yuri Rosero-Mora",NA,NA,NA,23.15205680705191,20
G-MB-M-LP1_05,MB-M-LP1_05,G-MB-M-LP1,Gaica,Gaica mbd,2013-05-25,13-14,2013,5,25,145,2,06:55:00,00:00:00,3,12,2,Early,2,1,"Ronald Fernandez-Gomez, Yuri Rosero-Mora",NA,NA,NA,23.15205680705191,20
G-MB-M-LP1_05,MB-M-LP1_05,G-MB-M-LP1,Gaica,Gaica mbd,2013-05-26,13-14,2013,5,26,146,3,09:00:00,00:00:00,3,12,3,Early,3,1,"Ronald Fernandez-Gomez, Yuri Rosero-Mora",NA,NA,NA,23.15205680705191,20
G-MB-M-LP1_05,MB-M-LP1_05,G-MB-M-LP1,Gaica,Gaica mbd,2013-05-27,13-14,2013,5,27,147,4,07:35:00,00:00:00,3,12,4,Early,4,0,"Ronald Fernandez-Gomez, Yuri Rosero-Mora",NA,NA,NA,23.15205680705191,20
G-MB-M-LP1_05,MB-M-LP1_05,G-MB-M-LP1,Gaica,Gaica mbd,2013-09-03,13-14,2013,9,3,246,22,07:15:00,00:00:00,3,12,5,Late,1,1,"Ronald Fernandez-Gomez, Yuri Rosero-Mora",NA,NA,NA,23.15205680705191,20
G-MB-M-LP1_05,MB-M-LP1_05,G-MB-M-LP1,Gaica,Gaica mbd,2013-09-04,13-14,2013,9,4,247,23,07:14:00,00:00:00,3,12,6,Late,2,1,"Ronald Fernandez-Gomez, Yuri Rosero-Mora",NA,NA,NA,23.15205680705191,20
G-MB-M-LP1_05,MB-M-LP1_05,G-MB-M-LP1,Gaica,Gaica mbd,2013-09-05,13-14,2013,9,5,248,24,07:18:00,00:00:00,3,12,7,Late,3,1,"Ronald Fernandez-Gomez, Yuri Rosero-Mora",NA,NA,NA,23.15205680705191,20
G-MB-M-LP1_05,MB-M-LP1_05,G-MB-M-LP1,Gaica,Gaica mbd,2013-09-06,13-14,2013,9,6,249,25,07:14:00,00:00:00,3,12,8,Late,4,1,"Ronald Fernandez-Gomez, Yuri Rosero-Mora",NA,NA,NA,23.15205680705191,20
G-MB-M-LP1_05,MB-M-LP1_05,G-MB-M-LP1,Gaica,Gaica mbd,2017-12-06,16-17,2017,12,6,340,139,07:35:00,00:00:00,3,12,1,Early,1,1,"Yuri Rosero-Mora, Robert Rodriguez",NA,NA,NA,25.94637610186092,20
G-MB-M-LP1_05,MB-M-LP1_05,G-MB-M-LP1,Gaica,Gaica mbd,2017-12-07,16-17,2017,12,7,341,140,07:35:00,00:00:00,3,12,2,Early,2,1,"Yuri Rosero-Mora, Robert Rodriguez",NA,NA,NA,25.94637610186092,20
G-MB-M-LP1_05,MB-M-LP1_05,G-MB-M-LP1,Gaica,Gaica mbd,2017-12-08,16-17,2017,12,8,342,141,08:02:00,00:00:00,3,12,3,Early,3,1,"Yuri Rosero-Mora, Robert Rodriguez",NA,NA,NA,25.94637610186092,20
G-MB-M-LP1_05,MB-M-LP1_05,G-MB-M-LP1,Gaica,Gaica mbd,2017-12-09,16-17,2017,12,9,343,142,07:50:00,00:00:00,3,12,4,Early,4,1,"Yuri Rosero-Mora, Robert Rodriguez",NA,NA,NA,25.94637610186092,20
G-MB-M-LP1_06,MB-M-LP1_06,G-MB-M-LP1,Gaica,Gaica mbd,2013-05-24,13-14,2013,5,24,144,1,07:40:00,00:00:00,3,12,1,Early,1,1,"Ronald Fernandez-Gomez, Yuri Rosero-Mora",NA,NA,NA,22.47649363369246,22.1
G-MB-M-LP1_06,MB-M-LP1_06,G-MB-M-LP1,Gaica,Gaica mbd,2013-05-25,13-14,2013,5,25,145,2,07:12:00,00:00:00,3,12,2,Early,2,1,"Ronald Fernandez-Gomez, Yuri Rosero-Mora",NA,NA,NA,22.47649363369246,22.1
G-MB-M-LP1_06,MB-M-LP1_06,G-MB-M-LP1,Gaica,Gaica mbd,2013-05-26,13-14,2013,5,26,146,3,09:40:00,00:00:00,3,12,3,Early,3,1,"Ronald Fernandez-Gomez, Yuri Rosero-Mora",NA,NA,NA,22.47649363369246,22.1
G-MB-M-LP1_06,MB-M-LP1_06,G-MB-M-LP1,Gaica,Gaica mbd,2013-05-27,13-14,2013,5,27,147,4,08:10:00,00:00:00,3,12,4,Early,4,1,"Ronald Fernandez-Gomez, Yuri Rosero-Mora",NA,NA,NA,22.47649363369246,22.1
G-MB-M-LP1_06,MB-M-LP1_06,G-MB-M-LP1,Gaica,Gaica mbd,2013-09-03,13-14,2013,9,3,246,22,07:39:00,00:00:00,3,12,5,Late,1,1,"Ronald Fernandez-Gomez, Yuri Rosero-Mora",NA,NA,NA,22.47649363369246,22.1
G-MB-M-LP1_06,MB-M-LP1_06,G-MB-M-LP1,Gaica,Gaica mbd,2013-09-04,13-14,2013,9,4,247,23,07:40:00,00:00:00,3,12,6,Late,2,1,"Ronald Fernandez-Gomez, Yuri Rosero-Mora",NA,NA,NA,22.47649363369246,22.1
G-MB-M-LP1_06,MB-M-LP1_06,G-MB-M-LP1,Gaica,Gaica mbd,2013-09-05,13-14,2013,9,5,248,24,07:35:00,00:00:00,3,12,7,Late,3,0,"Ronald Fernandez-Gomez, Yuri Rosero-Mora",NA,NA,NA,22.47649363369246,22.1
G-MB-M-LP1_06,MB-M-LP1_06,G-MB-M-LP1,Gaica,Gaica mbd,2013-09-06,13-14,2013,9,6,249,25,07:34:00,00:00:00,3,12,8,Late,4,1,"Ronald Fernandez-Gomez, Yuri Rosero-Mora",NA,NA,NA,22.47649363369246,22.1
G-MB-M-LP1_06,MB-M-LP1_06,G-MB-M-LP1,Gaica,Gaica mbd,2017-12-06,16-17,2017,12,6,340,139,08:10:00,00:00:00,3,12,1,Early,1,1,"Yuri Rosero-Mora, Robert Rodriguez",NA,NA,NA,24.766895200783544,22.1
G-MB-M-LP1_06,MB-M-LP1_06,G-MB-M-LP1,Gaica,Gaica mbd,2017-12-07,16-17,2017,12,7,341,140,07:55:00,00:00:00,3,12,2,Early,2,1,"Yuri Rosero-Mora, Robert Rodriguez",NA,NA,NA,24.766895200783544,22.1
G-MB-M-LP1_06,MB-M-LP1_06,G-MB-M-LP1,Gaica,Gaica mbd,2017-12-08,16-17,2017,12,8,342,141,08:20:00,00:00:00,3,12,3,Early,3,1,"Yuri Rosero-Mora, Robert Rodriguez",NA,NA,NA,24.766895200783544,22.1
G-MB-M-LP1_06,MB-M-LP1_06,G-MB-M-LP1,Gaica,Gaica mbd,2017-12-09,16-17,2017,12,9,343,142,08:05:00,00:00:00,3,12,4,Early,4,1,"Yuri Rosero-Mora, Robert Rodriguez",NA,NA,NA,24.766895200783544,22.1
G-MB-Q-ECOR_01,MB-Q-ECOR_01,G-MB-Q-ECOR,Gaica,Gaica mbd,2013-07-30,13-14,2013,7,30,211,68,05:50:00,00:00:00,3,12,1,Early,1,1,"Ronald Fernandez-Gomez, Yuri Rosero-Mora",NA,NA,NA,64.95343137254902,19.8
G-MB-Q-ECOR_01,MB-Q-ECOR_01,G-MB-Q-ECOR,Gaica,Gaica mbd,2013-07-31,13-14,2013,7,31,212,69,05:58:00,00:00:00,3,12,2,Early,2,1,"Ronald Fernandez-Gomez, Yuri Rosero-Mora",NA,NA,NA,64.95343137254902,19.8
G-MB-Q-ECOR_01,MB-Q-ECOR_01,G-MB-Q-ECOR,Gaica,Gaica mbd,2013-08-01,13-14,2013,8,1,213,70,05:55:00,00:00:00,3,12,3,Early,3,1,"Ronald Fernandez-Gomez, Yuri Rosero-Mora",NA,NA,NA,64.95343137254902,19.8
G-MB-Q-ECOR_01,MB-Q-ECOR_01,G-MB-Q-ECOR,Gaica,Gaica mbd,2013-08-02,13-14,2013,8,2,214,71,05:50:00,00:00:00,3,12,4,Early,4,1,"Ronald Fernandez-Gomez, Yuri Rosero-Mora",NA,NA,NA,64.95343137254902,19.8
G-MB-Q-ECOR_01,MB-Q-ECOR_01,G-MB-Q-ECOR,Gaica,Gaica mbd,2013-11-21,13-14,2013,11,21,325,101,06:06:00,00:00:00,3,12,5,Late,1,1,"Ronald Fernandez-Gomez, Yuri Rosero-Mora",NA,NA,NA,64.95343137254902,19.8
G-MB-Q-ECOR_01,MB-Q-ECOR_01,G-MB-Q-ECOR,Gaica,Gaica mbd,2013-11-22,13-14,2013,11,22,326,102,06:02:00,00:00:00,3,12,6,Late,2,1,"Ronald Fernandez-Gomez, Yuri Rosero-Mora",NA,NA,NA,64.95343137254902,19.8
G-MB-Q-ECOR_01,MB-Q-ECOR_01,G-MB-Q-ECOR,Gaica,Gaica mbd,2013-11-23,13-14,2013,11,23,327,103,06:04:00,00:00:00,3,12,7,Late,3,1,"Ronald Fernandez-Gomez, Yuri Rosero-Mora",NA,NA,NA,64.95343137254902,19.8
G-MB-Q-ECOR_01,MB-Q-ECOR_01,G-MB-Q-ECOR,Gaica,Gaica mbd,2013-11-24,13-14,2013,11,24,328,104,05:58:00,00:00:00,3,12,8,Late,4,1,"Ronald Fernandez-Gomez, Yuri Rosero-Mora",NA,NA,NA,64.95343137254902,19.8
G-MB-Q-ECOR_01,MB-Q-ECOR_01,G-MB-Q-ECOR,Gaica,Gaica mbd,2017-07-30,16-17,2017,7,30,211,10,06:05:00,00:00:00,3,12,1,Early,1,1,"Yuri Rosero-Mora, Robert Rodriguez",NA,NA,NA,66.15245098039216,19.8
G-MB-Q-ECOR_01,MB-Q-ECOR_01,G-MB-Q-ECOR,Gaica,Gaica mbd,2017-07-31,16-17,2017,7,31,212,11,06:00:00,00:00:00,3,12,2,Early,2,1,"Yuri Rosero-Mora, Robert Rodriguez",NA,NA,NA,66.15245098039216,19.8
G-MB-Q-ECOR_01,MB-Q-ECOR_01,G-MB-Q-ECOR,Gaica,Gaica mbd,2017-08-01,16-17,2017,8,1,213,12,08:00:00,00:00:00,3,12,3,Early,3,1,"Yuri Rosero-Mora, Robert Rodriguez",NA,NA,NA,66.15245098039216,19.8
G-MB-Q-ECOR_01,MB-Q-ECOR_01,G-MB-Q-ECOR,Gaica,Gaica mbd,2017-08-02,16-17,2017,8,2,214,13,06:00:00,00:00:00,3,12,4,Early,4,1,"Yuri Rosero-Mora, Robert Rodriguez",NA,NA,NA,66.15245098039216,19.8
G-MB-Q-ECOR_02,MB-Q-ECOR_02,G-MB-Q-ECOR,Gaica,Gaica mbd,2013-07-30,13-14,2013,7,30,211,68,06:05:00,00:00:00,3,12,1,Early,1,1,"Ronald Fernandez-Gomez, Yuri Rosero-Mora",NA,NA,NA,65.41817736403723,26.4
G-MB-Q-ECOR_02,MB-Q-ECOR_02,G-MB-Q-ECOR,Gaica,Gaica mbd,2013-07-31,13-14,2013,7,31,212,69,06:23:00,00:00:00,3,12,2,Early,2,1,"Ronald Fernandez-Gomez, Yuri Rosero-Mora",NA,NA,NA,65.41817736403723,26.4
G-MB-Q-ECOR_02,MB-Q-ECOR_02,G-MB-Q-ECOR,Gaica,Gaica mbd,2013-08-01,13-14,2013,8,1,213,70,06:15:00,00:00:00,3,12,3,Early,3,1,"Ronald Fernandez-Gomez, Yuri Rosero-Mora",NA,NA,NA,65.41817736403723,26.4
G-MB-Q-ECOR_02,MB-Q-ECOR_02,G-MB-Q-ECOR,Gaica,Gaica mbd,2013-08-02,13-14,2013,8,2,214,71,06:15:00,00:00:00,3,12,4,Early,4,1,"Ronald Fernandez-Gomez, Yuri Rosero-Mora",NA,NA,NA,65.41817736403723,26.4
G-MB-Q-ECOR_02,MB-Q-ECOR_02,G-MB-Q-ECOR,Gaica,Gaica mbd,2013-11-21,13-14,2013,11,21,325,101,06:30:00,00:00:00,3,12,5,Late,1,1,"Ronald Fernandez-Gomez, Yuri Rosero-Mora",NA,NA,NA,65.41817736403723,26.4
G-MB-Q-ECOR_02,MB-Q-ECOR_02,G-MB-Q-ECOR,Gaica,Gaica mbd,2013-11-22,13-14,2013,11,22,326,102,06:10:00,00:00:00,3,12,6,Late,2,1,"Ronald Fernandez-Gomez, Yuri Rosero-Mora",NA,NA,NA,65.41817736403723,26.4
G-MB-Q-ECOR_02,MB-Q-ECOR_02,G-MB-Q-ECOR,Gaica,Gaica mbd,2013-11-23,13-14,2013,11,23,327,103,06:10:00,00:00:00,3,12,7,Late,3,1,"Ronald Fernandez-Gomez, Yuri Rosero-Mora",NA,NA,NA,65.41817736403723,26.4
G-MB-Q-ECOR_02,MB-Q-ECOR_02,G-MB-Q-ECOR,Gaica,Gaica mbd,2013-11-24,13-14,2013,11,24,328,104,06:22:00,00:00:00,3,12,8,Late,4,1,"Ronald Fernandez-Gomez, Yuri Rosero-Mora",NA,NA,NA,65.41817736403723,26.4
G-MB-Q-ECOR_02,MB-Q-ECOR_02,G-MB-Q-ECOR,Gaica,Gaica mbd,2017-07-30,16-17,2017,7,30,211,10,06:24:00,00:00:00,3,12,1,Early,1,1,"Yuri Rosero-Mora, Robert Rodriguez",NA,NA,NA,66.60754532092112,26.4
G-MB-Q-ECOR_02,MB-Q-ECOR_02,G-MB-Q-ECOR,Gaica,Gaica mbd,2017-07-31,16-17,2017,7,31,212,11,06:25:00,00:00:00,3,12,2,Early,2,1,"Yuri Rosero-Mora, Robert Rodriguez",NA,NA,NA,66.60754532092112,26.4
G-MB-Q-ECOR_02,MB-Q-ECOR_02,G-MB-Q-ECOR,Gaica,Gaica mbd,2017-08-01,16-17,2017,8,1,213,12,07:45:00,00:00:00,3,12,3,Early,3,1,"Yuri Rosero-Mora, Robert Rodriguez",NA,NA,NA,66.60754532092112,26.4
G-MB-Q-ECOR_02,MB-Q-ECOR_02,G-MB-Q-ECOR,Gaica,Gaica mbd,2017-08-02,16-17,2017,8,2,214,13,06:22:00,00:00:00,3,12,4,Early,4,1,"Yuri Rosero-Mora, Robert Rodriguez",NA,NA,NA,66.60754532092112,26.4
G-MB-Q-ECOR_03,MB-Q-ECOR_03,G-MB-Q-ECOR,Gaica,Gaica mbd,2013-07-30,13-14,2013,7,30,211,68,07:45:00,00:00:00,3,12,1,Early,1,0,"Ronald Fernandez-Gomez, Yuri Rosero-Mora",NA,NA,NA,68.32386085252327,23.7
G-MB-Q-ECOR_03,MB-Q-ECOR_03,G-MB-Q-ECOR,Gaica,Gaica mbd,2013-07-31,13-14,2013,7,31,212,69,07:30:00,00:00:00,3,12,2,Early,2,0,"Ronald Fernandez-Gomez, Yuri Rosero-Mora",NA,NA,NA,68.32386085252327,23.7
G-MB-Q-ECOR_03,MB-Q-ECOR_03,G-MB-Q-ECOR,Gaica,Gaica mbd,2013-08-01,13-14,2013,8,1,213,70,06:40:00,00:00:00,3,12,3,Early,3,1,"Ronald Fernandez-Gomez, Yuri Rosero-Mora",NA,NA,NA,68.32386085252327,23.7
G-MB-Q-ECOR_03,MB-Q-ECOR_03,G-MB-Q-ECOR,Gaica,Gaica mbd,2013-08-02,13-14,2013,8,2,214,71,06:45:00,00:00:00,3,12,4,Early,4,1,"Ronald Fernandez-Gomez, Yuri Rosero-Mora",NA,NA,NA,68.32386085252327,23.7
G-MB-Q-ECOR_03,MB-Q-ECOR_03,G-MB-Q-ECOR,Gaica,Gaica mbd,2013-11-21,13-14,2013,11,21,325,101,06:50:00,00:00:00,3,12,5,Late,1,1,"Ronald Fernandez-Gomez, Yuri Rosero-Mora",NA,NA,NA,68.32386085252327,23.7
G-MB-Q-ECOR_03,MB-Q-ECOR_03,G-MB-Q-ECOR,Gaica,Gaica mbd,2013-11-22,13-14,2013,11,22,326,102,06:40:00,00:00:00,3,12,6,Late,2,1,"Ronald Fernandez-Gomez, Yuri Rosero-Mora",NA,NA,NA,68.32386085252327,23.7
G-MB-Q-ECOR_03,MB-Q-ECOR_03,G-MB-Q-ECOR,Gaica,Gaica mbd,2013-11-23,13-14,2013,11,23,327,103,06:38:00,00:00:00,3,12,7,Late,3,1,"Ronald Fernandez-Gomez, Yuri Rosero-Mora",NA,NA,NA,68.32386085252327,23.7
G-MB-Q-ECOR_03,MB-Q-ECOR_03,G-MB-Q-ECOR,Gaica,Gaica mbd,2013-11-24,13-14,2013,11,24,328,104,06:45:00,00:00:00,3,12,8,Late,4,1,"Ronald Fernandez-Gomez, Yuri Rosero-Mora",NA,NA,NA,68.32386085252327,23.7
G-MB-Q-ECOR_03,MB-Q-ECOR_03,G-MB-Q-ECOR,Gaica,Gaica mbd,2017-07-30,16-17,2017,7,30,211,10,06:53:00,00:00:00,3,12,1,Early,1,1,"Yuri Rosero-Mora, Robert Rodriguez",NA,NA,NA,69.45051445369917,23.7
G-MB-Q-ECOR_03,MB-Q-ECOR_03,G-MB-Q-ECOR,Gaica,Gaica mbd,2017-07-31,16-17,2017,7,31,212,11,06:50:00,00:00:00,3,12,2,Early,2,1,"Yuri Rosero-Mora, Robert Rodriguez",NA,NA,NA,69.45051445369917,23.7
G-MB-Q-ECOR_03,MB-Q-ECOR_03,G-MB-Q-ECOR,Gaica,Gaica mbd,2017-08-01,16-17,2017,8,1,213,12,07:20:00,00:00:00,3,12,3,Early,3,1,"Yuri Rosero-Mora, Robert Rodriguez",NA,NA,NA,69.45051445369917,23.7
G-MB-Q-ECOR_03,MB-Q-ECOR_03,G-MB-Q-ECOR,Gaica,Gaica mbd,2017-08-02,16-17,2017,8,2,214,13,06:45:00,00:00:00,3,12,4,Early,4,1,"Yuri Rosero-Mora, Robert Rodriguez",NA,NA,NA,69.45051445369917,23.7
G-MB-Q-ECOR_04,MB-Q-ECOR_04,G-MB-Q-ECOR,Gaica,Gaica mbd,2013-07-30,13-14,2013,7,30,211,68,06:20:00,00:00:00,3,12,1,Early,1,1,"Ronald Fernandez-Gomez, Yuri Rosero-Mora",NA,NA,NA,70.81243878550441,26.4
G-MB-Q-ECOR_04,MB-Q-ECOR_04,G-MB-Q-ECOR,Gaica,Gaica mbd,2013-07-31,13-14,2013,7,31,212,69,06:40:00,00:00:00,3,12,2,Early,2,1,"Ronald Fernandez-Gomez, Yuri Rosero-Mora",NA,NA,NA,70.81243878550441,26.4
G-MB-Q-ECOR_04,MB-Q-ECOR_04,G-MB-Q-ECOR,Gaica,Gaica mbd,2013-08-01,13-14,2013,8,1,213,70,07:05:00,00:00:00,3,12,3,Early,3,1,"Ronald Fernandez-Gomez, Yuri Rosero-Mora",NA,NA,NA,70.81243878550441,26.4
G-MB-Q-ECOR_04,MB-Q-ECOR_04,G-MB-Q-ECOR,Gaica,Gaica mbd,2013-08-02,13-14,2013,8,2,214,71,06:16:00,00:00:00,3,12,4,Early,4,1,"Ronald Fernandez-Gomez, Yuri Rosero-Mora",NA,NA,NA,70.81243878550441,26.4
G-MB-Q-ECOR_04,MB-Q-ECOR_04,G-MB-Q-ECOR,Gaica,Gaica mbd,2013-11-21,13-14,2013,11,21,325,101,06:05:00,00:00:00,3,12,5,Late,1,1,"Ronald Fernandez-Gomez, Yuri Rosero-Mora",NA,NA,NA,70.81243878550441,26.4
G-MB-Q-ECOR_04,MB-Q-ECOR_04,G-MB-Q-ECOR,Gaica,Gaica mbd,2013-11-22,13-14,2013,11,22,326,102,06:20:00,00:00:00,3,12,6,Late,2,1,"Ronald Fernandez-Gomez, Yuri Rosero-Mora",NA,NA,NA,70.81243878550441,26.4
G-MB-Q-ECOR_04,MB-Q-ECOR_04,G-MB-Q-ECOR,Gaica,Gaica mbd,2013-11-23,13-14,2013,11,23,327,103,06:21:00,00:00:00,3,12,7,Late,3,1,"Ronald Fernandez-Gomez, Yuri Rosero-Mora",NA,NA,NA,70.81243878550441,26.4
G-MB-Q-ECOR_04,MB-Q-ECOR_04,G-MB-Q-ECOR,Gaica,Gaica mbd,2013-11-24,13-14,2013,11,24,328,104,06:01:00,00:00:00,3,12,8,Late,4,1,"Ronald Fernandez-Gomez, Yuri Rosero-Mora",NA,NA,NA,70.81243878550441,26.4
G-MB-Q-ECOR_04,MB-Q-ECOR_04,G-MB-Q-ECOR,Gaica,Gaica mbd,2017-07-30,16-17,2017,7,30,211,10,07:25:00,00:00:00,3,12,1,Early,1,1,"Yuri Rosero-Mora, Robert Rodriguez",NA,NA,NA,71.98555337904016,26.4
G-MB-Q-ECOR_04,MB-Q-ECOR_04,G-MB-Q-ECOR,Gaica,Gaica mbd,2017-07-31,16-17,2017,7,31,212,11,07:10:00,00:00:00,3,12,2,Early,2,1,"Yuri Rosero-Mora, Robert Rodriguez",NA,NA,NA,71.98555337904016,26.4
G-MB-Q-ECOR_04,MB-Q-ECOR_04,G-MB-Q-ECOR,Gaica,Gaica mbd,2017-08-01,16-17,2017,8,1,213,12,06:55:00,00:00:00,3,12,3,Early,3,1,"Yuri Rosero-Mora, Robert Rodriguez",NA,NA,NA,71.98555337904016,26.4
G-MB-Q-ECOR_04,MB-Q-ECOR_04,G-MB-Q-ECOR,Gaica,Gaica mbd,2017-08-02,16-17,2017,8,2,214,13,07:02:00,00:00:00,3,12,4,Early,4,1,"Yuri Rosero-Mora, Robert Rodriguez",NA,NA,NA,71.98555337904016,26.4
G-MB-Q-ECOR_05,MB-Q-ECOR_05,G-MB-Q-ECOR,Gaica,Gaica mbd,2013-07-30,13-14,2013,7,30,211,68,06:51:00,00:00:00,3,12,1,Early,1,1,"Ronald Fernandez-Gomez, Yuri Rosero-Mora",NA,NA,NA,66.01935325820676,21.2
G-MB-Q-ECOR_05,MB-Q-ECOR_05,G-MB-Q-ECOR,Gaica,Gaica mbd,2013-07-31,13-14,2013,7,31,212,69,06:58:00,00:00:00,3,12,2,Early,2,1,"Ronald Fernandez-Gomez, Yuri Rosero-Mora",NA,NA,NA,66.01935325820676,21.2
G-MB-Q-ECOR_05,MB-Q-ECOR_05,G-MB-Q-ECOR,Gaica,Gaica mbd,2013-08-01,13-14,2013,8,1,213,70,06:32:00,00:00:00,3,12,3,Early,3,0,"Ronald Fernandez-Gomez, Yuri Rosero-Mora",NA,NA,NA,66.01935325820676,21.2
G-MB-Q-ECOR_05,MB-Q-ECOR_05,G-MB-Q-ECOR,Gaica,Gaica mbd,2013-08-02,13-14,2013,8,2,214,71,06:48:00,00:00:00,3,12,4,Early,4,1,"Ronald Fernandez-Gomez, Yuri Rosero-Mora",NA,NA,NA,66.01935325820676,21.2
G-MB-Q-ECOR_05,MB-Q-ECOR_05,G-MB-Q-ECOR,Gaica,Gaica mbd,2013-11-21,13-14,2013,11,21,325,101,06:33:00,00:00:00,3,12,5,Late,1,1,"Ronald Fernandez-Gomez, Yuri Rosero-Mora",NA,NA,NA,66.01935325820676,21.2
G-MB-Q-ECOR_05,MB-Q-ECOR_05,G-MB-Q-ECOR,Gaica,Gaica mbd,2013-11-22,13-14,2013,11,22,326,102,06:39:00,00:00:00,3,12,6,Late,2,1,"Ronald Fernandez-Gomez, Yuri Rosero-Mora",NA,NA,NA,66.01935325820676,21.2
G-MB-Q-ECOR_05,MB-Q-ECOR_05,G-MB-Q-ECOR,Gaica,Gaica mbd,2013-11-23,13-14,2013,11,23,327,103,06:45:00,00:00:00,3,12,7,Late,3,1,"Ronald Fernandez-Gomez, Yuri Rosero-Mora",NA,NA,NA,66.01935325820676,21.2
G-MB-Q-ECOR_05,MB-Q-ECOR_05,G-MB-Q-ECOR,Gaica,Gaica mbd,2013-11-24,13-14,2013,11,24,328,104,06:24:00,00:00:00,3,12,8,Late,4,1,"Ronald Fernandez-Gomez, Yuri Rosero-Mora",NA,NA,NA,66.01935325820676,21.2
G-MB-Q-ECOR_05,MB-Q-ECOR_05,G-MB-Q-ECOR,Gaica,Gaica mbd,2017-07-30,16-17,2017,7,30,211,10,07:40:00,00:00:00,3,12,1,Early,1,1,"Yuri Rosero-Mora, Robert Rodriguez",NA,NA,NA,67.2530622243998,21.2
G-MB-Q-ECOR_05,MB-Q-ECOR_05,G-MB-Q-ECOR,Gaica,Gaica mbd,2017-07-31,16-17,2017,7,31,212,11,07:35:00,00:00:00,3,12,2,Early,2,1,"Yuri Rosero-Mora, Robert Rodriguez",NA,NA,NA,67.2530622243998,21.2
G-MB-Q-ECOR_05,MB-Q-ECOR_05,G-MB-Q-ECOR,Gaica,Gaica mbd,2017-08-01,16-17,2017,8,1,213,12,06:30:00,00:00:00,3,12,3,Early,3,1,"Yuri Rosero-Mora, Robert Rodriguez",NA,NA,NA,67.2530622243998,21.2
G-MB-Q-ECOR_05,MB-Q-ECOR_05,G-MB-Q-ECOR,Gaica,Gaica mbd,2017-08-02,16-17,2017,8,2,214,13,07:20:00,00:00:00,3,12,4,Early,4,1,"Yuri Rosero-Mora, Robert Rodriguez",NA,NA,NA,67.2530622243998,21.2
G-MB-Q-ECOR_06,MB-Q-ECOR_06,G-MB-Q-ECOR,Gaica,Gaica mbd,2013-07-30,13-14,2013,7,30,211,68,07:17:00,00:00:00,3,12,1,Early,1,1,"Ronald Fernandez-Gomez, Yuri Rosero-Mora",NA,NA,NA,65.79397354238118,20
G-MB-Q-ECOR_06,MB-Q-ECOR_06,G-MB-Q-ECOR,Gaica,Gaica mbd,2013-07-31,13-14,2013,7,31,212,69,07:15:00,00:00:00,3,12,2,Early,2,1,"Ronald Fernandez-Gomez, Yuri Rosero-Mora",NA,NA,NA,65.79397354238118,20
G-MB-Q-ECOR_06,MB-Q-ECOR_06,G-MB-Q-ECOR,Gaica,Gaica mbd,2013-08-01,13-14,2013,8,1,213,70,07:30:00,00:00:00,3,12,3,Early,3,0,"Ronald Fernandez-Gomez, Yuri Rosero-Mora",NA,NA,NA,65.79397354238118,20
G-MB-Q-ECOR_06,MB-Q-ECOR_06,G-MB-Q-ECOR,Gaica,Gaica mbd,2013-08-02,13-14,2013,8,2,214,71,07:10:00,00:00:00,3,12,4,Early,4,1,"Ronald Fernandez-Gomez, Yuri Rosero-Mora",NA,NA,NA,65.79397354238118,20
G-MB-Q-ECOR_06,MB-Q-ECOR_06,G-MB-Q-ECOR,Gaica,Gaica mbd,2013-11-21,13-14,2013,11,21,325,101,06:57:00,00:00:00,3,12,5,Late,1,1,"Ronald Fernandez-Gomez, Yuri Rosero-Mora",NA,NA,NA,65.79397354238118,20
G-MB-Q-ECOR_06,MB-Q-ECOR_06,G-MB-Q-ECOR,Gaica,Gaica mbd,2013-11-22,13-14,2013,11,22,326,102,06:57:00,00:00:00,3,12,6,Late,2,1,"Ronald Fernandez-Gomez, Yuri Rosero-Mora",NA,NA,NA,65.79397354238118,20
G-MB-Q-ECOR_06,MB-Q-ECOR_06,G-MB-Q-ECOR,Gaica,Gaica mbd,2013-11-23,13-14,2013,11,23,327,103,07:03:00,00:00:00,3,12,7,Late,3,1,"Ronald Fernandez-Gomez, Yuri Rosero-Mora",NA,NA,NA,65.79397354238118,20
G-MB-Q-ECOR_06,MB-Q-ECOR_06,G-MB-Q-ECOR,Gaica,Gaica mbd,2013-11-24,13-14,2013,11,24,328,104,06:42:00,00:00:00,3,12,8,Late,4,1,"Ronald Fernandez-Gomez, Yuri Rosero-Mora",NA,NA,NA,65.79397354238118,20
G-MB-Q-ECOR_06,MB-Q-ECOR_06,G-MB-Q-ECOR,Gaica,Gaica mbd,2017-07-30,16-17,2017,7,30,211,10,08:00:00,00:00:00,3,12,1,Early,1,1,"Yuri Rosero-Mora, Robert Rodriguez",NA,NA,NA,66.98873101420872,20
G-MB-Q-ECOR_06,MB-Q-ECOR_06,G-MB-Q-ECOR,Gaica,Gaica mbd,2017-07-31,16-17,2017,7,31,212,11,08:00:00,00:00:00,3,12,2,Early,2,1,"Yuri Rosero-Mora, Robert Rodriguez",NA,NA,NA,66.98873101420872,20
G-MB-Q-ECOR_06,MB-Q-ECOR_06,G-MB-Q-ECOR,Gaica,Gaica mbd,2017-08-01,16-17,2017,8,1,213,12,06:15:00,00:00:00,3,12,3,Early,3,1,"Yuri Rosero-Mora, Robert Rodriguez",NA,NA,NA,66.98873101420872,20
G-MB-Q-ECOR_06,MB-Q-ECOR_06,G-MB-Q-ECOR,Gaica,Gaica mbd,2017-08-02,16-17,2017,8,2,214,13,07:43:00,00:00:00,3,12,4,Early,4,1,"Yuri Rosero-Mora, Robert Rodriguez",NA,NA,NA,66.98873101420872,20
G-MB-Q-EC_01,MB-Q-EC_01,G-MB-Q-EC,Gaica,Gaica mbd,2013-08-03,13-14,2013,8,3,215,72,06:03:00,00:00:00,1,8,1,Early,1,1,"Ronald Fernandez-Gomez, Yuri Rosero-Mora",NA,NA,NA,59.61029411764706,25.8
G-MB-Q-EC_01,MB-Q-EC_01,G-MB-Q-EC,Gaica,Gaica mbd,2013-08-04,13-14,2013,8,4,216,73,05:45:00,00:00:00,1,8,2,Early,2,1,"Ronald Fernandez-Gomez, Yuri Rosero-Mora",NA,NA,NA,59.61029411764706,25.8
G-MB-Q-EC_01,MB-Q-EC_01,G-MB-Q-EC,Gaica,Gaica mbd,2013-08-05,13-14,2013,8,5,217,74,06:00:00,00:00:00,1,8,3,Early,3,1,"Ronald Fernandez-Gomez, Yuri Rosero-Mora",NA,NA,NA,59.61029411764706,25.8
G-MB-Q-EC_01,MB-Q-EC_01,G-MB-Q-EC,Gaica,Gaica mbd,2013-08-06,13-14,2013,8,6,218,75,05:55:00,00:00:00,1,8,4,Early,4,1,"Ronald Fernandez-Gomez, Yuri Rosero-Mora",NA,NA,NA,59.61029411764706,25.8
G-MB-Q-EC_01,MB-Q-EC_01,G-MB-Q-EC,Gaica,Gaica mbd,2013-11-17,13-14,2013,11,17,321,97,06:00:00,00:00:00,1,8,5,Late,1,1,"Ronald Fernandez-Gomez, Yuri Rosero-Mora",NA,NA,NA,59.61029411764706,25.8
G-MB-Q-EC_01,MB-Q-EC_01,G-MB-Q-EC,Gaica,Gaica mbd,2013-11-18,13-14,2013,11,18,322,98,06:05:00,00:00:00,1,8,6,Late,2,1,"Ronald Fernandez-Gomez, Yuri Rosero-Mora",NA,NA,NA,59.61029411764706,25.8
G-MB-Q-EC_01,MB-Q-EC_01,G-MB-Q-EC,Gaica,Gaica mbd,2013-11-19,13-14,2013,11,19,323,99,06:20:00,00:00:00,1,8,7,Late,3,1,"Ronald Fernandez-Gomez, Yuri Rosero-Mora",NA,NA,NA,59.61029411764706,25.8
G-MB-Q-EC_01,MB-Q-EC_01,G-MB-Q-EC,Gaica,Gaica mbd,2013-11-20,13-14,2013,11,20,324,100,06:10:00,00:00:00,1,8,8,Late,4,1,"Ronald Fernandez-Gomez, Yuri Rosero-Mora",NA,NA,NA,59.61029411764706,25.8
G-MB-Q-EC_02,MB-Q-EC_02,G-MB-Q-EC,Gaica,Gaica mbd,2013-08-03,13-14,2013,8,3,215,72,06:29:00,00:00:00,1,8,1,Early,1,1,"Ronald Fernandez-Gomez, Yuri Rosero-Mora",NA,NA,NA,60.364282214600685,23.8
G-MB-Q-EC_02,MB-Q-EC_02,G-MB-Q-EC,Gaica,Gaica mbd,2013-08-04,13-14,2013,8,4,216,73,06:10:00,00:00:00,1,8,2,Early,2,1,"Ronald Fernandez-Gomez, Yuri Rosero-Mora",NA,NA,NA,60.364282214600685,23.8
G-MB-Q-EC_02,MB-Q-EC_02,G-MB-Q-EC,Gaica,Gaica mbd,2013-08-05,13-14,2013,8,5,217,74,06:23:00,00:00:00,1,8,3,Early,3,1,"Ronald Fernandez-Gomez, Yuri Rosero-Mora",NA,NA,NA,60.364282214600685,23.8
G-MB-Q-EC_02,MB-Q-EC_02,G-MB-Q-EC,Gaica,Gaica mbd,2013-08-06,13-14,2013,8,6,218,75,06:25:00,00:00:00,1,8,4,Early,4,1,"Ronald Fernandez-Gomez, Yuri Rosero-Mora",NA,NA,NA,60.364282214600685,23.8
G-MB-Q-EC_02,MB-Q-EC_02,G-MB-Q-EC,Gaica,Gaica mbd,2013-11-17,13-14,2013,11,17,321,97,06:26:00,00:00:00,1,8,5,Late,1,1,"Ronald Fernandez-Gomez, Yuri Rosero-Mora",NA,NA,NA,60.364282214600685,23.8
G-MB-Q-EC_02,MB-Q-EC_02,G-MB-Q-EC,Gaica,Gaica mbd,2013-11-18,13-14,2013,11,18,322,98,06:30:00,00:00:00,1,8,6,Late,2,1,"Ronald Fernandez-Gomez, Yuri Rosero-Mora",NA,NA,NA,60.364282214600685,23.8
G-MB-Q-EC_02,MB-Q-EC_02,G-MB-Q-EC,Gaica,Gaica mbd,2013-11-19,13-14,2013,11,19,323,99,06:45:00,00:00:00,1,8,7,Late,3,1,"Ronald Fernandez-Gomez, Yuri Rosero-Mora",NA,NA,NA,60.364282214600685,23.8
G-MB-Q-EC_02,MB-Q-EC_02,G-MB-Q-EC,Gaica,Gaica mbd,2013-11-20,13-14,2013,11,20,324,100,06:35:00,00:00:00,1,8,8,Late,4,1,"Ronald Fernandez-Gomez, Yuri Rosero-Mora",NA,NA,NA,60.364282214600685,23.8
G-MB-Q-EC_03,MB-Q-EC_03,G-MB-Q-EC,Gaica,Gaica mbd,2013-08-03,13-14,2013,8,3,215,72,06:55:00,00:00:00,1,8,1,Early,1,1,"Ronald Fernandez-Gomez, Yuri Rosero-Mora",NA,NA,NA,61.10223093895563,26.6
G-MB-Q-EC_03,MB-Q-EC_03,G-MB-Q-EC,Gaica,Gaica mbd,2013-08-04,13-14,2013,8,4,216,73,06:31:00,00:00:00,1,8,2,Early,2,1,"Ronald Fernandez-Gomez, Yuri Rosero-Mora",NA,NA,NA,61.10223093895563,26.6
G-MB-Q-EC_03,MB-Q-EC_03,G-MB-Q-EC,Gaica,Gaica mbd,2013-08-05,13-14,2013,8,5,217,74,06:45:00,00:00:00,1,8,3,Early,3,1,"Ronald Fernandez-Gomez, Yuri Rosero-Mora",NA,NA,NA,61.10223093895563,26.6
G-MB-Q-EC_03,MB-Q-EC_03,G-MB-Q-EC,Gaica,Gaica mbd,2013-08-06,13-14,2013,8,6,218,75,06:50:00,00:00:00,1,8,4,Early,4,1,"Ronald Fernandez-Gomez, Yuri Rosero-Mora",NA,NA,NA,61.10223093895563,26.6
G-MB-Q-EC_03,MB-Q-EC_03,G-MB-Q-EC,Gaica,Gaica mbd,2013-11-17,13-14,2013,11,17,321,97,06:48:00,00:00:00,1,8,5,Late,1,1,"Ronald Fernandez-Gomez, Yuri Rosero-Mora",NA,NA,NA,61.10223093895563,26.6
G-MB-Q-EC_03,MB-Q-EC_03,G-MB-Q-EC,Gaica,Gaica mbd,2013-11-18,13-14,2013,11,18,322,98,06:50:00,00:00:00,1,8,6,Late,2,1,"Ronald Fernandez-Gomez, Yuri Rosero-Mora",NA,NA,NA,61.10223093895563,26.6
G-MB-Q-EC_03,MB-Q-EC_03,G-MB-Q-EC,Gaica,Gaica mbd,2013-11-19,13-14,2013,11,19,323,99,07:07:00,00:00:00,1,8,7,Late,3,1,"Ronald Fernandez-Gomez, Yuri Rosero-Mora",NA,NA,NA,61.10223093895563,26.6
G-MB-Q-EC_03,MB-Q-EC_03,G-MB-Q-EC,Gaica,Gaica mbd,2013-11-20,13-14,2013,11,20,324,100,06:58:00,00:00:00,1,8,8,Late,4,1,"Ronald Fernandez-Gomez, Yuri Rosero-Mora",NA,NA,NA,61.10223093895563,26.6
G-MB-Q-EC_04,MB-Q-EC_04,G-MB-Q-EC,Gaica,Gaica mbd,2013-08-03,13-14,2013,8,3,215,72,07:40:00,00:00:00,1,8,1,Early,1,1,"Ronald Fernandez-Gomez, Yuri Rosero-Mora",NA,NA,NA,59.18688605108055,26.6
G-MB-Q-EC_04,MB-Q-EC_04,G-MB-Q-EC,Gaica,Gaica mbd,2013-08-04,13-14,2013,8,4,216,73,06:58:00,00:00:00,1,8,2,Early,2,1,"Ronald Fernandez-Gomez, Yuri Rosero-Mora",NA,NA,NA,59.18688605108055,26.6
G-MB-Q-EC_04,MB-Q-EC_04,G-MB-Q-EC,Gaica,Gaica mbd,2013-08-05,13-14,2013,8,5,217,74,07:10:00,00:00:00,1,8,3,Early,3,1,"Ronald Fernandez-Gomez, Yuri Rosero-Mora",NA,NA,NA,59.18688605108055,26.6
G-MB-Q-EC_04,MB-Q-EC_04,G-MB-Q-EC,Gaica,Gaica mbd,2013-08-06,13-14,2013,8,6,218,75,07:17:00,00:00:00,1,8,4,Early,4,1,"Ronald Fernandez-Gomez, Yuri Rosero-Mora",NA,NA,NA,59.18688605108055,26.6
G-MB-Q-EC_04,MB-Q-EC_04,G-MB-Q-EC,Gaica,Gaica mbd,2013-11-17,13-14,2013,11,17,321,97,07:13:00,00:00:00,1,8,5,Late,1,1,"Ronald Fernandez-Gomez, Yuri Rosero-Mora",NA,NA,NA,59.18688605108055,26.6
G-MB-Q-EC_04,MB-Q-EC_04,G-MB-Q-EC,Gaica,Gaica mbd,2013-11-18,13-14,2013,11,18,322,98,07:10:00,00:00:00,1,8,6,Late,2,1,"Ronald Fernandez-Gomez, Yuri Rosero-Mora",NA,NA,NA,59.18688605108055,26.6
G-MB-Q-EC_04,MB-Q-EC_04,G-MB-Q-EC,Gaica,Gaica mbd,2013-11-19,13-14,2013,11,19,323,99,07:30:00,00:00:00,1,8,7,Late,3,1,"Ronald Fernandez-Gomez, Yuri Rosero-Mora",NA,NA,NA,59.18688605108055,26.6
G-MB-Q-EC_04,MB-Q-EC_04,G-MB-Q-EC,Gaica,Gaica mbd,2013-11-20,13-14,2013,11,20,324,100,07:23:00,00:00:00,1,8,8,Late,4,1,"Ronald Fernandez-Gomez, Yuri Rosero-Mora",NA,NA,NA,59.18688605108055,26.6
G-MB-Q-EC_05,MB-Q-EC_05,G-MB-Q-EC,Gaica,Gaica mbd,2013-08-03,13-14,2013,8,3,215,72,08:18:00,00:00:00,1,8,1,Early,1,1,"Ronald Fernandez-Gomez, Yuri Rosero-Mora",NA,NA,NA,62.47600391772771,20.9
G-MB-Q-EC_05,MB-Q-EC_05,G-MB-Q-EC,Gaica,Gaica mbd,2013-08-04,13-14,2013,8,4,216,73,07:30:00,00:00:00,1,8,2,Early,2,1,"Ronald Fernandez-Gomez, Yuri Rosero-Mora",NA,NA,NA,62.47600391772771,20.9
G-MB-Q-EC_05,MB-Q-EC_05,G-MB-Q-EC,Gaica,Gaica mbd,2013-08-05,13-14,2013,8,5,217,74,07:35:00,00:00:00,1,8,3,Early,3,1,"Ronald Fernandez-Gomez, Yuri Rosero-Mora",NA,NA,NA,62.47600391772771,20.9
G-MB-Q-EC_05,MB-Q-EC_05,G-MB-Q-EC,Gaica,Gaica mbd,2013-08-06,13-14,2013,8,6,218,75,07:45:00,00:00:00,1,8,4,Early,4,1,"Ronald Fernandez-Gomez, Yuri Rosero-Mora",NA,NA,NA,62.47600391772771,20.9
G-MB-Q-EC_05,MB-Q-EC_05,G-MB-Q-EC,Gaica,Gaica mbd,2013-11-17,13-14,2013,11,17,321,97,07:38:00,00:00:00,1,8,5,Late,1,1,"Ronald Fernandez-Gomez, Yuri Rosero-Mora",NA,NA,NA,62.47600391772771,20.9
G-MB-Q-EC_05,MB-Q-EC_05,G-MB-Q-EC,Gaica,Gaica mbd,2013-11-18,13-14,2013,11,18,322,98,07:40:00,00:00:00,1,8,6,Late,2,1,"Ronald Fernandez-Gomez, Yuri Rosero-Mora",NA,NA,NA,62.47600391772771,20.9
G-MB-Q-EC_05,MB-Q-EC_05,G-MB-Q-EC,Gaica,Gaica mbd,2013-11-19,13-14,2013,11,19,323,99,08:00:00,00:00:00,1,8,7,Late,3,1,"Ronald Fernandez-Gomez, Yuri Rosero-Mora",NA,NA,NA,62.47600391772771,20.9
G-MB-Q-EC_05,MB-Q-EC_05,G-MB-Q-EC,Gaica,Gaica mbd,2013-11-20,13-14,2013,11,20,324,100,07:45:00,00:00:00,1,8,8,Late,4,1,"Ronald Fernandez-Gomez, Yuri Rosero-Mora",NA,NA,NA,62.47600391772771,20.9
G-MB-Q-EC_06,MB-Q-EC_06,G-MB-Q-EC,Gaica,Gaica mbd,2013-08-03,13-14,2013,8,3,215,72,08:45:00,00:00:00,1,8,1,Early,1,1,"Ronald Fernandez-Gomez, Yuri Rosero-Mora",NA,NA,NA,61.00589390962672,22.6
G-MB-Q-EC_06,MB-Q-EC_06,G-MB-Q-EC,Gaica,Gaica mbd,2013-08-04,13-14,2013,8,4,216,73,07:56:00,00:00:00,1,8,2,Early,2,1,"Ronald Fernandez-Gomez, Yuri Rosero-Mora",NA,NA,NA,61.00589390962672,22.6
G-MB-Q-EC_06,MB-Q-EC_06,G-MB-Q-EC,Gaica,Gaica mbd,2013-08-05,13-14,2013,8,5,217,74,08:10:00,00:00:00,1,8,3,Early,3,1,"Ronald Fernandez-Gomez, Yuri Rosero-Mora",NA,NA,NA,61.00589390962672,22.6
G-MB-Q-EC_06,MB-Q-EC_06,G-MB-Q-EC,Gaica,Gaica mbd,2013-08-06,13-14,2013,8,6,218,75,08:15:00,00:00:00,1,8,4,Early,4,1,"Ronald Fernandez-Gomez, Yuri Rosero-Mora",NA,NA,NA,61.00589390962672,22.6
G-MB-Q-EC_06,MB-Q-EC_06,G-MB-Q-EC,Gaica,Gaica mbd,2013-11-17,13-14,2013,11,17,321,97,07:52:00,00:00:00,1,8,5,Late,1,1,"Ronald Fernandez-Gomez, Yuri Rosero-Mora",NA,NA,NA,61.00589390962672,22.6
G-MB-Q-EC_06,MB-Q-EC_06,G-MB-Q-EC,Gaica,Gaica mbd,2013-11-18,13-14,2013,11,18,322,98,08:15:00,00:00:00,1,8,6,Late,2,1,"Ronald Fernandez-Gomez, Yuri Rosero-Mora",NA,NA,NA,61.00589390962672,22.6
G-MB-Q-EC_06,MB-Q-EC_06,G-MB-Q-EC,Gaica,Gaica mbd,2013-11-19,13-14,2013,11,19,323,99,08:20:00,00:00:00,1,8,7,Late,3,1,"Ronald Fernandez-Gomez, Yuri Rosero-Mora",NA,NA,NA,61.00589390962672,22.6
G-MB-Q-EC_06,MB-Q-EC_06,G-MB-Q-EC,Gaica,Gaica mbd,2013-11-20,13-14,2013,11,20,324,100,08:10:00,00:00:00,1,8,8,Late,4,1,"Ronald Fernandez-Gomez, Yuri Rosero-Mora",NA,NA,NA,61.00589390962672,22.6
G-MB-Q-EC_07,MB-Q-EC_07,G-MB-Q-EC,Gaica,Gaica mbd,2017-08-02,16-17,2017,8,2,214,13,09:05:00,00:00:00,1,3,1,Early,1,1,"Yuri Rosero-Mora, Robert Rodriguez",NA,NA,NA,57.76399803536346,25.3
G-MB-Q-EC_07,MB-Q-EC_07,G-MB-Q-EC,Gaica,Gaica mbd,2017-08-03,16-17,2017,8,3,215,14,06:15:00,00:00:00,1,3,2,Early,2,1,"Yuri Rosero-Mora, Robert Rodriguez",NA,NA,NA,57.76399803536346,25.3
G-MB-Q-EC_07,MB-Q-EC_07,G-MB-Q-EC,Gaica,Gaica mbd,2017-08-04,16-17,2017,8,4,216,15,06:00:00,00:00:00,1,3,3,Early,3,1,"Yuri Rosero-Mora, Robert Rodriguez",NA,NA,NA,57.76399803536346,25.3
G-MB-Q-EC_08,MB-Q-EC_08,G-MB-Q-EC,Gaica,Gaica mbd,2017-08-02,16-17,2017,8,2,214,13,06:23:00,00:00:00,1,3,1,Early,1,1,"Yuri Rosero-Mora, Robert Rodriguez",NA,NA,NA,58.14331210191083,24.5
G-MB-Q-EC_08,MB-Q-EC_08,G-MB-Q-EC,Gaica,Gaica mbd,2017-08-03,16-17,2017,8,3,215,14,06:35:00,00:00:00,1,3,2,Early,2,1,"Yuri Rosero-Mora, Robert Rodriguez",NA,NA,NA,58.14331210191083,24.5
G-MB-Q-EC_08,MB-Q-EC_08,G-MB-Q-EC,Gaica,Gaica mbd,2017-08-04,16-17,2017,8,4,216,15,06:02:00,00:00:00,1,3,3,Early,3,1,"Yuri Rosero-Mora, Robert Rodriguez",NA,NA,NA,58.14331210191083,24.5
G-MB-Q-EC_09,MB-Q-EC_09,G-MB-Q-EC,Gaica,Gaica mbd,2017-08-02,16-17,2017,8,2,214,13,06:46:00,00:00:00,1,3,1,Early,1,1,"Yuri Rosero-Mora, Robert Rodriguez",NA,NA,NA,57.75,14.1
G-MB-Q-EC_09,MB-Q-EC_09,G-MB-Q-EC,Gaica,Gaica mbd,2017-08-03,16-17,2017,8,3,215,14,06:50:00,00:00:00,1,3,2,Early,2,1,"Yuri Rosero-Mora, Robert Rodriguez",NA,NA,NA,57.75,14.1
G-MB-Q-EC_09,MB-Q-EC_09,G-MB-Q-EC,Gaica,Gaica mbd,2017-08-04,16-17,2017,8,4,216,15,06:25:00,00:00:00,1,3,3,Early,3,1,"Yuri Rosero-Mora, Robert Rodriguez",NA,NA,NA,57.75,14.1
G-MB-Q-EC_10,MB-Q-EC_10,G-MB-Q-EC,Gaica,Gaica mbd,2017-08-02,16-17,2017,8,2,214,13,07:20:00,00:00:00,1,3,1,Early,1,1,"Yuri Rosero-Mora, Robert Rodriguez",NA,NA,NA,57.50024485798237,18.6
G-MB-Q-EC_10,MB-Q-EC_10,G-MB-Q-EC,Gaica,Gaica mbd,2017-08-03,16-17,2017,8,3,215,14,07:10:00,00:00:00,1,3,2,Early,2,1,"Yuri Rosero-Mora, Robert Rodriguez",NA,NA,NA,57.50024485798237,18.6
G-MB-Q-EC_10,MB-Q-EC_10,G-MB-Q-EC,Gaica,Gaica mbd,2017-08-04,16-17,2017,8,4,216,15,06:45:00,00:00:00,1,3,3,Early,3,1,"Yuri Rosero-Mora, Robert Rodriguez",NA,NA,NA,57.50024485798237,18.6
G-MB-Q-EC_11,MB-Q-EC_11,G-MB-Q-EC,Gaica,Gaica mbd,2017-08-02,16-17,2017,8,2,214,13,07:45:00,00:00:00,1,3,1,Early,1,1,"Yuri Rosero-Mora, Robert Rodriguez",NA,NA,NA,59.79323860852523,19.6
G-MB-Q-EC_11,MB-Q-EC_11,G-MB-Q-EC,Gaica,Gaica mbd,2017-08-03,16-17,2017,8,3,215,14,07:35:00,00:00:00,1,3,2,Early,2,1,"Yuri Rosero-Mora, Robert Rodriguez",NA,NA,NA,59.79323860852523,19.6
G-MB-Q-EC_11,MB-Q-EC_11,G-MB-Q-EC,Gaica,Gaica mbd,2017-08-04,16-17,2017,8,4,216,15,07:15:00,00:00:00,1,3,3,Early,3,1,"Yuri Rosero-Mora, Robert Rodriguez",NA,NA,NA,59.79323860852523,19.6
G-MB-Q-EC_12,MB-Q-EC_12,G-MB-Q-EC,Gaica,Gaica mbd,2017-08-02,16-17,2017,8,2,214,13,08:45:00,00:00:00,1,3,1,Early,1,1,"Yuri Rosero-Mora, Robert Rodriguez",NA,NA,NA,61.71022309389557,26.1
G-MB-Q-EC_12,MB-Q-EC_12,G-MB-Q-EC,Gaica,Gaica mbd,2017-08-03,16-17,2017,8,3,215,14,07:50:00,00:00:00,1,3,2,Early,2,1,"Yuri Rosero-Mora, Robert Rodriguez",NA,NA,NA,61.71022309389557,26.1
G-MB-Q-EC_12,MB-Q-EC_12,G-MB-Q-EC,Gaica,Gaica mbd,2017-08-04,16-17,2017,8,4,216,15,07:54:00,00:00:00,1,3,3,Early,3,1,"Yuri Rosero-Mora, Robert Rodriguez",NA,NA,NA,61.71022309389557,26.1
G-MB-Q-JB_01,MB-Q-JB_01,G-MB-Q-JB,Gaica,Gaica mbd,2017-07-24,16-17,2017,7,24,205,4,06:15:00,00:00:00,1,3,1,Early,1,1,"Yuri Rosero-Mora, Robert Rodriguez",NA,NA,NA,40.324901768172886,16.7
G-MB-Q-JB_01,MB-Q-JB_01,G-MB-Q-JB,Gaica,Gaica mbd,2017-07-25,16-17,2017,7,25,206,5,06:15:00,00:00:00,1,3,2,Early,2,1,"Yuri Rosero-Mora, Robert Rodriguez",NA,NA,NA,40.324901768172886,16.7
G-MB-Q-JB_01,MB-Q-JB_01,G-MB-Q-JB,Gaica,Gaica mbd,2017-07-26,16-17,2017,7,26,207,6,06:05:00,00:00:00,1,3,3,Early,3,1,"Yuri Rosero-Mora, Robert Rodriguez",NA,NA,NA,40.324901768172886,16.7
G-MB-Q-JB_02,MB-Q-JB_02,G-MB-Q-JB,Gaica,Gaica mbd,2017-07-24,16-17,2017,7,24,205,4,06:35:00,00:00:00,1,3,1,Early,1,1,"Yuri Rosero-Mora, Robert Rodriguez",NA,NA,NA,42.128795298726736,13.6
G-MB-Q-JB_02,MB-Q-JB_02,G-MB-Q-JB,Gaica,Gaica mbd,2017-07-25,16-17,2017,7,25,206,5,06:30:00,00:00:00,1,3,2,Early,2,1,"Yuri Rosero-Mora, Robert Rodriguez",NA,NA,NA,42.128795298726736,13.6
G-MB-Q-JB_02,MB-Q-JB_02,G-MB-Q-JB,Gaica,Gaica mbd,2017-07-26,16-17,2017,7,26,207,6,06:45:00,00:00:00,1,3,3,Early,3,1,"Yuri Rosero-Mora, Robert Rodriguez",NA,NA,NA,42.128795298726736,13.6
G-MB-Q-JB_03,MB-Q-JB_03,G-MB-Q-JB,Gaica,Gaica mbd,2017-07-24,16-17,2017,7,24,205,4,06:50:00,00:00:00,1,3,1,Early,1,1,"Yuri Rosero-Mora, Robert Rodriguez",NA,NA,NA,42.56335952848723,13.9
G-MB-Q-JB_03,MB-Q-JB_03,G-MB-Q-JB,Gaica,Gaica mbd,2017-07-25,16-17,2017,7,25,206,5,06:45:00,00:00:00,1,3,2,Early,2,1,"Yuri Rosero-Mora, Robert Rodriguez",NA,NA,NA,42.56335952848723,13.9
G-MB-Q-JB_03,MB-Q-JB_03,G-MB-Q-JB,Gaica,Gaica mbd,2017-07-26,16-17,2017,7,26,207,6,06:25:00,00:00:00,1,3,3,Early,3,1,"Yuri Rosero-Mora, Robert Rodriguez",NA,NA,NA,42.56335952848723,13.9
G-MB-Q-JB_04,MB-Q-JB_04,G-MB-Q-JB,Gaica,Gaica mbd,2017-07-24,16-17,2017,7,24,205,4,07:07:00,00:00:00,1,3,1,Early,1,1,"Yuri Rosero-Mora, Robert Rodriguez",NA,NA,NA,43.086295660701154,16
G-MB-Q-JB_04,MB-Q-JB_04,G-MB-Q-JB,Gaica,Gaica mbd,2017-07-25,16-17,2017,7,25,206,5,07:00:00,00:00:00,1,3,2,Early,2,1,"Yuri Rosero-Mora, Robert Rodriguez",NA,NA,NA,43.086295660701154,16
G-MB-Q-JB_04,MB-Q-JB_04,G-MB-Q-JB,Gaica,Gaica mbd,2017-07-26,16-17,2017,7,26,207,6,06:30:00,00:00:00,1,3,3,Early,3,1,"Yuri Rosero-Mora, Robert Rodriguez",NA,NA,NA,43.086295660701154,16
G-MB-Q-JB_05,MB-Q-JB_05,G-MB-Q-JB,Gaica,Gaica mbd,2017-07-24,16-17,2017,7,24,205,4,07:25:00,00:00:00,1,3,1,Early,1,1,"Yuri Rosero-Mora, Robert Rodriguez",NA,NA,NA,44.237022526934375,24.2
G-MB-Q-JB_05,MB-Q-JB_05,G-MB-Q-JB,Gaica,Gaica mbd,2017-07-25,16-17,2017,7,25,206,5,07:18:00,00:00:00,1,3,2,Early,2,1,"Yuri Rosero-Mora, Robert Rodriguez",NA,NA,NA,44.237022526934375,24.2
G-MB-Q-JB_05,MB-Q-JB_05,G-MB-Q-JB,Gaica,Gaica mbd,2017-07-26,16-17,2017,7,26,207,6,06:47:00,00:00:00,1,3,3,Early,3,1,"Yuri Rosero-Mora, Robert Rodriguez",NA,NA,NA,44.237022526934375,24.2
G-MB-Q-JB_06,MB-Q-JB_06,G-MB-Q-JB,Gaica,Gaica mbd,2017-07-24,16-17,2017,7,24,205,4,07:45:00,00:00:00,1,3,1,Early,1,1,"Yuri Rosero-Mora, Robert Rodriguez",NA,NA,NA,44.60019646365422,19
G-MB-Q-JB_06,MB-Q-JB_06,G-MB-Q-JB,Gaica,Gaica mbd,2017-07-25,16-17,2017,7,25,206,5,07:30:00,00:00:00,1,3,2,Early,2,1,"Yuri Rosero-Mora, Robert Rodriguez",NA,NA,NA,44.60019646365422,19
G-MB-Q-JB_06,MB-Q-JB_06,G-MB-Q-JB,Gaica,Gaica mbd,2017-07-26,16-17,2017,7,26,207,6,07:10:00,00:00:00,1,3,3,Early,3,1,"Yuri Rosero-Mora, Robert Rodriguez",NA,NA,NA,44.60019646365422,19
G-MB-Q-LA_01,MB-Q-LA_01,G-MB-Q-LA,Gaica,Gaica mbd,2013-08-15,13-14,2013,8,15,227,3,08:04:00,00:00:00,1,8,1,Early,1,1,"Ronald Fernandez-Gomez, Yuri Rosero-Mora",NA,NA,NA,46.98921304241236,15.9
G-MB-Q-LA_01,MB-Q-LA_01,G-MB-Q-LA,Gaica,Gaica mbd,2013-08-16,13-14,2013,8,16,228,4,07:05:00,00:00:00,1,8,2,Early,2,1,"Ronald Fernandez-Gomez, Yuri Rosero-Mora",NA,NA,NA,46.98921304241236,15.9
G-MB-Q-LA_01,MB-Q-LA_01,G-MB-Q-LA,Gaica,Gaica mbd,2013-08-17,13-14,2013,8,17,229,5,07:19:00,00:00:00,1,8,3,Early,3,1,"Ronald Fernandez-Gomez, Yuri Rosero-Mora",NA,NA,NA,46.98921304241236,15.9
G-MB-Q-LA_01,MB-Q-LA_01,G-MB-Q-LA,Gaica,Gaica mbd,2013-08-18,13-14,2013,8,18,230,6,08:05:00,00:00:00,1,8,4,Early,4,1,"Ronald Fernandez-Gomez, Yuri Rosero-Mora",NA,NA,NA,46.98921304241236,15.9
G-MB-Q-LA_01,MB-Q-LA_01,G-MB-Q-LA,Gaica,Gaica mbd,2013-11-09,13-14,2013,11,9,313,89,08:08:00,00:00:00,1,8,5,Late,1,1,"Ronald Fernandez-Gomez, Yuri Rosero-Mora",NA,NA,NA,46.98921304241236,15.9
G-MB-Q-LA_01,MB-Q-LA_01,G-MB-Q-LA,Gaica,Gaica mbd,2013-11-10,13-14,2013,11,10,314,90,08:13:00,00:00:00,1,8,6,Late,2,1,"Ronald Fernandez-Gomez, Yuri Rosero-Mora",NA,NA,NA,46.98921304241236,15.9
G-MB-Q-LA_01,MB-Q-LA_01,G-MB-Q-LA,Gaica,Gaica mbd,2013-11-11,13-14,2013,11,11,315,91,07:25:00,00:00:00,1,8,7,Late,3,1,"Ronald Fernandez-Gomez, Yuri Rosero-Mora",NA,NA,NA,46.98921304241236,15.9
G-MB-Q-LA_01,MB-Q-LA_01,G-MB-Q-LA,Gaica,Gaica mbd,2013-11-12,13-14,2013,11,12,316,92,07:20:00,00:00:00,1,8,8,Late,4,1,"Ronald Fernandez-Gomez, Yuri Rosero-Mora",NA,NA,NA,46.98921304241236,15.9
G-MB-Q-LA_02,MB-Q-LA_02,G-MB-Q-LA,Gaica,Gaica mbd,2013-08-15,13-14,2013,8,15,227,3,07:37:00,00:00:00,1,8,1,Early,1,1,"Ronald Fernandez-Gomez, Yuri Rosero-Mora",NA,NA,NA,45.662662417259135,15.2
G-MB-Q-LA_02,MB-Q-LA_02,G-MB-Q-LA,Gaica,Gaica mbd,2013-08-16,13-14,2013,8,16,228,4,06:45:00,00:00:00,1,8,2,Early,2,1,"Ronald Fernandez-Gomez, Yuri Rosero-Mora",NA,NA,NA,45.662662417259135,15.2
G-MB-Q-LA_02,MB-Q-LA_02,G-MB-Q-LA,Gaica,Gaica mbd,2013-08-17,13-14,2013,8,17,229,5,06:58:00,00:00:00,1,8,3,Early,3,1,"Ronald Fernandez-Gomez, Yuri Rosero-Mora",NA,NA,NA,45.662662417259135,15.2
G-MB-Q-LA_02,MB-Q-LA_02,G-MB-Q-LA,Gaica,Gaica mbd,2013-08-18,13-14,2013,8,18,230,6,07:40:00,00:00:00,1,8,4,Early,4,1,"Ronald Fernandez-Gomez, Yuri Rosero-Mora",NA,NA,NA,45.662662417259135,15.2
G-MB-Q-LA_02,MB-Q-LA_02,G-MB-Q-LA,Gaica,Gaica mbd,2013-11-09,13-14,2013,11,9,313,89,07:50:00,00:00:00,1,8,5,Late,1,1,"Ronald Fernandez-Gomez, Yuri Rosero-Mora",NA,NA,NA,45.662662417259135,15.2
G-MB-Q-LA_02,MB-Q-LA_02,G-MB-Q-LA,Gaica,Gaica mbd,2013-11-10,13-14,2013,11,10,314,90,07:49:00,00:00:00,1,8,6,Late,2,1,"Ronald Fernandez-Gomez, Yuri Rosero-Mora",NA,NA,NA,45.662662417259135,15.2
G-MB-Q-LA_02,MB-Q-LA_02,G-MB-Q-LA,Gaica,Gaica mbd,2013-11-11,13-14,2013,11,11,315,91,07:03:00,00:00:00,1,8,7,Late,3,1,"Ronald Fernandez-Gomez, Yuri Rosero-Mora",NA,NA,NA,45.662662417259135,15.2
G-MB-Q-LA_02,MB-Q-LA_02,G-MB-Q-LA,Gaica,Gaica mbd,2013-11-12,13-14,2013,11,12,316,92,06:57:00,00:00:00,1,8,8,Late,4,1,"Ronald Fernandez-Gomez, Yuri Rosero-Mora",NA,NA,NA,45.662662417259135,15.2
G-MB-Q-LA_03,MB-Q-LA_03,G-MB-Q-LA,Gaica,Gaica mbd,2013-08-15,13-14,2013,8,15,227,3,07:18:00,00:00:00,1,8,1,Early,1,1,"Ronald Fernandez-Gomez, Yuri Rosero-Mora",NA,NA,NA,44.34811366976973,15.2
G-MB-Q-LA_03,MB-Q-LA_03,G-MB-Q-LA,Gaica,Gaica mbd,2013-08-16,13-14,2013,8,16,228,4,06:25:00,00:00:00,1,8,2,Early,2,1,"Ronald Fernandez-Gomez, Yuri Rosero-Mora",NA,NA,NA,44.34811366976973,15.2
G-MB-Q-LA_03,MB-Q-LA_03,G-MB-Q-LA,Gaica,Gaica mbd,2013-08-17,13-14,2013,8,17,229,5,06:38:00,00:00:00,1,8,3,Early,3,1,"Ronald Fernandez-Gomez, Yuri Rosero-Mora",NA,NA,NA,44.34811366976973,15.2
G-MB-Q-LA_03,MB-Q-LA_03,G-MB-Q-LA,Gaica,Gaica mbd,2013-08-18,13-14,2013,8,18,230,6,07:20:00,00:00:00,1,8,4,Early,4,1,"Ronald Fernandez-Gomez, Yuri Rosero-Mora",NA,NA,NA,44.34811366976973,15.2
G-MB-Q-LA_03,MB-Q-LA_03,G-MB-Q-LA,Gaica,Gaica mbd,2013-11-09,13-14,2013,11,9,313,89,07:30:00,00:00:00,1,8,5,Late,1,1,"Ronald Fernandez-Gomez, Yuri Rosero-Mora",NA,NA,NA,44.34811366976973,15.2
G-MB-Q-LA_03,MB-Q-LA_03,G-MB-Q-LA,Gaica,Gaica mbd,2013-11-10,13-14,2013,11,10,314,90,07:27:00,00:00:00,1,8,6,Late,2,1,"Ronald Fernandez-Gomez, Yuri Rosero-Mora",NA,NA,NA,44.34811366976973,15.2
G-MB-Q-LA_03,MB-Q-LA_03,G-MB-Q-LA,Gaica,Gaica mbd,2013-11-11,13-14,2013,11,11,315,91,06:39:00,00:00:00,1,8,7,Late,3,1,"Ronald Fernandez-Gomez, Yuri Rosero-Mora",NA,NA,NA,44.34811366976973,15.2
G-MB-Q-LA_03,MB-Q-LA_03,G-MB-Q-LA,Gaica,Gaica mbd,2013-11-12,13-14,2013,11,12,316,92,06:39:00,00:00:00,1,8,8,Late,4,1,"Ronald Fernandez-Gomez, Yuri Rosero-Mora",NA,NA,NA,44.34811366976973,15.2
G-MB-Q-LA_04,MB-Q-LA_04,G-MB-Q-LA,Gaica,Gaica mbd,2013-08-15,13-14,2013,8,15,227,3,06:02:00,00:00:00,1,8,1,Early,1,1,"Ronald Fernandez-Gomez, Yuri Rosero-Mora",NA,NA,NA,43.54115629593337,14.3
G-MB-Q-LA_04,MB-Q-LA_04,G-MB-Q-LA,Gaica,Gaica mbd,2013-08-16,13-14,2013,8,16,228,4,06:05:00,00:00:00,1,8,2,Early,2,1,"Ronald Fernandez-Gomez, Yuri Rosero-Mora",NA,NA,NA,43.54115629593337,14.3
G-MB-Q-LA_04,MB-Q-LA_04,G-MB-Q-LA,Gaica,Gaica mbd,2013-08-17,13-14,2013,8,17,229,5,06:10:00,00:00:00,1,8,3,Early,3,1,"Ronald Fernandez-Gomez, Yuri Rosero-Mora",NA,NA,NA,43.54115629593337,14.3
G-MB-Q-LA_04,MB-Q-LA_04,G-MB-Q-LA,Gaica,Gaica mbd,2013-08-18,13-14,2013,8,18,230,6,06:06:00,00:00:00,1,8,4,Early,4,1,"Ronald Fernandez-Gomez, Yuri Rosero-Mora",NA,NA,NA,43.54115629593337,14.3
G-MB-Q-LA_04,MB-Q-LA_04,G-MB-Q-LA,Gaica,Gaica mbd,2013-11-09,13-14,2013,11,9,313,89,07:10:00,00:00:00,1,8,5,Late,1,1,"Ronald Fernandez-Gomez, Yuri Rosero-Mora",NA,NA,NA,43.54115629593337,14.3
G-MB-Q-LA_04,MB-Q-LA_04,G-MB-Q-LA,Gaica,Gaica mbd,2013-11-10,13-14,2013,11,10,314,90,06:15:00,00:00:00,1,8,6,Late,2,1,"Ronald Fernandez-Gomez, Yuri Rosero-Mora",NA,NA,NA,43.54115629593337,14.3
G-MB-Q-LA_04,MB-Q-LA_04,G-MB-Q-LA,Gaica,Gaica mbd,2013-11-11,13-14,2013,11,11,315,91,06:17:00,00:00:00,1,8,7,Late,3,1,"Ronald Fernandez-Gomez, Yuri Rosero-Mora",NA,NA,NA,43.54115629593337,14.3
G-MB-Q-LA_04,MB-Q-LA_04,G-MB-Q-LA,Gaica,Gaica mbd,2013-11-12,13-14,2013,11,12,316,92,06:12:00,00:00:00,1,8,8,Late,4,1,"Ronald Fernandez-Gomez, Yuri Rosero-Mora",NA,NA,NA,43.54115629593337,14.3
G-MB-Q-LA_05,MB-Q-LA_05,G-MB-Q-LA,Gaica,Gaica mbd,2013-08-15,13-14,2013,8,15,227,3,06:24:00,00:00:00,1,8,1,Early,1,1,"Ronald Fernandez-Gomez, Yuri Rosero-Mora",NA,NA,NA,43.65124816446402,15.9
G-MB-Q-LA_05,MB-Q-LA_05,G-MB-Q-LA,Gaica,Gaica mbd,2013-08-16,13-14,2013,8,16,228,4,07:47:00,00:00:00,1,8,2,Early,2,1,"Ronald Fernandez-Gomez, Yuri Rosero-Mora",NA,NA,NA,43.65124816446402,15.9
G-MB-Q-LA_05,MB-Q-LA_05,G-MB-Q-LA,Gaica,Gaica mbd,2013-08-17,13-14,2013,8,17,229,5,07:58:00,00:00:00,1,8,3,Early,3,1,"Ronald Fernandez-Gomez, Yuri Rosero-Mora",NA,NA,NA,43.65124816446402,15.9
G-MB-Q-LA_05,MB-Q-LA_05,G-MB-Q-LA,Gaica,Gaica mbd,2013-08-18,13-14,2013,8,18,230,6,06:26:00,00:00:00,1,8,4,Early,4,1,"Ronald Fernandez-Gomez, Yuri Rosero-Mora",NA,NA,NA,43.65124816446402,15.9
G-MB-Q-LA_05,MB-Q-LA_05,G-MB-Q-LA,Gaica,Gaica mbd,2013-11-09,13-14,2013,11,9,313,89,06:45:00,00:00:00,1,8,5,Late,1,1,"Ronald Fernandez-Gomez, Yuri Rosero-Mora",NA,NA,NA,43.65124816446402,15.9
G-MB-Q-LA_05,MB-Q-LA_05,G-MB-Q-LA,Gaica,Gaica mbd,2013-11-10,13-14,2013,11,10,314,90,06:40:00,00:00:00,1,8,6,Late,2,1,"Ronald Fernandez-Gomez, Yuri Rosero-Mora",NA,NA,NA,43.65124816446402,15.9
G-MB-Q-LA_05,MB-Q-LA_05,G-MB-Q-LA,Gaica,Gaica mbd,2013-11-11,13-14,2013,11,11,315,91,07:52:00,00:00:00,1,8,7,Late,3,1,"Ronald Fernandez-Gomez, Yuri Rosero-Mora",NA,NA,NA,43.65124816446402,15.9
G-MB-Q-LA_05,MB-Q-LA_05,G-MB-Q-LA,Gaica,Gaica mbd,2013-11-12,13-14,2013,11,12,316,92,07:48:00,00:00:00,1,8,8,Late,4,1,"Ronald Fernandez-Gomez, Yuri Rosero-Mora",NA,NA,NA,43.65124816446402,15.9
G-MB-Q-LA_06,MB-Q-LA_06,G-MB-Q-LA,Gaica,Gaica mbd,2013-08-15,13-14,2013,8,15,227,3,06:45:00,00:00:00,1,8,1,Early,1,1,"Ronald Fernandez-Gomez, Yuri Rosero-Mora",NA,NA,NA,45.945423396965246,17.2
G-MB-Q-LA_06,MB-Q-LA_06,G-MB-Q-LA,Gaica,Gaica mbd,2013-08-16,13-14,2013,8,16,228,4,08:05:00,00:00:00,1,8,2,Early,2,1,"Ronald Fernandez-Gomez, Yuri Rosero-Mora",NA,NA,NA,45.945423396965246,17.2
G-MB-Q-LA_06,MB-Q-LA_06,G-MB-Q-LA,Gaica,Gaica mbd,2013-08-17,13-14,2013,8,17,229,5,08:22:00,00:00:00,1,8,3,Early,3,1,"Ronald Fernandez-Gomez, Yuri Rosero-Mora",NA,NA,NA,45.945423396965246,17.2
G-MB-Q-LA_06,MB-Q-LA_06,G-MB-Q-LA,Gaica,Gaica mbd,2013-08-18,13-14,2013,8,18,230,6,06:46:00,00:00:00,1,8,4,Early,4,1,"Ronald Fernandez-Gomez, Yuri Rosero-Mora",NA,NA,NA,45.945423396965246,17.2
G-MB-Q-LA_06,MB-Q-LA_06,G-MB-Q-LA,Gaica,Gaica mbd,2013-11-09,13-14,2013,11,9,313,89,06:23:00,00:00:00,1,8,5,Late,1,1,"Ronald Fernandez-Gomez, Yuri Rosero-Mora",NA,NA,NA,45.945423396965246,17.2
G-MB-Q-LA_06,MB-Q-LA_06,G-MB-Q-LA,Gaica,Gaica mbd,2013-11-10,13-14,2013,11,10,314,90,07:00:00,00:00:00,1,8,6,Late,2,1,"Ronald Fernandez-Gomez, Yuri Rosero-Mora",NA,NA,NA,45.945423396965246,17.2
G-MB-Q-LA_06,MB-Q-LA_06,G-MB-Q-LA,Gaica,Gaica mbd,2013-11-11,13-14,2013,11,11,315,91,08:12:00,00:00:00,1,8,7,Late,3,1,"Ronald Fernandez-Gomez, Yuri Rosero-Mora",NA,NA,NA,45.945423396965246,17.2
G-MB-Q-LA_06,MB-Q-LA_06,G-MB-Q-LA,Gaica,Gaica mbd,2013-11-12,13-14,2013,11,12,316,92,08:06:00,00:00:00,1,8,8,Late,4,1,"Ronald Fernandez-Gomez, Yuri Rosero-Mora",NA,NA,NA,45.945423396965246,17.2
G-MB-Q-LCA_01,MB-Q-LCA_01,G-MB-Q-LCA,Gaica,Gaica mbd,2013-08-11,13-14,2013,8,11,223,80,06:05:00,00:00:00,3,12,1,Early,1,1,"Ronald Fernandez-Gomez, Yuri Rosero-Mora",NA,NA,NA,53.070519098922624,19.7
G-MB-Q-LCA_01,MB-Q-LCA_01,G-MB-Q-LCA,Gaica,Gaica mbd,2013-08-12,13-14,2013,8,12,224,1,05:59:00,00:00:00,3,12,2,Early,2,1,"Ronald Fernandez-Gomez, Yuri Rosero-Mora",NA,NA,NA,53.070519098922624,19.7
G-MB-Q-LCA_01,MB-Q-LCA_01,G-MB-Q-LCA,Gaica,Gaica mbd,2013-08-13,13-14,2013,8,13,225,1,07:25:00,00:00:00,3,12,3,Early,3,1,"Ronald Fernandez-Gomez, Yuri Rosero-Mora",NA,NA,NA,53.070519098922624,19.7
G-MB-Q-LCA_01,MB-Q-LCA_01,G-MB-Q-LCA,Gaica,Gaica mbd,2013-08-14,13-14,2013,8,14,226,2,06:02:00,00:00:00,3,12,4,Early,4,1,"Ronald Fernandez-Gomez, Yuri Rosero-Mora",NA,NA,NA,53.070519098922624,19.7
G-MB-Q-LCA_01,MB-Q-LCA_01,G-MB-Q-LCA,Gaica,Gaica mbd,2013-11-05,13-14,2013,11,5,309,85,05:50:00,00:00:00,3,12,5,Late,1,1,"Ronald Fernandez-Gomez, Yuri Rosero-Mora",NA,NA,NA,53.070519098922624,19.7
G-MB-Q-LCA_01,MB-Q-LCA_01,G-MB-Q-LCA,Gaica,Gaica mbd,2013-11-06,13-14,2013,11,6,310,86,06:00:00,00:00:00,3,12,6,Late,2,1,"Ronald Fernandez-Gomez, Yuri Rosero-Mora",NA,NA,NA,53.070519098922624,19.7
G-MB-Q-LCA_01,MB-Q-LCA_01,G-MB-Q-LCA,Gaica,Gaica mbd,2013-11-07,13-14,2013,11,7,311,87,06:00:00,00:00:00,3,12,7,Late,3,1,"Ronald Fernandez-Gomez, Yuri Rosero-Mora",NA,NA,NA,53.070519098922624,19.7
G-MB-Q-LCA_01,MB-Q-LCA_01,G-MB-Q-LCA,Gaica,Gaica mbd,2013-11-08,13-14,2013,11,8,312,88,06:12:00,00:00:00,3,12,8,Late,4,1,"Ronald Fernandez-Gomez, Yuri Rosero-Mora",NA,NA,NA,53.070519098922624,19.7
G-MB-Q-LCA_01,MB-Q-LCA_01,G-MB-Q-LCA,Gaica,Gaica mbd,2017-07-21,16-17,2017,7,21,202,1,06:05:00,00:00:00,3,12,1,Early,1,1,"Yuri Rosero-Mora, Robert Rodriguez",NA,NA,NA,55.253428011753186,19.7
G-MB-Q-LCA_01,MB-Q-LCA_01,G-MB-Q-LCA,Gaica,Gaica mbd,2017-07-22,16-17,2017,7,22,203,2,06:00:00,00:00:00,3,12,2,Early,2,1,"Yuri Rosero-Mora, Robert Rodriguez",NA,NA,NA,55.253428011753186,19.7
G-MB-Q-LCA_01,MB-Q-LCA_01,G-MB-Q-LCA,Gaica,Gaica mbd,2017-07-23,16-17,2017,7,23,204,3,05:54:00,00:00:00,3,12,3,Early,3,1,"Yuri Rosero-Mora, Robert Rodriguez",NA,NA,NA,55.253428011753186,19.7
G-MB-Q-LCA_01,MB-Q-LCA_01,G-MB-Q-LCA,Gaica,Gaica mbd,2017-07-24,16-17,2017,7,24,205,4,06:10:00,00:00:00,3,12,4,Early,4,1,"Yuri Rosero-Mora, Robert Rodriguez",NA,NA,NA,55.253428011753186,19.7
G-MB-Q-LCA_02,MB-Q-LCA_02,G-MB-Q-LCA,Gaica,Gaica mbd,2013-08-11,13-14,2013,8,11,223,80,06:38:00,00:00:00,3,12,1,Early,1,1,"Ronald Fernandez-Gomez, Yuri Rosero-Mora",NA,NA,NA,53.23431372549019,27.5
G-MB-Q-LCA_02,MB-Q-LCA_02,G-MB-Q-LCA,Gaica,Gaica mbd,2013-08-12,13-14,2013,8,12,224,1,06:25:00,00:00:00,3,12,2,Early,2,1,"Ronald Fernandez-Gomez, Yuri Rosero-Mora",NA,NA,NA,53.23431372549019,27.5
G-MB-Q-LCA_02,MB-Q-LCA_02,G-MB-Q-LCA,Gaica,Gaica mbd,2013-08-13,13-14,2013,8,13,225,1,07:49:00,00:00:00,3,12,3,Early,3,1,"Ronald Fernandez-Gomez, Yuri Rosero-Mora",NA,NA,NA,53.23431372549019,27.5
G-MB-Q-LCA_02,MB-Q-LCA_02,G-MB-Q-LCA,Gaica,Gaica mbd,2013-08-14,13-14,2013,8,14,226,2,06:30:00,00:00:00,3,12,4,Early,4,1,"Ronald Fernandez-Gomez, Yuri Rosero-Mora",NA,NA,NA,53.23431372549019,27.5
G-MB-Q-LCA_02,MB-Q-LCA_02,G-MB-Q-LCA,Gaica,Gaica mbd,2013-11-05,13-14,2013,11,5,309,85,06:19:00,00:00:00,3,12,5,Late,1,1,"Ronald Fernandez-Gomez, Yuri Rosero-Mora",NA,NA,NA,53.23431372549019,27.5
G-MB-Q-LCA_02,MB-Q-LCA_02,G-MB-Q-LCA,Gaica,Gaica mbd,2013-11-06,13-14,2013,11,6,310,86,06:30:00,00:00:00,3,12,6,Late,2,1,"Ronald Fernandez-Gomez, Yuri Rosero-Mora",NA,NA,NA,53.23431372549019,27.5
G-MB-Q-LCA_02,MB-Q-LCA_02,G-MB-Q-LCA,Gaica,Gaica mbd,2013-11-07,13-14,2013,11,7,311,87,06:25:00,00:00:00,3,12,7,Late,3,1,"Ronald Fernandez-Gomez, Yuri Rosero-Mora",NA,NA,NA,53.23431372549019,27.5
G-MB-Q-LCA_02,MB-Q-LCA_02,G-MB-Q-LCA,Gaica,Gaica mbd,2013-11-08,13-14,2013,11,8,312,88,06:25:00,00:00:00,3,12,8,Late,4,1,"Ronald Fernandez-Gomez, Yuri Rosero-Mora",NA,NA,NA,53.23431372549019,27.5
G-MB-Q-LCA_02,MB-Q-LCA_02,G-MB-Q-LCA,Gaica,Gaica mbd,2017-07-21,16-17,2017,7,21,202,1,06:30:00,00:00:00,3,12,1,Early,1,1,"Yuri Rosero-Mora, Robert Rodriguez",NA,NA,NA,55.48088235294118,27.5
G-MB-Q-LCA_02,MB-Q-LCA_02,G-MB-Q-LCA,Gaica,Gaica mbd,2017-07-22,16-17,2017,7,22,203,2,06:25:00,00:00:00,3,12,2,Early,2,1,"Yuri Rosero-Mora, Robert Rodriguez",NA,NA,NA,55.48088235294118,27.5
G-MB-Q-LCA_02,MB-Q-LCA_02,G-MB-Q-LCA,Gaica,Gaica mbd,2017-07-23,16-17,2017,7,23,204,3,06:20:00,00:00:00,3,12,3,Early,3,1,"Yuri Rosero-Mora, Robert Rodriguez",NA,NA,NA,55.48088235294118,27.5
G-MB-Q-LCA_02,MB-Q-LCA_02,G-MB-Q-LCA,Gaica,Gaica mbd,2017-07-24,16-17,2017,7,24,205,4,06:30:00,00:00:00,3,12,4,Early,4,1,"Yuri Rosero-Mora, Robert Rodriguez",NA,NA,NA,55.48088235294118,27.5
G-MB-Q-LCA_03,MB-Q-LCA_03,G-MB-Q-LCA,Gaica,Gaica mbd,2013-08-11,13-14,2013,8,11,223,80,07:12:00,00:00:00,2,12,1,Early,1,1,"Ronald Fernandez-Gomez, Yuri Rosero-Mora",NA,NA,NA,53.12230392156863,25.6
G-MB-Q-LCA_03,MB-Q-LCA_03,G-MB-Q-LCA,Gaica,Gaica mbd,2013-08-12,13-14,2013,8,12,224,1,06:48:00,00:00:00,2,12,2,Early,2,1,"Ronald Fernandez-Gomez, Yuri Rosero-Mora",NA,NA,NA,53.12230392156863,25.6
G-MB-Q-LCA_03,MB-Q-LCA_03,G-MB-Q-LCA,Gaica,Gaica mbd,2013-08-13,13-14,2013,8,13,225,1,08:13:00,00:00:00,2,12,3,Early,3,1,"Ronald Fernandez-Gomez, Yuri Rosero-Mora",NA,NA,NA,53.12230392156863,25.6
G-MB-Q-LCA_03,MB-Q-LCA_03,G-MB-Q-LCA,Gaica,Gaica mbd,2013-08-14,13-14,2013,8,14,226,2,06:53:00,00:00:00,2,12,4,Early,4,1,"Ronald Fernandez-Gomez, Yuri Rosero-Mora",NA,NA,NA,53.12230392156863,25.6
G-MB-Q-LCA_03,MB-Q-LCA_03,G-MB-Q-LCA,Gaica,Gaica mbd,2013-11-05,13-14,2013,11,5,309,85,06:45:00,00:00:00,2,12,5,Late,1,1,"Ronald Fernandez-Gomez, Yuri Rosero-Mora",NA,NA,NA,53.12230392156863,25.6
G-MB-Q-LCA_03,MB-Q-LCA_03,G-MB-Q-LCA,Gaica,Gaica mbd,2013-11-06,13-14,2013,11,6,310,86,06:52:00,00:00:00,2,12,6,Late,2,1,"Ronald Fernandez-Gomez, Yuri Rosero-Mora",NA,NA,NA,53.12230392156863,25.6
G-MB-Q-LCA_03,MB-Q-LCA_03,G-MB-Q-LCA,Gaica,Gaica mbd,2013-11-07,13-14,2013,11,7,311,87,06:48:00,00:00:00,2,12,7,Late,3,1,"Ronald Fernandez-Gomez, Yuri Rosero-Mora",NA,NA,NA,53.12230392156863,25.6
G-MB-Q-LCA_03,MB-Q-LCA_03,G-MB-Q-LCA,Gaica,Gaica mbd,2013-11-08,13-14,2013,11,8,312,88,06:47:00,00:00:00,2,12,8,Late,4,1,"Ronald Fernandez-Gomez, Yuri Rosero-Mora",NA,NA,NA,53.12230392156863,25.6
G-MB-Q-LCA_03,MB-Q-LCA_03,G-MB-Q-LCA,Gaica,Gaica mbd,2017-07-21,16-17,2017,7,21,202,1,06:53:00,00:00:00,2,12,1,Early,1,1,"Yuri Rosero-Mora, Robert Rodriguez",NA,NA,NA,55.29975490196078,25.6
G-MB-Q-LCA_03,MB-Q-LCA_03,G-MB-Q-LCA,Gaica,Gaica mbd,2017-07-22,16-17,2017,7,22,203,2,06:45:00,00:00:00,2,12,2,Early,2,1,"Yuri Rosero-Mora, Robert Rodriguez",NA,NA,NA,55.29975490196078,25.6
G-MB-Q-LCA_03,MB-Q-LCA_03,G-MB-Q-LCA,Gaica,Gaica mbd,2017-07-23,16-17,2017,7,23,204,3,07:05:00,00:00:00,2,12,3,Early,3,1,"Yuri Rosero-Mora, Robert Rodriguez",NA,NA,NA,55.29975490196078,25.6
G-MB-Q-LCA_03,MB-Q-LCA_03,G-MB-Q-LCA,Gaica,Gaica mbd,2017-07-24,16-17,2017,7,24,205,4,06:50:00,00:00:00,2,12,4,Early,4,1,"Yuri Rosero-Mora, Robert Rodriguez",NA,NA,NA,55.29975490196078,25.6
G-MB-Q-LCA_04,MB-Q-LCA_04,G-MB-Q-LCA,Gaica,Gaica mbd,2013-08-11,13-14,2013,8,11,223,80,07:44:00,00:00:00,1,8,1,Early,1,1,"Ronald Fernandez-Gomez, Yuri Rosero-Mora",NA,NA,NA,57.59356581532416,15.6
G-MB-Q-LCA_04,MB-Q-LCA_04,G-MB-Q-LCA,Gaica,Gaica mbd,2013-08-12,13-14,2013,8,12,224,1,07:23:00,00:00:00,1,8,2,Early,2,1,"Ronald Fernandez-Gomez, Yuri Rosero-Mora",NA,NA,NA,57.59356581532416,15.6
G-MB-Q-LCA_04,MB-Q-LCA_04,G-MB-Q-LCA,Gaica,Gaica mbd,2013-08-13,13-14,2013,8,13,225,1,08:52:00,00:00:00,1,8,3,Early,3,1,"Ronald Fernandez-Gomez, Yuri Rosero-Mora",NA,NA,NA,57.59356581532416,15.6
G-MB-Q-LCA_04,MB-Q-LCA_04,G-MB-Q-LCA,Gaica,Gaica mbd,2013-08-14,13-14,2013,8,14,226,2,07:27:00,00:00:00,1,8,4,Early,4,1,"Ronald Fernandez-Gomez, Yuri Rosero-Mora",NA,NA,NA,57.59356581532416,15.6
G-MB-Q-LCA_04,MB-Q-LCA_04,G-MB-Q-LCA,Gaica,Gaica mbd,2013-11-05,13-14,2013,11,5,309,85,07:25:00,00:00:00,1,8,5,Late,1,1,"Ronald Fernandez-Gomez, Yuri Rosero-Mora",NA,NA,NA,57.59356581532416,15.6
G-MB-Q-LCA_04,MB-Q-LCA_04,G-MB-Q-LCA,Gaica,Gaica mbd,2013-11-06,13-14,2013,11,6,310,86,07:30:00,00:00:00,1,8,6,Late,2,1,"Ronald Fernandez-Gomez, Yuri Rosero-Mora",NA,NA,NA,57.59356581532416,15.6
G-MB-Q-LCA_04,MB-Q-LCA_04,G-MB-Q-LCA,Gaica,Gaica mbd,2013-11-07,13-14,2013,11,7,311,87,07:22:00,00:00:00,1,8,7,Late,3,1,"Ronald Fernandez-Gomez, Yuri Rosero-Mora",NA,NA,NA,57.59356581532416,15.6
G-MB-Q-LCA_04,MB-Q-LCA_04,G-MB-Q-LCA,Gaica,Gaica mbd,2013-11-08,13-14,2013,11,8,312,88,07:22:00,00:00:00,1,8,8,Late,4,1,"Ronald Fernandez-Gomez, Yuri Rosero-Mora",NA,NA,NA,57.59356581532416,15.6
G-MB-Q-LCA_05,MB-Q-LCA_05,G-MB-Q-LCA,Gaica,Gaica mbd,2013-08-11,13-14,2013,8,11,223,80,08:39:00,00:00:00,1,8,1,Early,1,1,"Ronald Fernandez-Gomez, Yuri Rosero-Mora",NA,NA,NA,59.214635340186,26.6
G-MB-Q-LCA_05,MB-Q-LCA_05,G-MB-Q-LCA,Gaica,Gaica mbd,2013-08-12,13-14,2013,8,12,224,1,07:47:00,00:00:00,1,8,2,Early,2,1,"Ronald Fernandez-Gomez, Yuri Rosero-Mora",NA,NA,NA,59.214635340186,26.6
G-MB-Q-LCA_05,MB-Q-LCA_05,G-MB-Q-LCA,Gaica,Gaica mbd,2013-08-13,13-14,2013,8,13,225,1,09:49:00,00:00:00,1,8,3,Early,3,1,"Ronald Fernandez-Gomez, Yuri Rosero-Mora",NA,NA,NA,59.214635340186,26.6
G-MB-Q-LCA_05,MB-Q-LCA_05,G-MB-Q-LCA,Gaica,Gaica mbd,2013-08-14,13-14,2013,8,14,226,2,07:53:00,00:00:00,1,8,4,Early,4,1,"Ronald Fernandez-Gomez, Yuri Rosero-Mora",NA,NA,NA,59.214635340186,26.6
G-MB-Q-LCA_05,MB-Q-LCA_05,G-MB-Q-LCA,Gaica,Gaica mbd,2013-11-05,13-14,2013,11,5,309,85,08:40:00,00:00:00,1,8,5,Late,1,0,"Ronald Fernandez-Gomez, Yuri Rosero-Mora",NA,NA,NA,59.214635340186,26.6
G-MB-Q-LCA_05,MB-Q-LCA_05,G-MB-Q-LCA,Gaica,Gaica mbd,2013-11-06,13-14,2013,11,6,310,86,07:50:00,00:00:00,1,8,6,Late,2,1,"Ronald Fernandez-Gomez, Yuri Rosero-Mora",NA,NA,NA,59.214635340186,26.6
G-MB-Q-LCA_05,MB-Q-LCA_05,G-MB-Q-LCA,Gaica,Gaica mbd,2013-11-07,13-14,2013,11,7,311,87,07:44:00,00:00:00,1,8,7,Late,3,1,"Ronald Fernandez-Gomez, Yuri Rosero-Mora",NA,NA,NA,59.214635340186,26.6
G-MB-Q-LCA_05,MB-Q-LCA_05,G-MB-Q-LCA,Gaica,Gaica mbd,2013-11-08,13-14,2013,11,8,312,88,07:47:00,00:00:00,1,8,8,Late,4,1,"Ronald Fernandez-Gomez, Yuri Rosero-Mora",NA,NA,NA,59.214635340186,26.6
G-MB-Q-LCA_06,MB-Q-LCA_06,G-MB-Q-LCA,Gaica,Gaica mbd,2013-08-11,13-14,2013,8,11,223,80,09:10:00,00:00:00,1,8,1,Early,1,1,"Ronald Fernandez-Gomez, Yuri Rosero-Mora",NA,NA,NA,57.942387840156904,27.4
G-MB-Q-LCA_06,MB-Q-LCA_06,G-MB-Q-LCA,Gaica,Gaica mbd,2013-08-12,13-14,2013,8,12,224,1,08:11:00,00:00:00,1,8,2,Early,2,1,"Ronald Fernandez-Gomez, Yuri Rosero-Mora",NA,NA,NA,57.942387840156904,27.4
G-MB-Q-LCA_06,MB-Q-LCA_06,G-MB-Q-LCA,Gaica,Gaica mbd,2013-08-13,13-14,2013,8,13,225,1,10:15:00,00:00:00,1,8,3,Early,3,1,"Ronald Fernandez-Gomez, Yuri Rosero-Mora",NA,NA,NA,57.942387840156904,27.4
G-MB-Q-LCA_06,MB-Q-LCA_06,G-MB-Q-LCA,Gaica,Gaica mbd,2013-08-14,13-14,2013,8,14,226,2,08:15:00,00:00:00,1,8,4,Early,4,1,"Ronald Fernandez-Gomez, Yuri Rosero-Mora",NA,NA,NA,57.942387840156904,27.4
G-MB-Q-LCA_06,MB-Q-LCA_06,G-MB-Q-LCA,Gaica,Gaica mbd,2013-11-05,13-14,2013,11,5,309,85,08:12:00,00:00:00,1,8,5,Late,1,1,"Ronald Fernandez-Gomez, Yuri Rosero-Mora",NA,NA,NA,57.942387840156904,27.4
G-MB-Q-LCA_06,MB-Q-LCA_06,G-MB-Q-LCA,Gaica,Gaica mbd,2013-11-06,13-14,2013,11,6,310,86,08:20:00,00:00:00,1,8,6,Late,2,1,"Ronald Fernandez-Gomez, Yuri Rosero-Mora",NA,NA,NA,57.942387840156904,27.4
G-MB-Q-LCA_06,MB-Q-LCA_06,G-MB-Q-LCA,Gaica,Gaica mbd,2013-11-07,13-14,2013,11,7,311,87,08:05:00,00:00:00,1,8,7,Late,3,1,"Ronald Fernandez-Gomez, Yuri Rosero-Mora",NA,NA,NA,57.942387840156904,27.4
G-MB-Q-LCA_06,MB-Q-LCA_06,G-MB-Q-LCA,Gaica,Gaica mbd,2013-11-08,13-14,2013,11,8,312,88,08:10:00,00:00:00,1,8,8,Late,4,1,"Ronald Fernandez-Gomez, Yuri Rosero-Mora",NA,NA,NA,57.942387840156904,27.4
G-MB-Q-LCA_07,MB-Q-LCA_07,G-MB-Q-LCA,Gaica,Gaica mbd,2017-07-21,16-17,2017,7,21,202,1,07:27:00,00:00:00,1,4,1,Early,1,1,"Yuri Rosero-Mora, Robert Rodriguez",NA,NA,NA,57.12022526934378,27.8
G-MB-Q-LCA_07,MB-Q-LCA_07,G-MB-Q-LCA,Gaica,Gaica mbd,2017-07-22,16-17,2017,7,22,203,2,07:08:00,00:00:00,1,4,2,Early,2,1,"Yuri Rosero-Mora, Robert Rodriguez",NA,NA,NA,57.12022526934378,27.8
G-MB-Q-LCA_07,MB-Q-LCA_07,G-MB-Q-LCA,Gaica,Gaica mbd,2017-07-23,16-17,2017,7,23,204,3,07:40:00,00:00:00,1,4,3,Early,3,1,"Yuri Rosero-Mora, Robert Rodriguez",NA,NA,NA,57.12022526934378,27.8
G-MB-Q-LCA_07,MB-Q-LCA_07,G-MB-Q-LCA,Gaica,Gaica mbd,2017-07-24,16-17,2017,7,24,205,4,07:10:00,00:00:00,1,4,4,Early,4,1,"Yuri Rosero-Mora, Robert Rodriguez",NA,NA,NA,57.12022526934378,27.8
G-MB-Q-LCA_08,MB-Q-LCA_08,G-MB-Q-LCA,Gaica,Gaica mbd,2017-07-21,16-17,2017,7,21,202,1,07:15:00,00:00:00,1,4,1,Early,1,1,"Yuri Rosero-Mora, Robert Rodriguez",NA,NA,NA,58.46766291033807,28.1
G-MB-Q-LCA_08,MB-Q-LCA_08,G-MB-Q-LCA,Gaica,Gaica mbd,2017-07-22,16-17,2017,7,22,203,2,07:00:00,00:00:00,1,4,2,Early,2,1,"Yuri Rosero-Mora, Robert Rodriguez",NA,NA,NA,58.46766291033807,28.1
G-MB-Q-LCA_08,MB-Q-LCA_08,G-MB-Q-LCA,Gaica,Gaica mbd,2017-07-23,16-17,2017,7,23,204,3,08:15:00,00:00:00,1,4,3,Early,3,1,"Yuri Rosero-Mora, Robert Rodriguez",NA,NA,NA,58.46766291033807,28.1
G-MB-Q-LCA_08,MB-Q-LCA_08,G-MB-Q-LCA,Gaica,Gaica mbd,2017-07-24,16-17,2017,7,24,205,4,07:28:00,00:00:00,1,4,4,Early,4,1,"Yuri Rosero-Mora, Robert Rodriguez",NA,NA,NA,58.46766291033807,28.1
G-MB-Q-LCA_09,MB-Q-LCA_09,G-MB-Q-LCA,Gaica,Gaica mbd,2017-07-21,16-17,2017,7,21,202,1,06:55:00,00:00:00,1,4,1,Early,1,1,"Yuri Rosero-Mora, Robert Rodriguez",NA,NA,NA,60.691327780499755,27.3
G-MB-Q-LCA_09,MB-Q-LCA_09,G-MB-Q-LCA,Gaica,Gaica mbd,2017-07-22,16-17,2017,7,22,203,2,06:40:00,00:00:00,1,4,2,Early,2,1,"Yuri Rosero-Mora, Robert Rodriguez",NA,NA,NA,60.691327780499755,27.3
G-MB-Q-LCA_09,MB-Q-LCA_09,G-MB-Q-LCA,Gaica,Gaica mbd,2017-07-23,16-17,2017,7,23,204,3,08:35:00,00:00:00,1,4,3,Early,3,1,"Yuri Rosero-Mora, Robert Rodriguez",NA,NA,NA,60.691327780499755,27.3
G-MB-Q-LCA_09,MB-Q-LCA_09,G-MB-Q-LCA,Gaica,Gaica mbd,2017-07-24,16-17,2017,7,24,205,4,07:50:00,00:00:00,1,4,4,Early,4,1,"Yuri Rosero-Mora, Robert Rodriguez",NA,NA,NA,60.691327780499755,27.3
G-MB-Q-PORT_01,MB-Q-PORT_01,G-MB-Q-PORT,Gaica,Gaica mbd,2013-08-07,13-14,2013,8,7,219,76,05:50:00,00:00:00,3,12,1,Early,1,1,"Ronald Fernandez-Gomez, Yuri Rosero-Mora",NA,NA,NA,51.64520078354554,13
G-MB-Q-PORT_01,MB-Q-PORT_01,G-MB-Q-PORT,Gaica,Gaica mbd,2013-08-08,13-14,2013,8,8,220,77,05:50:00,00:00:00,3,12,2,Early,2,1,"Ronald Fernandez-Gomez, Yuri Rosero-Mora",NA,NA,NA,51.64520078354554,13
G-MB-Q-PORT_01,MB-Q-PORT_01,G-MB-Q-PORT,Gaica,Gaica mbd,2013-08-09,13-14,2013,8,9,221,78,05:50:00,00:00:00,3,12,3,Early,3,1,"Ronald Fernandez-Gomez, Yuri Rosero-Mora",NA,NA,NA,51.64520078354554,13
G-MB-Q-PORT_01,MB-Q-PORT_01,G-MB-Q-PORT,Gaica,Gaica mbd,2013-08-10,13-14,2013,8,10,222,79,06:47:00,00:00:00,3,12,4,Early,4,1,"Ronald Fernandez-Gomez, Yuri Rosero-Mora",NA,NA,NA,51.64520078354554,13
G-MB-Q-PORT_01,MB-Q-PORT_01,G-MB-Q-PORT,Gaica,Gaica mbd,2013-11-13,13-14,2013,11,13,317,93,05:47:00,00:00:00,3,12,5,Late,1,1,"Ronald Fernandez-Gomez, Yuri Rosero-Mora",NA,NA,NA,51.64520078354554,13
G-MB-Q-PORT_01,MB-Q-PORT_01,G-MB-Q-PORT,Gaica,Gaica mbd,2013-11-14,13-14,2013,11,14,318,94,05:54:00,00:00:00,3,12,6,Late,2,1,"Ronald Fernandez-Gomez, Yuri Rosero-Mora",NA,NA,NA,51.64520078354554,13
G-MB-Q-PORT_01,MB-Q-PORT_01,G-MB-Q-PORT,Gaica,Gaica mbd,2013-11-15,13-14,2013,11,15,319,95,05:56:00,00:00:00,3,12,7,Late,3,1,"Ronald Fernandez-Gomez, Yuri Rosero-Mora",NA,NA,NA,51.64520078354554,13
G-MB-Q-PORT_01,MB-Q-PORT_01,G-MB-Q-PORT,Gaica,Gaica mbd,2013-11-16,13-14,2013,11,16,320,96,05:57:00,00:00:00,3,12,8,Late,4,1,"Ronald Fernandez-Gomez, Yuri Rosero-Mora",NA,NA,NA,51.64520078354554,13
G-MB-Q-PORT_01,MB-Q-PORT_01,G-MB-Q-PORT,Gaica,Gaica mbd,2017-07-27,16-17,2017,7,27,208,7,06:02:00,00:00:00,3,12,1,Early,1,1,"Yuri Rosero-Mora, Robert Rodriguez",NA,NA,NA,58.98065621939275,13
G-MB-Q-PORT_01,MB-Q-PORT_01,G-MB-Q-PORT,Gaica,Gaica mbd,2017-07-28,16-17,2017,7,28,209,8,06:00:00,00:00:00,3,12,2,Early,2,1,"Yuri Rosero-Mora, Robert Rodriguez",NA,NA,NA,58.98065621939275,13
G-MB-Q-PORT_01,MB-Q-PORT_01,G-MB-Q-PORT,Gaica,Gaica mbd,2017-07-29,16-17,2017,7,29,210,9,05:55:00,00:00:00,3,12,3,Early,3,1,"Yuri Rosero-Mora, Robert Rodriguez",NA,NA,NA,58.98065621939275,13
G-MB-Q-PORT_01,MB-Q-PORT_01,G-MB-Q-PORT,Gaica,Gaica mbd,2017-07-30,16-17,2017,7,30,211,10,06:10:00,00:00:00,3,12,4,Early,4,1,"Yuri Rosero-Mora, Robert Rodriguez",NA,NA,NA,58.98065621939275,13
G-MB-Q-PORT_02,MB-Q-PORT_02,G-MB-Q-PORT,Gaica,Gaica mbd,2013-08-07,13-14,2013,8,7,219,76,06:17:00,00:00:00,3,12,1,Early,1,1,"Ronald Fernandez-Gomez, Yuri Rosero-Mora",NA,NA,NA,52.079567779960705,26.6
G-MB-Q-PORT_02,MB-Q-PORT_02,G-MB-Q-PORT,Gaica,Gaica mbd,2013-08-08,13-14,2013,8,8,220,77,06:13:00,00:00:00,3,12,2,Early,2,1,"Ronald Fernandez-Gomez, Yuri Rosero-Mora",NA,NA,NA,52.079567779960705,26.6
G-MB-Q-PORT_02,MB-Q-PORT_02,G-MB-Q-PORT,Gaica,Gaica mbd,2013-08-09,13-14,2013,8,9,221,78,06:17:00,00:00:00,3,12,3,Early,3,1,"Ronald Fernandez-Gomez, Yuri Rosero-Mora",NA,NA,NA,52.079567779960705,26.6
G-MB-Q-PORT_02,MB-Q-PORT_02,G-MB-Q-PORT,Gaica,Gaica mbd,2013-08-10,13-14,2013,8,10,222,79,06:11:00,00:00:00,3,12,4,Early,4,1,"Ronald Fernandez-Gomez, Yuri Rosero-Mora",NA,NA,NA,52.079567779960705,26.6
G-MB-Q-PORT_02,MB-Q-PORT_02,G-MB-Q-PORT,Gaica,Gaica mbd,2013-11-13,13-14,2013,11,13,317,93,06:15:00,00:00:00,3,12,5,Late,1,1,"Ronald Fernandez-Gomez, Yuri Rosero-Mora",NA,NA,NA,52.079567779960705,26.6
G-MB-Q-PORT_02,MB-Q-PORT_02,G-MB-Q-PORT,Gaica,Gaica mbd,2013-11-14,13-14,2013,11,14,318,94,06:18:00,00:00:00,3,12,6,Late,2,1,"Ronald Fernandez-Gomez, Yuri Rosero-Mora",NA,NA,NA,52.079567779960705,26.6
G-MB-Q-PORT_02,MB-Q-PORT_02,G-MB-Q-PORT,Gaica,Gaica mbd,2013-11-15,13-14,2013,11,15,319,95,06:24:00,00:00:00,3,12,7,Late,3,1,"Ronald Fernandez-Gomez, Yuri Rosero-Mora",NA,NA,NA,52.079567779960705,26.6
G-MB-Q-PORT_02,MB-Q-PORT_02,G-MB-Q-PORT,Gaica,Gaica mbd,2013-11-16,13-14,2013,11,16,320,96,06:18:00,00:00:00,3,12,8,Late,4,1,"Ronald Fernandez-Gomez, Yuri Rosero-Mora",NA,NA,NA,52.079567779960705,26.6
G-MB-Q-PORT_02,MB-Q-PORT_02,G-MB-Q-PORT,Gaica,Gaica mbd,2017-07-27,16-17,2017,7,27,208,7,06:20:00,00:00:00,3,12,1,Early,1,1,"Yuri Rosero-Mora, Robert Rodriguez",NA,NA,NA,59.350442043222,26.6
G-MB-Q-PORT_02,MB-Q-PORT_02,G-MB-Q-PORT,Gaica,Gaica mbd,2017-07-28,16-17,2017,7,28,209,8,06:17:00,00:00:00,3,12,2,Early,2,1,"Yuri Rosero-Mora, Robert Rodriguez",NA,NA,NA,59.350442043222,26.6
G-MB-Q-PORT_02,MB-Q-PORT_02,G-MB-Q-PORT,Gaica,Gaica mbd,2017-07-29,16-17,2017,7,29,210,9,06:10:00,00:00:00,3,12,3,Early,3,1,"Yuri Rosero-Mora, Robert Rodriguez",NA,NA,NA,59.350442043222,26.6
G-MB-Q-PORT_02,MB-Q-PORT_02,G-MB-Q-PORT,Gaica,Gaica mbd,2017-07-30,16-17,2017,7,30,211,10,06:26:00,00:00:00,3,12,4,Early,4,1,"Yuri Rosero-Mora, Robert Rodriguez",NA,NA,NA,59.350442043222,26.6
G-MB-Q-PORT_03,MB-Q-PORT_03,G-MB-Q-PORT,Gaica,Gaica mbd,2013-08-07,13-14,2013,8,7,219,76,06:53:00,00:00:00,3,12,1,Early,1,1,"Ronald Fernandez-Gomez, Yuri Rosero-Mora",NA,NA,NA,51.84108716944172,26.5
G-MB-Q-PORT_03,MB-Q-PORT_03,G-MB-Q-PORT,Gaica,Gaica mbd,2013-08-08,13-14,2013,8,8,220,77,06:41:00,00:00:00,3,12,2,Early,2,1,"Ronald Fernandez-Gomez, Yuri Rosero-Mora",NA,NA,NA,51.84108716944172,26.5
G-MB-Q-PORT_03,MB-Q-PORT_03,G-MB-Q-PORT,Gaica,Gaica mbd,2013-08-09,13-14,2013,8,9,221,78,06:43:00,00:00:00,3,12,3,Early,3,1,"Ronald Fernandez-Gomez, Yuri Rosero-Mora",NA,NA,NA,51.84108716944172,26.5
G-MB-Q-PORT_03,MB-Q-PORT_03,G-MB-Q-PORT,Gaica,Gaica mbd,2013-08-10,13-14,2013,8,10,222,79,06:32:00,00:00:00,3,12,4,Early,4,1,"Ronald Fernandez-Gomez, Yuri Rosero-Mora",NA,NA,NA,51.84108716944172,26.5
G-MB-Q-PORT_03,MB-Q-PORT_03,G-MB-Q-PORT,Gaica,Gaica mbd,2013-11-13,13-14,2013,11,13,317,93,06:35:00,00:00:00,3,12,5,Late,1,1,"Ronald Fernandez-Gomez, Yuri Rosero-Mora",NA,NA,NA,51.84108716944172,26.5
G-MB-Q-PORT_03,MB-Q-PORT_03,G-MB-Q-PORT,Gaica,Gaica mbd,2013-11-14,13-14,2013,11,14,318,94,06:38:00,00:00:00,3,12,6,Late,2,1,"Ronald Fernandez-Gomez, Yuri Rosero-Mora",NA,NA,NA,51.84108716944172,26.5
G-MB-Q-PORT_03,MB-Q-PORT_03,G-MB-Q-PORT,Gaica,Gaica mbd,2013-11-15,13-14,2013,11,15,319,95,06:47:00,00:00:00,3,12,7,Late,3,1,"Ronald Fernandez-Gomez, Yuri Rosero-Mora",NA,NA,NA,51.84108716944172,26.5
G-MB-Q-PORT_03,MB-Q-PORT_03,G-MB-Q-PORT,Gaica,Gaica mbd,2013-11-16,13-14,2013,11,16,320,96,06:40:00,00:00:00,3,12,8,Late,4,1,"Ronald Fernandez-Gomez, Yuri Rosero-Mora",NA,NA,NA,51.84108716944172,26.5
G-MB-Q-PORT_03,MB-Q-PORT_03,G-MB-Q-PORT,Gaica,Gaica mbd,2017-07-27,16-17,2017,7,27,208,7,06:40:00,00:00:00,3,12,1,Early,1,1,"Yuri Rosero-Mora, Robert Rodriguez",NA,NA,NA,58.86287952987267,26.5
G-MB-Q-PORT_03,MB-Q-PORT_03,G-MB-Q-PORT,Gaica,Gaica mbd,2017-07-28,16-17,2017,7,28,209,8,06:40:00,00:00:00,3,12,2,Early,2,1,"Yuri Rosero-Mora, Robert Rodriguez",NA,NA,NA,58.86287952987267,26.5
G-MB-Q-PORT_03,MB-Q-PORT_03,G-MB-Q-PORT,Gaica,Gaica mbd,2017-07-29,16-17,2017,7,29,210,9,06:34:00,00:00:00,3,12,3,Early,3,1,"Yuri Rosero-Mora, Robert Rodriguez",NA,NA,NA,58.86287952987267,26.5
G-MB-Q-PORT_03,MB-Q-PORT_03,G-MB-Q-PORT,Gaica,Gaica mbd,2017-07-30,16-17,2017,7,30,211,10,06:44:00,00:00:00,3,12,4,Early,4,1,"Yuri Rosero-Mora, Robert Rodriguez",NA,NA,NA,58.86287952987267,26.5
G-MB-Q-PORT_04,MB-Q-PORT_04,G-MB-Q-PORT,Gaica,Gaica mbd,2013-08-07,13-14,2013,8,7,219,76,07:18:00,00:00:00,3,12,1,Early,1,1,"Ronald Fernandez-Gomez, Yuri Rosero-Mora",NA,NA,NA,53.005638636920814,26.6
G-MB-Q-PORT_04,MB-Q-PORT_04,G-MB-Q-PORT,Gaica,Gaica mbd,2013-08-08,13-14,2013,8,8,220,77,07:12:00,00:00:00,3,12,2,Early,2,1,"Ronald Fernandez-Gomez, Yuri Rosero-Mora",NA,NA,NA,53.005638636920814,26.6
G-MB-Q-PORT_04,MB-Q-PORT_04,G-MB-Q-PORT,Gaica,Gaica mbd,2013-08-09,13-14,2013,8,9,221,78,07:05:00,00:00:00,3,12,3,Early,3,1,"Ronald Fernandez-Gomez, Yuri Rosero-Mora",NA,NA,NA,53.005638636920814,26.6
G-MB-Q-PORT_04,MB-Q-PORT_04,G-MB-Q-PORT,Gaica,Gaica mbd,2013-08-10,13-14,2013,8,10,222,79,07:04:00,00:00:00,3,12,4,Early,4,1,"Ronald Fernandez-Gomez, Yuri Rosero-Mora",NA,NA,NA,53.005638636920814,26.6
G-MB-Q-PORT_04,MB-Q-PORT_04,G-MB-Q-PORT,Gaica,Gaica mbd,2013-11-13,13-14,2013,11,13,317,93,06:58:00,00:00:00,3,12,5,Late,1,1,"Ronald Fernandez-Gomez, Yuri Rosero-Mora",NA,NA,NA,53.005638636920814,26.6
G-MB-Q-PORT_04,MB-Q-PORT_04,G-MB-Q-PORT,Gaica,Gaica mbd,2013-11-14,13-14,2013,11,14,318,94,06:59:00,00:00:00,3,12,6,Late,2,1,"Ronald Fernandez-Gomez, Yuri Rosero-Mora",NA,NA,NA,53.005638636920814,26.6
G-MB-Q-PORT_04,MB-Q-PORT_04,G-MB-Q-PORT,Gaica,Gaica mbd,2013-11-15,13-14,2013,11,15,319,95,07:15:00,00:00:00,3,12,7,Late,3,1,"Ronald Fernandez-Gomez, Yuri Rosero-Mora",NA,NA,NA,53.005638636920814,26.6
G-MB-Q-PORT_04,MB-Q-PORT_04,G-MB-Q-PORT,Gaica,Gaica mbd,2013-11-16,13-14,2013,11,16,320,96,06:10:00,00:00:00,3,12,8,Late,4,1,"Ronald Fernandez-Gomez, Yuri Rosero-Mora",NA,NA,NA,53.005638636920814,26.6
G-MB-Q-PORT_04,MB-Q-PORT_04,G-MB-Q-PORT,Gaica,Gaica mbd,2017-07-27,16-17,2017,7,27,208,7,07:15:00,00:00:00,3,12,1,Early,1,1,"Yuri Rosero-Mora, Robert Rodriguez",NA,NA,NA,60.11841137533709,26.6
G-MB-Q-PORT_04,MB-Q-PORT_04,G-MB-Q-PORT,Gaica,Gaica mbd,2017-07-28,16-17,2017,7,28,209,8,06:45:00,00:00:00,3,12,2,Early,2,1,"Yuri Rosero-Mora, Robert Rodriguez",NA,NA,NA,60.11841137533709,26.6
G-MB-Q-PORT_04,MB-Q-PORT_04,G-MB-Q-PORT,Gaica,Gaica mbd,2017-07-29,16-17,2017,7,29,210,9,06:50:00,00:00:00,3,12,3,Early,3,1,"Yuri Rosero-Mora, Robert Rodriguez",NA,NA,NA,60.11841137533709,26.6
G-MB-Q-PORT_04,MB-Q-PORT_04,G-MB-Q-PORT,Gaica,Gaica mbd,2017-07-30,16-17,2017,7,30,211,10,07:02:00,00:00:00,3,12,4,Early,4,1,"Yuri Rosero-Mora, Robert Rodriguez",NA,NA,NA,60.11841137533709,26.6
G-MB-Q-PORT_05,MB-Q-PORT_05,G-MB-Q-PORT,Gaica,Gaica mbd,2013-08-07,13-14,2013,8,7,219,76,07:49:00,00:00:00,3,12,1,Early,1,1,"Ronald Fernandez-Gomez, Yuri Rosero-Mora",NA,NA,NA,55.12634671890304,27.1
G-MB-Q-PORT_05,MB-Q-PORT_05,G-MB-Q-PORT,Gaica,Gaica mbd,2013-08-08,13-14,2013,8,8,220,77,07:36:00,00:00:00,3,12,2,Early,2,1,"Ronald Fernandez-Gomez, Yuri Rosero-Mora",NA,NA,NA,55.12634671890304,27.1
G-MB-Q-PORT_05,MB-Q-PORT_05,G-MB-Q-PORT,Gaica,Gaica mbd,2013-08-09,13-14,2013,8,9,221,78,07:33:00,00:00:00,3,12,3,Early,3,1,"Ronald Fernandez-Gomez, Yuri Rosero-Mora",NA,NA,NA,55.12634671890304,27.1
G-MB-Q-PORT_05,MB-Q-PORT_05,G-MB-Q-PORT,Gaica,Gaica mbd,2013-08-10,13-14,2013,8,10,222,79,07:32:00,00:00:00,3,12,4,Early,4,1,"Ronald Fernandez-Gomez, Yuri Rosero-Mora",NA,NA,NA,55.12634671890304,27.1
G-MB-Q-PORT_05,MB-Q-PORT_05,G-MB-Q-PORT,Gaica,Gaica mbd,2013-11-13,13-14,2013,11,13,317,93,07:19:00,00:00:00,3,12,5,Late,1,1,"Ronald Fernandez-Gomez, Yuri Rosero-Mora",NA,NA,NA,55.12634671890304,27.1
G-MB-Q-PORT_05,MB-Q-PORT_05,G-MB-Q-PORT,Gaica,Gaica mbd,2013-11-14,13-14,2013,11,14,318,94,07:22:00,00:00:00,3,12,6,Late,2,1,"Ronald Fernandez-Gomez, Yuri Rosero-Mora",NA,NA,NA,55.12634671890304,27.1
G-MB-Q-PORT_05,MB-Q-PORT_05,G-MB-Q-PORT,Gaica,Gaica mbd,2013-11-15,13-14,2013,11,15,319,95,07:35:00,00:00:00,3,12,7,Late,3,1,"Ronald Fernandez-Gomez, Yuri Rosero-Mora",NA,NA,NA,55.12634671890304,27.1
G-MB-Q-PORT_05,MB-Q-PORT_05,G-MB-Q-PORT,Gaica,Gaica mbd,2013-11-16,13-14,2013,11,16,320,96,06:30:00,00:00:00,3,12,8,Late,4,1,"Ronald Fernandez-Gomez, Yuri Rosero-Mora",NA,NA,NA,55.12634671890304,27.1
G-MB-Q-PORT_05,MB-Q-PORT_05,G-MB-Q-PORT,Gaica,Gaica mbd,2017-07-27,16-17,2017,7,27,208,7,07:40:00,00:00:00,3,12,1,Early,1,1,"Yuri Rosero-Mora, Robert Rodriguez",NA,NA,NA,62.679480901077376,27.1
G-MB-Q-PORT_05,MB-Q-PORT_05,G-MB-Q-PORT,Gaica,Gaica mbd,2017-07-28,16-17,2017,7,28,209,8,07:10:00,00:00:00,3,12,2,Early,2,1,"Yuri Rosero-Mora, Robert Rodriguez",NA,NA,NA,62.679480901077376,27.1
G-MB-Q-PORT_05,MB-Q-PORT_05,G-MB-Q-PORT,Gaica,Gaica mbd,2017-07-29,16-17,2017,7,29,210,9,07:15:00,00:00:00,3,12,3,Early,3,1,"Yuri Rosero-Mora, Robert Rodriguez",NA,NA,NA,62.679480901077376,27.1
G-MB-Q-PORT_05,MB-Q-PORT_05,G-MB-Q-PORT,Gaica,Gaica mbd,2017-07-30,16-17,2017,7,30,211,10,07:16:00,00:00:00,3,12,4,Early,4,1,"Yuri Rosero-Mora, Robert Rodriguez",NA,NA,NA,62.679480901077376,27.1
G-MB-Q-PORT_06,MB-Q-PORT_06,G-MB-Q-PORT,Gaica,Gaica mbd,2013-08-07,13-14,2013,8,7,219,76,08:20:00,00:00:00,3,12,1,Early,1,1,"Ronald Fernandez-Gomez, Yuri Rosero-Mora",NA,NA,NA,55.939735423811854,27.5
G-MB-Q-PORT_06,MB-Q-PORT_06,G-MB-Q-PORT,Gaica,Gaica mbd,2013-08-08,13-14,2013,8,8,220,77,08:10:00,00:00:00,3,12,2,Early,2,1,"Ronald Fernandez-Gomez, Yuri Rosero-Mora",NA,NA,NA,55.939735423811854,27.5
G-MB-Q-PORT_06,MB-Q-PORT_06,G-MB-Q-PORT,Gaica,Gaica mbd,2013-08-09,13-14,2013,8,9,221,78,07:57:00,00:00:00,3,12,3,Early,3,1,"Ronald Fernandez-Gomez, Yuri Rosero-Mora",NA,NA,NA,55.939735423811854,27.5
G-MB-Q-PORT_06,MB-Q-PORT_06,G-MB-Q-PORT,Gaica,Gaica mbd,2013-08-10,13-14,2013,8,10,222,79,07:54:00,00:00:00,3,12,4,Early,4,1,"Ronald Fernandez-Gomez, Yuri Rosero-Mora",NA,NA,NA,55.939735423811854,27.5
G-MB-Q-PORT_06,MB-Q-PORT_06,G-MB-Q-PORT,Gaica,Gaica mbd,2013-11-13,13-14,2013,11,13,317,93,07:40:00,00:00:00,3,12,5,Late,1,1,"Ronald Fernandez-Gomez, Yuri Rosero-Mora",NA,NA,NA,55.939735423811854,27.5
G-MB-Q-PORT_06,MB-Q-PORT_06,G-MB-Q-PORT,Gaica,Gaica mbd,2013-11-14,13-14,2013,11,14,318,94,07:43:00,00:00:00,3,12,6,Late,2,1,"Ronald Fernandez-Gomez, Yuri Rosero-Mora",NA,NA,NA,55.939735423811854,27.5
G-MB-Q-PORT_06,MB-Q-PORT_06,G-MB-Q-PORT,Gaica,Gaica mbd,2013-11-15,13-14,2013,11,15,319,95,08:05:00,00:00:00,3,12,7,Late,3,1,"Ronald Fernandez-Gomez, Yuri Rosero-Mora",NA,NA,NA,55.939735423811854,27.5
G-MB-Q-PORT_06,MB-Q-PORT_06,G-MB-Q-PORT,Gaica,Gaica mbd,2013-11-16,13-14,2013,11,16,320,96,06:55:00,00:00:00,3,12,8,Late,4,1,"Ronald Fernandez-Gomez, Yuri Rosero-Mora",NA,NA,NA,55.939735423811854,27.5
G-MB-Q-PORT_06,MB-Q-PORT_06,G-MB-Q-PORT,Gaica,Gaica mbd,2017-07-27,16-17,2017,7,27,208,7,08:20:00,00:00:00,3,12,1,Early,1,1,"Yuri Rosero-Mora, Robert Rodriguez",NA,NA,NA,63.83880450759432,27.5
G-MB-Q-PORT_06,MB-Q-PORT_06,G-MB-Q-PORT,Gaica,Gaica mbd,2017-07-28,16-17,2017,7,28,209,8,06:25:00,00:00:00,3,12,2,Early,2,1,"Yuri Rosero-Mora, Robert Rodriguez",NA,NA,NA,63.83880450759432,27.5
G-MB-Q-PORT_06,MB-Q-PORT_06,G-MB-Q-PORT,Gaica,Gaica mbd,2017-07-29,16-17,2017,7,29,210,9,07:40:00,00:00:00,3,12,3,Early,3,1,"Yuri Rosero-Mora, Robert Rodriguez",NA,NA,NA,63.83880450759432,27.5
G-MB-Q-PORT_06,MB-Q-PORT_06,G-MB-Q-PORT,Gaica,Gaica mbd,2017-07-30,16-17,2017,7,30,211,10,07:31:00,00:00:00,3,12,4,Early,4,1,"Yuri Rosero-Mora, Robert Rodriguez",NA,NA,NA,63.83880450759432,27.5
G-MB-S-EDE_01,MB-S-EDE_01,G-MB-S-EDE,Gaica,Gaica mbd,2014-03-18,13-14,2014,3,18,77,5,06:15:00,00:00:00,1,4,1,Early,1,0,"Ronald Fernandez-Gomez, Yuri Rosero-Mora",NA,NA,NA,73.55993150684931,21.7
G-MB-S-EDE_01,MB-S-EDE_01,G-MB-S-EDE,Gaica,Gaica mbd,2014-03-19,13-14,2014,3,19,78,6,06:30:00,00:00:00,1,4,2,Early,2,1,"Ronald Fernandez-Gomez, Yuri Rosero-Mora",NA,NA,NA,73.55993150684931,21.7
G-MB-S-EDE_01,MB-S-EDE_01,G-MB-S-EDE,Gaica,Gaica mbd,2014-03-20,13-14,2014,3,20,79,7,06:15:00,00:00:00,1,4,3,Early,3,1,"Ronald Fernandez-Gomez, Yuri Rosero-Mora",NA,NA,NA,73.55993150684931,21.7
G-MB-S-EDE_01,MB-S-EDE_01,G-MB-S-EDE,Gaica,Gaica mbd,2014-03-21,13-14,2014,3,21,80,8,06:00:00,00:00:00,1,4,4,Early,4,0,"Ronald Fernandez-Gomez, Yuri Rosero-Mora",NA,NA,NA,73.55993150684931,21.7
G-MB-S-EDE_02,MB-S-EDE_02,G-MB-S-EDE,Gaica,Gaica mbd,2014-03-18,13-14,2014,3,18,77,5,06:40:00,00:00:00,1,4,1,Early,1,0,"Ronald Fernandez-Gomez, Yuri Rosero-Mora",NA,NA,NA,73.46355185909981,19.4
G-MB-S-EDE_02,MB-S-EDE_02,G-MB-S-EDE,Gaica,Gaica mbd,2014-03-19,13-14,2014,3,19,78,6,06:43:00,00:00:00,1,4,2,Early,2,0,"Ronald Fernandez-Gomez, Yuri Rosero-Mora",NA,NA,NA,73.46355185909981,19.4
G-MB-S-EDE_02,MB-S-EDE_02,G-MB-S-EDE,Gaica,Gaica mbd,2014-03-20,13-14,2014,3,20,79,7,06:30:00,00:00:00,1,4,3,Early,3,1,"Ronald Fernandez-Gomez, Yuri Rosero-Mora",NA,NA,NA,73.46355185909981,19.4
G-MB-S-EDE_02,MB-S-EDE_02,G-MB-S-EDE,Gaica,Gaica mbd,2014-03-21,13-14,2014,3,21,80,8,06:30:00,00:00:00,1,4,4,Early,4,1,"Ronald Fernandez-Gomez, Yuri Rosero-Mora",NA,NA,NA,73.46355185909981,19.4
G-MB-S-EDE_03,MB-S-EDE_03,G-MB-S-EDE,Gaica,Gaica mbd,2014-03-18,13-14,2014,3,18,77,5,07:07:00,00:00:00,1,4,1,Early,1,1,"Ronald Fernandez-Gomez, Yuri Rosero-Mora",NA,NA,NA,74.24755381604696,13.7
G-MB-S-EDE_03,MB-S-EDE_03,G-MB-S-EDE,Gaica,Gaica mbd,2014-03-19,13-14,2014,3,19,78,6,06:59:00,00:00:00,1,4,2,Early,2,1,"Ronald Fernandez-Gomez, Yuri Rosero-Mora",NA,NA,NA,74.24755381604696,13.7
G-MB-S-EDE_03,MB-S-EDE_03,G-MB-S-EDE,Gaica,Gaica mbd,2014-03-20,13-14,2014,3,20,79,7,06:48:00,00:00:00,1,4,3,Early,3,1,"Ronald Fernandez-Gomez, Yuri Rosero-Mora",NA,NA,NA,74.24755381604696,13.7
G-MB-S-EDE_03,MB-S-EDE_03,G-MB-S-EDE,Gaica,Gaica mbd,2014-03-21,13-14,2014,3,21,80,8,06:45:00,00:00:00,1,4,4,Early,4,0,"Ronald Fernandez-Gomez, Yuri Rosero-Mora",NA,NA,NA,74.24755381604696,13.7
G-MB-S-EDE_04,MB-S-EDE_04,G-MB-S-EDE,Gaica,Gaica mbd,2014-03-18,13-14,2014,3,18,77,5,07:13:00,00:00:00,1,4,1,Early,1,1,"Ronald Fernandez-Gomez, Yuri Rosero-Mora",NA,NA,NA,74.495361328125,16.2
G-MB-S-EDE_04,MB-S-EDE_04,G-MB-S-EDE,Gaica,Gaica mbd,2014-03-19,13-14,2014,3,19,78,6,07:22:00,00:00:00,1,4,2,Early,2,1,"Ronald Fernandez-Gomez, Yuri Rosero-Mora",NA,NA,NA,74.495361328125,16.2
G-MB-S-EDE_04,MB-S-EDE_04,G-MB-S-EDE,Gaica,Gaica mbd,2014-03-20,13-14,2014,3,20,79,7,07:00:00,00:00:00,1,4,3,Early,3,1,"Ronald Fernandez-Gomez, Yuri Rosero-Mora",NA,NA,NA,74.495361328125,16.2
G-MB-S-EDE_04,MB-S-EDE_04,G-MB-S-EDE,Gaica,Gaica mbd,2014-03-21,13-14,2014,3,21,80,8,07:00:00,00:00:00,1,4,4,Early,4,1,"Ronald Fernandez-Gomez, Yuri Rosero-Mora",NA,NA,NA,74.495361328125,16.2
G-MB-S-EDE_05,MB-S-EDE_05,G-MB-S-EDE,Gaica,Gaica mbd,2014-03-18,13-14,2014,3,18,77,5,07:35:00,00:00:00,1,4,1,Early,1,1,"Ronald Fernandez-Gomez, Yuri Rosero-Mora",NA,NA,NA,74.59060895084373,17.9
G-MB-S-EDE_05,MB-S-EDE_05,G-MB-S-EDE,Gaica,Gaica mbd,2014-03-19,13-14,2014,3,19,78,6,07:40:00,00:00:00,1,4,2,Early,2,0,"Ronald Fernandez-Gomez, Yuri Rosero-Mora",NA,NA,NA,74.59060895084373,17.9
G-MB-S-EDE_05,MB-S-EDE_05,G-MB-S-EDE,Gaica,Gaica mbd,2014-03-20,13-14,2014,3,20,79,7,07:18:00,00:00:00,1,4,3,Early,3,1,"Ronald Fernandez-Gomez, Yuri Rosero-Mora",NA,NA,NA,74.59060895084373,17.9
G-MB-S-EDE_05,MB-S-EDE_05,G-MB-S-EDE,Gaica,Gaica mbd,2014-03-21,13-14,2014,3,21,80,8,07:22:00,00:00:00,1,4,4,Early,4,1,"Ronald Fernandez-Gomez, Yuri Rosero-Mora",NA,NA,NA,74.59060895084373,17.9
G-MB-S-EDE_06,MB-S-EDE_06,G-MB-S-EDE,Gaica,Gaica mbd,2014-03-18,13-14,2014,3,18,77,5,07:47:00,00:00:00,1,4,1,Early,1,1,"Ronald Fernandez-Gomez, Yuri Rosero-Mora",NA,NA,NA,75.07573906669924,28.3
G-MB-S-EDE_06,MB-S-EDE_06,G-MB-S-EDE,Gaica,Gaica mbd,2014-03-19,13-14,2014,3,19,78,6,08:00:00,00:00:00,1,4,2,Early,2,1,"Ronald Fernandez-Gomez, Yuri Rosero-Mora",NA,NA,NA,75.07573906669924,28.3
G-MB-S-EDE_06,MB-S-EDE_06,G-MB-S-EDE,Gaica,Gaica mbd,2014-03-20,13-14,2014,3,20,79,7,07:40:00,00:00:00,1,4,3,Early,3,1,"Ronald Fernandez-Gomez, Yuri Rosero-Mora",NA,NA,NA,75.07573906669924,28.3
G-MB-S-EDE_06,MB-S-EDE_06,G-MB-S-EDE,Gaica,Gaica mbd,2014-03-21,13-14,2014,3,21,80,8,08:00:00,00:00:00,1,4,4,Early,4,1,"Ronald Fernandez-Gomez, Yuri Rosero-Mora",NA,NA,NA,75.07573906669924,28.3
G-MB-S-LN_01,MB-S-LN_01,G-MB-S-LN,Gaica,Gaica mbd,2014-03-14,13-14,2014,3,14,73,1,05:58:00,00:00:00,1,4,1,Early,1,1,"Ronald Fernandez-Gomez, Yuri Rosero-Mora",NA,NA,NA,64.22700587084148,22.3
G-MB-S-LN_01,MB-S-LN_01,G-MB-S-LN,Gaica,Gaica mbd,2014-03-15,13-14,2014,3,15,74,2,05:45:00,00:00:00,1,4,2,Early,2,0,"Ronald Fernandez-Gomez, Yuri Rosero-Mora",NA,NA,NA,64.22700587084148,22.3
G-MB-S-LN_01,MB-S-LN_01,G-MB-S-LN,Gaica,Gaica mbd,2014-03-16,13-14,2014,3,16,75,3,05:39:00,00:00:00,1,4,3,Early,3,1,"Ronald Fernandez-Gomez, Yuri Rosero-Mora",NA,NA,NA,64.22700587084148,22.3
G-MB-S-LN_01,MB-S-LN_01,G-MB-S-LN,Gaica,Gaica mbd,2014-03-17,13-14,2014,3,17,76,4,05:40:00,00:00:00,1,4,4,Early,4,1,"Ronald Fernandez-Gomez, Yuri Rosero-Mora",NA,NA,NA,64.22700587084148,22.3
G-MB-S-LN_02,MB-S-LN_02,G-MB-S-LN,Gaica,Gaica mbd,2014-03-14,13-14,2014,3,14,73,1,06:25:00,00:00:00,1,4,1,Early,1,1,"Ronald Fernandez-Gomez, Yuri Rosero-Mora",NA,NA,NA,64.72526934378061,22.3
G-MB-S-LN_02,MB-S-LN_02,G-MB-S-LN,Gaica,Gaica mbd,2014-03-15,13-14,2014,3,15,74,2,06:06:00,00:00:00,1,4,2,Early,2,1,"Ronald Fernandez-Gomez, Yuri Rosero-Mora",NA,NA,NA,64.72526934378061,22.3
G-MB-S-LN_02,MB-S-LN_02,G-MB-S-LN,Gaica,Gaica mbd,2014-03-16,13-14,2014,3,16,75,3,05:57:00,00:00:00,1,4,3,Early,3,1,"Ronald Fernandez-Gomez, Yuri Rosero-Mora",NA,NA,NA,64.72526934378061,22.3
G-MB-S-LN_02,MB-S-LN_02,G-MB-S-LN,Gaica,Gaica mbd,2014-03-17,13-14,2014,3,17,76,4,06:00:00,00:00:00,1,4,4,Early,4,1,"Ronald Fernandez-Gomez, Yuri Rosero-Mora",NA,NA,NA,64.72526934378061,22.3
G-MB-S-LN_03,MB-S-LN_03,G-MB-S-LN,Gaica,Gaica mbd,2014-03-14,13-14,2014,3,14,73,1,06:40:00,00:00:00,1,4,1,Early,1,1,"Ronald Fernandez-Gomez, Yuri Rosero-Mora",NA,NA,NA,65.74779843444227,20.2
G-MB-S-LN_03,MB-S-LN_03,G-MB-S-LN,Gaica,Gaica mbd,2014-03-15,13-14,2014,3,15,74,2,06:20:00,00:00:00,1,4,2,Early,2,1,"Ronald Fernandez-Gomez, Yuri Rosero-Mora",NA,NA,NA,65.74779843444227,20.2
G-MB-S-LN_03,MB-S-LN_03,G-MB-S-LN,Gaica,Gaica mbd,2014-03-16,13-14,2014,3,16,75,3,06:12:00,00:00:00,1,4,3,Early,3,1,"Ronald Fernandez-Gomez, Yuri Rosero-Mora",NA,NA,NA,65.74779843444227,20.2
G-MB-S-LN_03,MB-S-LN_03,G-MB-S-LN,Gaica,Gaica mbd,2014-03-17,13-14,2014,3,17,76,4,06:20:00,00:00:00,1,4,4,Early,4,1,"Ronald Fernandez-Gomez, Yuri Rosero-Mora",NA,NA,NA,65.74779843444227,20.2
G-MB-S-LN_04,MB-S-LN_04,G-MB-S-LN,Gaica,Gaica mbd,2014-03-14,13-14,2014,3,14,73,1,07:00:00,00:00:00,1,4,1,Early,1,1,"Ronald Fernandez-Gomez, Yuri Rosero-Mora",NA,NA,NA,66.40215264187867,20.3
G-MB-S-LN_04,MB-S-LN_04,G-MB-S-LN,Gaica,Gaica mbd,2014-03-15,13-14,2014,3,15,74,2,06:38:00,00:00:00,1,4,2,Early,2,1,"Ronald Fernandez-Gomez, Yuri Rosero-Mora",NA,NA,NA,66.40215264187867,20.3
G-MB-S-LN_04,MB-S-LN_04,G-MB-S-LN,Gaica,Gaica mbd,2014-03-16,13-14,2014,3,16,75,3,06:32:00,00:00:00,1,4,3,Early,3,1,"Ronald Fernandez-Gomez, Yuri Rosero-Mora",NA,NA,NA,66.40215264187867,20.3
G-MB-S-LN_04,MB-S-LN_04,G-MB-S-LN,Gaica,Gaica mbd,2014-03-17,13-14,2014,3,17,76,4,06:37:00,00:00:00,1,4,4,Early,4,1,"Ronald Fernandez-Gomez, Yuri Rosero-Mora",NA,NA,NA,66.40215264187867,20.3
G-MB-S-LN_05,MB-S-LN_05,G-MB-S-LN,Gaica,Gaica mbd,2014-03-14,13-14,2014,3,14,73,1,07:15:00,00:00:00,1,4,1,Early,1,1,"Ronald Fernandez-Gomez, Yuri Rosero-Mora",NA,NA,NA,67.03152492668622,23.9
G-MB-S-LN_05,MB-S-LN_05,G-MB-S-LN,Gaica,Gaica mbd,2014-03-15,13-14,2014,3,15,74,2,06:50:00,00:00:00,1,4,2,Early,2,1,"Ronald Fernandez-Gomez, Yuri Rosero-Mora",NA,NA,NA,67.03152492668622,23.9
G-MB-S-LN_05,MB-S-LN_05,G-MB-S-LN,Gaica,Gaica mbd,2014-03-16,13-14,2014,3,16,75,3,06:50:00,00:00:00,1,4,3,Early,3,1,"Ronald Fernandez-Gomez, Yuri Rosero-Mora",NA,NA,NA,67.03152492668622,23.9
G-MB-S-LN_05,MB-S-LN_05,G-MB-S-LN,Gaica,Gaica mbd,2014-03-17,13-14,2014,3,17,76,4,06:55:00,00:00:00,1,4,4,Early,4,1,"Ronald Fernandez-Gomez, Yuri Rosero-Mora",NA,NA,NA,67.03152492668622,23.9
G-MB-S-LN_06,MB-S-LN_06,G-MB-S-LN,Gaica,Gaica mbd,2014-03-14,13-14,2014,3,14,73,1,07:30:00,00:00:00,1,4,1,Early,1,1,"Ronald Fernandez-Gomez, Yuri Rosero-Mora",NA,NA,NA,68.83418928833456,23.9
G-MB-S-LN_06,MB-S-LN_06,G-MB-S-LN,Gaica,Gaica mbd,2014-03-15,13-14,2014,3,15,74,2,07:10:00,00:00:00,1,4,2,Early,2,1,"Ronald Fernandez-Gomez, Yuri Rosero-Mora",NA,NA,NA,68.83418928833456,23.9
G-MB-S-LN_06,MB-S-LN_06,G-MB-S-LN,Gaica,Gaica mbd,2014-03-16,13-14,2014,3,16,75,3,07:18:00,00:00:00,1,4,3,Early,3,1,"Ronald Fernandez-Gomez, Yuri Rosero-Mora",NA,NA,NA,68.83418928833456,23.9
G-MB-S-LN_06,MB-S-LN_06,G-MB-S-LN,Gaica,Gaica mbd,2014-03-17,13-14,2014,3,17,76,4,07:12:00,00:00:00,1,4,4,Early,4,1,"Ronald Fernandez-Gomez, Yuri Rosero-Mora",NA,NA,NA,68.83418928833456,23.9
G-MB-S-MF_01,MB-S-MF_01,G-MB-S-MF,Gaica,Gaica mbd,2014-03-22,13-14,2014,3,22,81,9,06:00:00,00:00:00,1,4,1,Early,1,1,"Ronald Fernandez-Gomez, Yuri Rosero-Mora",NA,NA,NA,68.25965770171149,16.8
G-MB-S-MF_01,MB-S-MF_01,G-MB-S-MF,Gaica,Gaica mbd,2014-03-23,13-14,2014,3,23,82,10,05:55:00,00:00:00,1,4,2,Early,2,1,"Ronald Fernandez-Gomez, Yuri Rosero-Mora",NA,NA,NA,68.25965770171149,16.8
G-MB-S-MF_01,MB-S-MF_01,G-MB-S-MF,Gaica,Gaica mbd,2014-03-24,13-14,2014,3,24,83,11,06:04:00,00:00:00,1,4,3,Early,3,1,"Ronald Fernandez-Gomez, Yuri Rosero-Mora",NA,NA,NA,68.25965770171149,16.8
G-MB-S-MF_01,MB-S-MF_01,G-MB-S-MF,Gaica,Gaica mbd,2014-03-25,13-14,2014,3,25,84,12,06:01:00,00:00:00,1,4,4,Early,4,1,"Ronald Fernandez-Gomez, Yuri Rosero-Mora",NA,NA,NA,68.25965770171149,16.8
G-MB-S-MF_02,MB-S-MF_02,G-MB-S-MF,Gaica,Gaica mbd,2014-03-22,13-14,2014,3,22,81,9,06:17:00,00:00:00,1,4,1,Early,1,1,"Ronald Fernandez-Gomez, Yuri Rosero-Mora",NA,NA,NA,69.01539589442815,16.8
G-MB-S-MF_02,MB-S-MF_02,G-MB-S-MF,Gaica,Gaica mbd,2014-03-23,13-14,2014,3,23,82,10,06:09:00,00:00:00,1,4,2,Early,2,1,"Ronald Fernandez-Gomez, Yuri Rosero-Mora",NA,NA,NA,69.01539589442815,16.8
G-MB-S-MF_02,MB-S-MF_02,G-MB-S-MF,Gaica,Gaica mbd,2014-03-24,13-14,2014,3,24,83,11,06:18:00,00:00:00,1,4,3,Early,3,1,"Ronald Fernandez-Gomez, Yuri Rosero-Mora",NA,NA,NA,69.01539589442815,16.8
G-MB-S-MF_02,MB-S-MF_02,G-MB-S-MF,Gaica,Gaica mbd,2014-03-25,13-14,2014,3,25,84,12,06:16:00,00:00:00,1,4,4,Early,4,1,"Ronald Fernandez-Gomez, Yuri Rosero-Mora",NA,NA,NA,69.01539589442815,16.8
G-MB-S-MF_03,MB-S-MF_03,G-MB-S-MF,Gaica,Gaica mbd,2014-03-22,13-14,2014,3,22,81,9,06:33:00,00:00:00,1,4,1,Early,1,1,"Ronald Fernandez-Gomez, Yuri Rosero-Mora",NA,NA,NA,69.3338220918866,16
G-MB-S-MF_03,MB-S-MF_03,G-MB-S-MF,Gaica,Gaica mbd,2014-03-23,13-14,2014,3,23,82,10,06:25:00,00:00:00,1,4,2,Early,2,1,"Ronald Fernandez-Gomez, Yuri Rosero-Mora",NA,NA,NA,69.3338220918866,16
G-MB-S-MF_03,MB-S-MF_03,G-MB-S-MF,Gaica,Gaica mbd,2014-03-24,13-14,2014,3,24,83,11,06:30:00,00:00:00,1,4,3,Early,3,1,"Ronald Fernandez-Gomez, Yuri Rosero-Mora",NA,NA,NA,69.3338220918866,16
G-MB-S-MF_03,MB-S-MF_03,G-MB-S-MF,Gaica,Gaica mbd,2014-03-25,13-14,2014,3,25,84,12,06:29:00,00:00:00,1,4,4,Early,4,1,"Ronald Fernandez-Gomez, Yuri Rosero-Mora",NA,NA,NA,69.3338220918866,16
G-MB-S-MF_04,MB-S-MF_04,G-MB-S-MF,Gaica,Gaica mbd,2014-03-22,13-14,2014,3,22,81,9,07:13:00,00:00:00,1,4,1,Early,1,1,"Ronald Fernandez-Gomez, Yuri Rosero-Mora",NA,NA,NA,69.78571428571429,18.9
G-MB-S-MF_04,MB-S-MF_04,G-MB-S-MF,Gaica,Gaica mbd,2014-03-23,13-14,2014,3,23,82,10,06:45:00,00:00:00,1,4,2,Early,2,1,"Ronald Fernandez-Gomez, Yuri Rosero-Mora",NA,NA,NA,69.78571428571429,18.9
G-MB-S-MF_04,MB-S-MF_04,G-MB-S-MF,Gaica,Gaica mbd,2014-03-24,13-14,2014,3,24,83,11,06:45:00,00:00:00,1,4,3,Early,3,1,"Ronald Fernandez-Gomez, Yuri Rosero-Mora",NA,NA,NA,69.78571428571429,18.9
G-MB-S-MF_04,MB-S-MF_04,G-MB-S-MF,Gaica,Gaica mbd,2014-03-25,13-14,2014,3,25,84,12,06:55:00,00:00:00,1,4,4,Early,4,1,"Ronald Fernandez-Gomez, Yuri Rosero-Mora",NA,NA,NA,69.78571428571429,18.9
G-MB-S-MF_05,MB-S-MF_05,G-MB-S-MF,Gaica,Gaica mbd,2014-03-22,13-14,2014,3,22,81,9,07:30:00,00:00:00,1,4,1,Early,1,1,"Ronald Fernandez-Gomez, Yuri Rosero-Mora",NA,NA,NA,70.12313706327876,18.9
G-MB-S-MF_05,MB-S-MF_05,G-MB-S-MF,Gaica,Gaica mbd,2014-03-23,13-14,2014,3,23,82,10,07:00:00,00:00:00,1,4,2,Early,2,1,"Ronald Fernandez-Gomez, Yuri Rosero-Mora",NA,NA,NA,70.12313706327876,18.9
G-MB-S-MF_05,MB-S-MF_05,G-MB-S-MF,Gaica,Gaica mbd,2014-03-24,13-14,2014,3,24,83,11,07:03:00,00:00:00,1,4,3,Early,3,1,"Ronald Fernandez-Gomez, Yuri Rosero-Mora",NA,NA,NA,70.12313706327876,18.9
G-MB-S-MF_05,MB-S-MF_05,G-MB-S-MF,Gaica,Gaica mbd,2014-03-25,13-14,2014,3,25,84,12,07:07:00,00:00:00,1,4,4,Early,4,1,"Ronald Fernandez-Gomez, Yuri Rosero-Mora",NA,NA,NA,70.12313706327876,18.9
G-MB-S-MF_06,MB-S-MF_06,G-MB-S-MF,Gaica,Gaica mbd,2014-03-22,13-14,2014,3,22,81,9,07:57:00,00:00:00,1,4,1,Early,1,1,"Ronald Fernandez-Gomez, Yuri Rosero-Mora",NA,NA,NA,70.94258490105058,16.8
G-MB-S-MF_06,MB-S-MF_06,G-MB-S-MF,Gaica,Gaica mbd,2014-03-23,13-14,2014,3,23,82,10,07:12:00,00:00:00,1,4,2,Early,2,1,"Ronald Fernandez-Gomez, Yuri Rosero-Mora",NA,NA,NA,70.94258490105058,16.8
G-MB-S-MF_06,MB-S-MF_06,G-MB-S-MF,Gaica,Gaica mbd,2014-03-24,13-14,2014,3,24,83,11,07:19:00,00:00:00,1,4,3,Early,3,1,"Ronald Fernandez-Gomez, Yuri Rosero-Mora",NA,NA,NA,70.94258490105058,16.8
G-MB-S-MF_06,MB-S-MF_06,G-MB-S-MF,Gaica,Gaica mbd,2014-03-25,13-14,2014,3,25,84,12,07:26:00,00:00:00,1,4,4,Early,4,1,"Ronald Fernandez-Gomez, Yuri Rosero-Mora",NA,NA,NA,70.94258490105058,16.8
G-MB-S-MF_07,MB-S-MF_07,G-MB-S-MF,Gaica,Gaica mbd,2014-03-22,13-14,2014,3,22,81,9,08:15:00,00:00:00,1,4,1,Early,1,1,"Ronald Fernandez-Gomez, Yuri Rosero-Mora",NA,NA,NA,71.76785714285714,17.1
G-MB-S-MF_07,MB-S-MF_07,G-MB-S-MF,Gaica,Gaica mbd,2014-03-23,13-14,2014,3,23,82,10,07:30:00,00:00:00,1,4,2,Early,2,1,"Ronald Fernandez-Gomez, Yuri Rosero-Mora",NA,NA,NA,71.76785714285714,17.1
G-MB-S-MF_07,MB-S-MF_07,G-MB-S-MF,Gaica,Gaica mbd,2014-03-24,13-14,2014,3,24,83,11,07:43:00,00:00:00,1,4,3,Early,3,1,"Ronald Fernandez-Gomez, Yuri Rosero-Mora",NA,NA,NA,71.76785714285714,17.1
G-MB-S-MF_07,MB-S-MF_07,G-MB-S-MF,Gaica,Gaica mbd,2014-03-25,13-14,2014,3,25,84,12,07:57:00,00:00:00,1,4,4,Early,4,1,"Ronald Fernandez-Gomez, Yuri Rosero-Mora",NA,NA,NA,71.76785714285714,17.1
G-MB-S-MF_08,MB-S-MF_08,G-MB-S-MF,Gaica,Gaica mbd,2014-03-22,13-14,2014,3,22,81,9,08:35:00,00:00:00,1,4,1,Early,1,1,"Ronald Fernandez-Gomez, Yuri Rosero-Mora",NA,NA,NA,73.3824896062607,18.6
G-MB-S-MF_08,MB-S-MF_08,G-MB-S-MF,Gaica,Gaica mbd,2014-03-23,13-14,2014,3,23,82,10,07:52:00,00:00:00,1,4,2,Early,2,1,"Ronald Fernandez-Gomez, Yuri Rosero-Mora",NA,NA,NA,73.3824896062607,18.6
G-MB-S-MF_08,MB-S-MF_08,G-MB-S-MF,Gaica,Gaica mbd,2014-03-24,13-14,2014,3,24,83,11,07:58:00,00:00:00,1,4,3,Early,3,1,"Ronald Fernandez-Gomez, Yuri Rosero-Mora",NA,NA,NA,73.3824896062607,18.6
G-MB-S-MF_08,MB-S-MF_08,G-MB-S-MF,Gaica,Gaica mbd,2014-03-25,13-14,2014,3,25,84,12,08:10:00,00:00:00,1,4,4,Early,4,1,"Ronald Fernandez-Gomez, Yuri Rosero-Mora",NA,NA,NA,73.3824896062607,18.6
G-MB-S-MF_09,MB-S-MF_09,G-MB-S-MF,Gaica,Gaica mbd,2014-03-22,13-14,2014,3,22,81,9,09:00:00,00:00:00,1,4,1,Early,1,1,"Ronald Fernandez-Gomez, Yuri Rosero-Mora",NA,NA,NA,74.36088019559902,12.1
G-MB-S-MF_09,MB-S-MF_09,G-MB-S-MF,Gaica,Gaica mbd,2014-03-23,13-14,2014,3,23,82,10,08:36:00,00:00:00,1,4,2,Early,2,1,"Ronald Fernandez-Gomez, Yuri Rosero-Mora",NA,NA,NA,74.36088019559902,12.1
G-MB-S-MF_09,MB-S-MF_09,G-MB-S-MF,Gaica,Gaica mbd,2014-03-24,13-14,2014,3,24,83,11,08:11:00,00:00:00,1,4,3,Early,3,1,"Ronald Fernandez-Gomez, Yuri Rosero-Mora",NA,NA,NA,74.36088019559902,12.1
G-MB-S-MF_09,MB-S-MF_09,G-MB-S-MF,Gaica,Gaica mbd,2014-03-25,13-14,2014,3,25,84,12,08:23:00,00:00:00,1,4,4,Early,4,1,"Ronald Fernandez-Gomez, Yuri Rosero-Mora",NA,NA,NA,74.36088019559902,12.1
G-MB-S-MF_10,MB-S-MF_10,G-MB-S-MF,Gaica,Gaica mbd,2014-03-22,13-14,2014,3,22,81,9,09:22:00,00:00:00,1,4,1,Early,1,1,"Ronald Fernandez-Gomez, Yuri Rosero-Mora",NA,NA,NA,77.30772994129158,22.4
G-MB-S-MF_10,MB-S-MF_10,G-MB-S-MF,Gaica,Gaica mbd,2014-03-23,13-14,2014,3,23,82,10,08:52:00,00:00:00,1,4,2,Early,2,1,"Ronald Fernandez-Gomez, Yuri Rosero-Mora",NA,NA,NA,77.30772994129158,22.4
G-MB-S-MF_10,MB-S-MF_10,G-MB-S-MF,Gaica,Gaica mbd,2014-03-24,13-14,2014,3,24,83,11,08:28:00,00:00:00,1,4,3,Early,3,1,"Ronald Fernandez-Gomez, Yuri Rosero-Mora",NA,NA,NA,77.30772994129158,22.4
G-MB-S-MF_10,MB-S-MF_10,G-MB-S-MF,Gaica,Gaica mbd,2014-03-25,13-14,2014,3,25,84,12,08:44:00,00:00:00,1,4,4,Early,4,1,"Ronald Fernandez-Gomez, Yuri Rosero-Mora",NA,NA,NA,77.30772994129158,22.4
G-MB-S-MF_11,MB-S-MF_11,G-MB-S-MF,Gaica,Gaica mbd,2014-03-22,13-14,2014,3,22,81,9,09:53:00,00:00:00,1,4,1,Early,1,1,"Ronald Fernandez-Gomez, Yuri Rosero-Mora",NA,NA,NA,75.85986793837124,24.1
G-MB-S-MF_11,MB-S-MF_11,G-MB-S-MF,Gaica,Gaica mbd,2014-03-23,13-14,2014,3,23,82,10,09:15:00,00:00:00,1,4,2,Early,2,1,"Ronald Fernandez-Gomez, Yuri Rosero-Mora",NA,NA,NA,75.85986793837124,24.1
G-MB-S-MF_11,MB-S-MF_11,G-MB-S-MF,Gaica,Gaica mbd,2014-03-24,13-14,2014,3,24,83,11,08:40:00,00:00:00,1,4,3,Early,3,1,"Ronald Fernandez-Gomez, Yuri Rosero-Mora",NA,NA,NA,75.85986793837124,24.1
G-MB-S-MF_11,MB-S-MF_11,G-MB-S-MF,Gaica,Gaica mbd,2014-03-25,13-14,2014,3,25,84,12,09:10:00,00:00:00,1,4,4,Early,4,1,"Ronald Fernandez-Gomez, Yuri Rosero-Mora",NA,NA,NA,75.85986793837124,24.1
G-MB-S-MF_12,MB-S-MF_12,G-MB-S-MF,Gaica,Gaica mbd,2014-03-22,13-14,2014,3,22,81,9,10:13:00,00:00:00,1,4,1,Early,1,1,"Ronald Fernandez-Gomez, Yuri Rosero-Mora",NA,NA,NA,73.95176297747307,22
G-MB-S-MF_12,MB-S-MF_12,G-MB-S-MF,Gaica,Gaica mbd,2014-03-23,13-14,2014,3,23,82,10,09:32:00,00:00:00,1,4,2,Early,2,1,"Ronald Fernandez-Gomez, Yuri Rosero-Mora",NA,NA,NA,73.95176297747307,22
G-MB-S-MF_12,MB-S-MF_12,G-MB-S-MF,Gaica,Gaica mbd,2014-03-24,13-14,2014,3,24,83,11,09:00:00,00:00:00,1,4,3,Early,3,1,"Ronald Fernandez-Gomez, Yuri Rosero-Mora",NA,NA,NA,73.95176297747307,22
G-MB-S-MF_12,MB-S-MF_12,G-MB-S-MF,Gaica,Gaica mbd,2014-03-25,13-14,2014,3,25,84,12,09:32:00,00:00:00,1,4,4,Early,4,1,"Ronald Fernandez-Gomez, Yuri Rosero-Mora",NA,NA,NA,73.95176297747307,22
U-MB-M-A_01,MB-M-A_01,U-MB-M-A,Unillanos,Unillanos mbd,2019-11-17,19,2019,11,17,321,8,05:43:00,00:00:00,3,4,1,Early,1,1,"Alvaro Velasquez-Suarez, Evelyn Alvarez-Daza",NA,Despejado,NA,18.619176066699364,9.7
U-MB-M-A_01,MB-M-A_01,U-MB-M-A,Unillanos,Unillanos mbd,2019-11-18,19,2019,11,18,322,9,06:08:00,00:00:00,3,4,2,Early,2,1,Sergio Montoya-Arango,NA,Nublado,NA,18.619176066699364,9.7
U-MB-M-A_01,MB-M-A_01,U-MB-M-A,Unillanos,Unillanos mbd,2019-11-19,19,2019,11,19,323,10,06:33:00,00:00:00,3,4,3,Early,3,1,"Alvaro Velasquez-Suarez, Evelyn Alvarez-Daza",NA,Nublado,NA,18.619176066699364,9.7
U-MB-M-A_01,MB-M-A_01,U-MB-M-A,Unillanos,Unillanos mbd,2019-11-20,19,2019,11,20,324,11,06:26:00,00:00:00,3,4,4,Early,4,1,Sergio Montoya-Arango,NA,Nublado,NA,18.619176066699364,9.7
U-MB-M-A_02,MB-M-A_02,U-MB-M-A,Unillanos,Unillanos mbd,2019-11-17,19,2019,11,17,321,8,05:50:00,00:00:00,3,4,1,Early,1,1,Sergio Montoya-Arango,NA,Despejado,NA,24.060969637610185,0
U-MB-M-A_02,MB-M-A_02,U-MB-M-A,Unillanos,Unillanos mbd,2019-11-18,19,2019,11,18,322,9,06:07:00,00:00:00,3,4,2,Early,2,1,"Alvaro Velasquez-Suarez, Evelyn Alvarez-Daza",NA,Nublado,NA,24.060969637610185,0
U-MB-M-A_02,MB-M-A_02,U-MB-M-A,Unillanos,Unillanos mbd,2019-11-19,19,2019,11,19,323,10,06:34:00,00:00:00,3,4,3,Early,3,1,Sergio Montoya-Arango,NA,Nublado,NA,24.060969637610185,0
U-MB-M-A_02,MB-M-A_02,U-MB-M-A,Unillanos,Unillanos mbd,2019-11-20,19,2019,11,20,324,11,06:30:00,00:00:00,3,4,4,Early,4,1,"Alvaro Velasquez-Suarez, Evelyn Alvarez-Daza",NA,Llovizna,NA,24.060969637610185,0
U-MB-M-A_03,MB-M-A_03,U-MB-M-A,Unillanos,Unillanos mbd,2019-11-17,19,2019,11,17,321,8,06:04:00,00:00:00,3,4,1,Early,1,1,Sergio Montoya-Arango,NA,NA,NA,28.95647897713302,0
U-MB-M-A_03,MB-M-A_03,U-MB-M-A,Unillanos,Unillanos mbd,2019-11-18,19,2019,11,18,322,9,06:26:00,00:00:00,3,4,2,Early,2,1,"Alvaro Velasquez-Suarez, Evelyn Alvarez-Daza",NA,Nublado,NA,28.95647897713302,0
U-MB-M-A_03,MB-M-A_03,U-MB-M-A,Unillanos,Unillanos mbd,2019-11-19,19,2019,11,19,323,10,06:49:00,00:00:00,3,4,3,Early,3,1,Sergio Montoya-Arango,NA,Nublado,NA,28.95647897713302,0
U-MB-M-A_03,MB-M-A_03,U-MB-M-A,Unillanos,Unillanos mbd,2019-11-21,19,2019,11,21,325,12,06:01:00,00:00:00,3,4,4,Early,4,1,"Alvaro Velasquez-Suarez, Evelyn Alvarez-Daza",NA,Despejado,NA,28.95647897713302,0
U-MB-M-A_04,MB-M-A_04,U-MB-M-A,Unillanos,Unillanos mbd,2019-11-17,19,2019,11,17,321,8,06:19:00,00:00:00,3,4,1,Early,1,1,Sergio Montoya-Arango,NA,Despejado,NA,25.985738873862797,15.3
U-MB-M-A_04,MB-M-A_04,U-MB-M-A,Unillanos,Unillanos mbd,2019-11-18,19,2019,11,18,322,9,06:45:00,00:00:00,3,4,2,Early,2,1,"Alvaro Velasquez-Suarez, Evelyn Alvarez-Daza",NA,Nublado,NA,25.985738873862797,15.3
U-MB-M-A_04,MB-M-A_04,U-MB-M-A,Unillanos,Unillanos mbd,2019-11-19,19,2019,11,19,323,10,07:04:00,00:00:00,3,4,3,Early,3,1,Sergio Montoya-Arango,NA,Nublado,NA,25.985738873862797,15.3
U-MB-M-A_04,MB-M-A_04,U-MB-M-A,Unillanos,Unillanos mbd,2019-11-21,19,2019,11,21,325,12,06:18:00,00:00:00,3,4,4,Early,4,1,"Alvaro Velasquez-Suarez, Evelyn Alvarez-Daza",NA,Despejado,NA,25.985738873862797,15.3
U-MB-M-A_05,MB-M-A_05,U-MB-M-A,Unillanos,Unillanos mbd,2019-11-17,19,2019,11,17,321,8,06:37:00,00:00:00,3,4,1,Early,1,1,Sergio Montoya-Arango,NA,Despejado,NA,19.384445534838076,0
U-MB-M-A_05,MB-M-A_05,U-MB-M-A,Unillanos,Unillanos mbd,2019-11-18,19,2019,11,18,322,9,07:16:00,00:00:00,3,4,2,Early,2,1,"Alvaro Velasquez-Suarez, Evelyn Alvarez-Daza",NA,Nublado,NA,19.384445534838076,0
U-MB-M-A_05,MB-M-A_05,U-MB-M-A,Unillanos,Unillanos mbd,2019-11-19,19,2019,11,19,323,10,07:20:00,00:00:00,3,4,3,Early,3,1,Sergio Montoya-Arango,NA,Nublado,NA,19.384445534838076,0
U-MB-M-A_05,MB-M-A_05,U-MB-M-A,Unillanos,Unillanos mbd,2019-11-21,19,2019,11,21,325,12,06:39:00,00:00:00,3,4,4,Early,4,1,"Alvaro Velasquez-Suarez, Evelyn Alvarez-Daza",NA,Despejado,NA,19.384445534838076,0
U-MB-M-A_06,MB-M-A_06,U-MB-M-A,Unillanos,Unillanos mbd,2019-11-17,19,2019,11,17,321,8,06:56:00,00:00:00,3,4,1,Early,1,1,Sergio Montoya-Arango,NA,Despejado,NA,15.317156862745096,0
U-MB-M-A_06,MB-M-A_06,U-MB-M-A,Unillanos,Unillanos mbd,2019-11-18,19,2019,11,18,322,9,07:52:00,00:00:00,3,4,2,Early,2,1,"Alvaro Velasquez-Suarez, Evelyn Alvarez-Daza",NA,Llovizna,NA,15.317156862745096,0
U-MB-M-A_06,MB-M-A_06,U-MB-M-A,Unillanos,Unillanos mbd,2019-11-19,19,2019,11,19,323,10,07:38:00,00:00:00,3,4,3,Early,3,1,Sergio Montoya-Arango,NA,Nublado,NA,15.317156862745096,0
U-MB-M-A_06,MB-M-A_06,U-MB-M-A,Unillanos,Unillanos mbd,2019-11-21,19,2019,11,21,325,12,06:59:00,00:00:00,3,4,4,Early,4,1,"Alvaro Velasquez-Suarez, Evelyn Alvarez-Daza",NA,Llovizna,NA,15.317156862745096,0
U-MB-M-A_07,MB-M-A_07,U-MB-M-A,Unillanos,Unillanos mbd,2019-11-17,19,2019,11,17,321,8,07:13:00,00:00:00,3,4,1,Early,1,1,Sergio Montoya-Arango,NA,Despejado,NA,18.66756823211212,0
U-MB-M-A_07,MB-M-A_07,U-MB-M-A,Unillanos,Unillanos mbd,2019-11-18,19,2019,11,18,322,9,08:16:00,00:00:00,3,4,2,Early,2,1,"Alvaro Velasquez-Suarez, Evelyn Alvarez-Daza",NA,Nublado,NA,18.66756823211212,0
U-MB-M-A_07,MB-M-A_07,U-MB-M-A,Unillanos,Unillanos mbd,2019-11-19,19,2019,11,19,323,10,08:02:00,00:00:00,3,4,4,Early,3,0,NA,NA,NA,NA,18.66756823211212,0
U-MB-M-A_07,MB-M-A_07,U-MB-M-A,Unillanos,Unillanos mbd,2019-11-21,19,2019,11,21,325,12,07:32:00,00:00:00,3,4,3,Early,4,1,"Alvaro Velasquez-Suarez, Evelyn Alvarez-Daza",NA,Llovizna,NA,18.66756823211212,0
U-MB-M-A_08,MB-M-A_08,U-MB-M-A,Unillanos,Unillanos mbd,2019-11-17,19,2019,11,17,321,8,07:28:00,00:00:00,3,4,1,Early,1,1,Sergio Montoya-Arango,NA,Despejado,NA,19.799754601226994,0
U-MB-M-A_08,MB-M-A_08,U-MB-M-A,Unillanos,Unillanos mbd,2019-11-18,19,2019,11,18,322,9,08:37:00,00:00:00,3,4,2,Early,2,1,"Alvaro Velasquez-Suarez, Evelyn Alvarez-Daza",NA,Nublado,NA,19.799754601226994,0
U-MB-M-A_08,MB-M-A_08,U-MB-M-A,Unillanos,Unillanos mbd,2019-11-19,19,2019,11,19,323,10,08:11:00,00:00:00,3,4,3,Early,3,1,Sergio Montoya-Arango,NA,Nublado,NA,19.799754601226994,0
U-MB-M-A_08,MB-M-A_08,U-MB-M-A,Unillanos,Unillanos mbd,2019-11-21,19,2019,11,21,325,12,07:47:00,00:00:00,3,4,4,Early,4,1,"Alvaro Velasquez-Suarez, Evelyn Alvarez-Daza",NA,Nublado,NA,19.799754601226994,0
U-MB-M-A_09,MB-M-A_09,U-MB-M-A,Unillanos,Unillanos mbd,2019-11-17,19,2019,11,17,321,8,09:23:00,00:00:00,3,4,1,Early,1,1,Sergio Montoya-Arango,NA,Despejado,NA,22.660613496932516,10.8
U-MB-M-A_09,MB-M-A_09,U-MB-M-A,Unillanos,Unillanos mbd,2019-11-18,19,2019,11,18,322,9,08:57:00,00:00:00,3,4,2,Early,2,1,"Alvaro Velasquez-Suarez, Evelyn Alvarez-Daza",NA,Llovizna,NA,22.660613496932516,10.8
U-MB-M-A_09,MB-M-A_09,U-MB-M-A,Unillanos,Unillanos mbd,2019-11-19,19,2019,11,19,323,10,08:44:00,00:00:00,3,4,3,Early,3,1,Sergio Montoya-Arango,NA,Nublado,NA,22.660613496932516,10.8
U-MB-M-A_09,MB-M-A_09,U-MB-M-A,Unillanos,Unillanos mbd,2019-11-21,19,2019,11,21,325,12,08:05:00,00:00:00,3,4,4,Early,4,1,"Alvaro Velasquez-Suarez, Evelyn Alvarez-Daza",NA,Nublado,NA,22.660613496932516,10.8
U-MB-M-A_10,MB-M-A_10,U-MB-M-A,Unillanos,Unillanos mbd,2019-11-17,19,2019,11,17,321,8,09:04:00,00:00:00,3,4,1,Early,1,1,Sergio Montoya-Arango,NA,Despejado,NA,24.813480392156865,23.2
U-MB-M-A_10,MB-M-A_10,U-MB-M-A,Unillanos,Unillanos mbd,2019-11-18,19,2019,11,18,322,9,09:18:00,00:00:00,3,4,2,Early,2,1,"Alvaro Velasquez-Suarez, Evelyn Alvarez-Daza",NA,Llovizna,NA,24.813480392156865,23.2
U-MB-M-A_10,MB-M-A_10,U-MB-M-A,Unillanos,Unillanos mbd,2019-11-19,19,2019,11,19,323,10,09:08:00,00:00:00,3,4,3,Early,3,1,Sergio Montoya-Arango,NA,Despejado,NA,24.813480392156865,23.2
U-MB-M-A_10,MB-M-A_10,U-MB-M-A,Unillanos,Unillanos mbd,2019-11-21,19,2019,11,21,325,12,08:43:00,00:00:00,3,4,4,Early,4,1,"Alvaro Velasquez-Suarez, Evelyn Alvarez-Daza",NA,NA,NA,24.813480392156865,23.2
U-MB-M-A_13,MB-M-A_13,U-MB-M-A,Unillanos,Unillanos mbd,2019-11-17,19,2019,11,17,321,8,09:17:00,00:00:00,3,4,1,Early,1,1,"Alvaro Velasquez-Suarez, Evelyn Alvarez-Daza",NA,NA,NA,23.227932136710105,0
U-MB-M-A_13,MB-M-A_13,U-MB-M-A,Unillanos,Unillanos mbd,2019-11-18,19,2019,11,18,322,9,08:42:00,00:00:00,3,4,2,Early,2,1,Sergio Montoya-Arango,NA,Nublado,NA,23.227932136710105,0
U-MB-M-A_13,MB-M-A_13,U-MB-M-A,Unillanos,Unillanos mbd,2019-11-19,19,2019,11,19,323,10,07:57:00,00:00:00,3,4,3,Early,3,1,"Alvaro Velasquez-Suarez, Evelyn Alvarez-Daza",NA,Nublado,NA,23.227932136710105,0
U-MB-M-A_13,MB-M-A_13,U-MB-M-A,Unillanos,Unillanos mbd,2019-11-21,19,2019,11,21,325,12,08:38:00,00:00:00,3,4,4,Early,4,1,Sergio Montoya-Arango,NA,Nublado,NA,23.227932136710105,0
U-MB-M-A_14,MB-M-A_14,U-MB-M-A,Unillanos,Unillanos mbd,2019-11-18,19,2019,11,18,322,9,09:20:00,00:00:00,3,4,1,Early,1,1,Sergio Montoya-Arango,NA,Llovizna,NA,18.92319018404908,0
U-MB-M-A_14,MB-M-A_14,U-MB-M-A,Unillanos,Unillanos mbd,2019-11-19,19,2019,11,19,323,10,07:32:00,00:00:00,3,4,2,Early,2,1,"Alvaro Velasquez-Suarez, Evelyn Alvarez-Daza",NA,Nublado,NA,18.92319018404908,0
U-MB-M-A_14,MB-M-A_14,U-MB-M-A,Unillanos,Unillanos mbd,2019-11-20,19,2019,11,20,324,11,07:27:17,00:00:00,3,4,4,Early,3,0,NA,NA,NA,NA,18.92319018404908,0
U-MB-M-A_14,MB-M-A_14,U-MB-M-A,Unillanos,Unillanos mbd,2019-11-21,19,2019,11,21,325,12,08:55:00,00:00:00,3,4,3,Early,4,1,Sergio Montoya-Arango,NA,Nublado,NA,18.92319018404908,0
U-MB-M-A_15,MB-M-A_15,U-MB-M-A,Unillanos,Unillanos mbd,2019-11-18,19,2019,11,18,322,9,09:35:00,00:00:00,3,4,1,Early,1,1,Sergio Montoya-Arango,NA,Nublado,NA,15.85896492519009,0
U-MB-M-A_15,MB-M-A_15,U-MB-M-A,Unillanos,Unillanos mbd,2019-11-19,19,2019,11,19,323,10,07:14:00,00:00:00,3,4,2,Early,2,1,"Alvaro Velasquez-Suarez, Evelyn Alvarez-Daza",NA,Nublado,NA,15.85896492519009,0
U-MB-M-A_15,MB-M-A_15,U-MB-M-A,Unillanos,Unillanos mbd,2019-11-20,19,2019,11,20,324,11,07:27:17,00:00:00,3,4,4,Early,3,0,NA,NA,NA,NA,15.85896492519009,0
U-MB-M-A_15,MB-M-A_15,U-MB-M-A,Unillanos,Unillanos mbd,2019-11-21,19,2019,11,21,325,12,09:08:00,00:00:00,3,4,3,Early,4,1,Sergio Montoya-Arango,NA,Nublado,NA,15.85896492519009,0
U-MB-M-A_16,MB-M-A_16,U-MB-M-A,Unillanos,Unillanos mbd,2019-11-17,19,2019,11,17,321,8,06:15:00,00:00:00,3,4,1,Early,1,1,"Alvaro Velasquez-Suarez, Evelyn Alvarez-Daza",NA,Despejado,NA,16.284032376747607,16.3
U-MB-M-A_16,MB-M-A_16,U-MB-M-A,Unillanos,Unillanos mbd,2019-11-18,19,2019,11,18,322,9,06:28:00,00:00:00,3,4,2,Early,2,1,Sergio Montoya-Arango,NA,Nublado,NA,16.284032376747607,16.3
U-MB-M-A_16,MB-M-A_16,U-MB-M-A,Unillanos,Unillanos mbd,2019-11-20,19,2019,11,20,324,11,07:30:00,00:00:00,3,4,3,Early,3,1,"Alvaro Velasquez-Suarez, Evelyn Alvarez-Daza",NA,Llovizna,NA,16.284032376747607,16.3
U-MB-M-A_16,MB-M-A_16,U-MB-M-A,Unillanos,Unillanos mbd,2019-11-21,19,2019,11,21,325,12,05:52:00,00:00:00,3,4,4,Early,4,1,Sergio Montoya-Arango,NA,Despejado,NA,16.284032376747607,16.3
U-MB-M-A_17,MB-M-A_17,U-MB-M-A,Unillanos,Unillanos mbd,2019-11-17,19,2019,11,17,321,8,06:40:00,00:00:00,3,4,1,Early,1,1,"Alvaro Velasquez-Suarez, Evelyn Alvarez-Daza",NA,Despejado,NA,16.297012732615084,0
U-MB-M-A_17,MB-M-A_17,U-MB-M-A,Unillanos,Unillanos mbd,2019-11-18,19,2019,11,18,322,9,06:45:00,00:00:00,3,4,2,Early,2,1,Sergio Montoya-Arango,NA,Nublado,NA,16.297012732615084,0
U-MB-M-A_17,MB-M-A_17,U-MB-M-A,Unillanos,Unillanos mbd,2019-11-20,19,2019,11,20,324,11,07:50:00,00:00:00,3,4,3,Early,3,1,"Alvaro Velasquez-Suarez, Evelyn Alvarez-Daza",NA,Nublado,NA,16.297012732615084,0
U-MB-M-A_17,MB-M-A_17,U-MB-M-A,Unillanos,Unillanos mbd,2019-11-21,19,2019,11,21,325,12,06:08:00,00:00:00,3,4,4,Early,4,1,Sergio Montoya-Arango,NA,Despejado,NA,16.297012732615084,0
U-MB-M-A_18,MB-M-A_18,U-MB-M-A,Unillanos,Unillanos mbd,2019-11-17,19,2019,11,17,321,8,07:29:00,00:00:00,3,4,1,Early,1,1,"Alvaro Velasquez-Suarez, Evelyn Alvarez-Daza",NA,Despejado,NA,13.25178264076715,17.9
U-MB-M-A_18,MB-M-A_18,U-MB-M-A,Unillanos,Unillanos mbd,2019-11-18,19,2019,11,18,322,9,07:02:00,00:00:00,3,4,2,Early,2,1,Sergio Montoya-Arango,NA,Nublado,NA,13.25178264076715,17.9
U-MB-M-A_18,MB-M-A_18,U-MB-M-A,Unillanos,Unillanos mbd,2019-11-20,19,2019,11,20,324,11,08:12:00,00:00:00,3,4,3,Early,3,1,"Alvaro Velasquez-Suarez, Evelyn Alvarez-Daza",NA,Nublado,NA,13.25178264076715,17.9
U-MB-M-A_18,MB-M-A_18,U-MB-M-A,Unillanos,Unillanos mbd,2019-11-21,19,2019,11,21,325,12,06:32:00,00:00:00,3,4,4,Early,4,1,Sergio Montoya-Arango,NA,NA,NA,13.25178264076715,17.9
U-MB-M-A_19,MB-M-A_19,U-MB-M-A,Unillanos,Unillanos mbd,2019-11-17,19,2019,11,17,321,8,07:01:00,00:00:00,3,4,1,Early,1,1,"Alvaro Velasquez-Suarez, Evelyn Alvarez-Daza",NA,Despejado,NA,13.045733956233097,8.8
U-MB-M-A_19,MB-M-A_19,U-MB-M-A,Unillanos,Unillanos mbd,2019-11-18,19,2019,11,18,322,9,07:18:00,00:00:00,3,4,2,Early,2,1,Sergio Montoya-Arango,NA,Nublado,NA,13.045733956233097,8.8
U-MB-M-A_19,MB-M-A_19,U-MB-M-A,Unillanos,Unillanos mbd,2019-11-20,19,2019,11,20,324,11,08:31:00,00:00:00,3,4,3,Early,3,1,"Alvaro Velasquez-Suarez, Evelyn Alvarez-Daza",NA,Despejado,NA,13.045733956233097,8.8
U-MB-M-A_19,MB-M-A_19,U-MB-M-A,Unillanos,Unillanos mbd,2019-11-21,19,2019,11,21,325,12,06:49:00,00:00:00,3,4,4,Early,4,1,Sergio Montoya-Arango,NA,Nublado,NA,13.045733956233097,8.8
U-MB-M-A_20,MB-M-A_20,U-MB-M-A,Unillanos,Unillanos mbd,2019-11-17,19,2019,11,17,321,8,07:59:00,00:00:00,3,4,1,Early,1,1,"Alvaro Velasquez-Suarez, Evelyn Alvarez-Daza",NA,Despejado,NA,15.68826705940108,9.6
U-MB-M-A_20,MB-M-A_20,U-MB-M-A,Unillanos,Unillanos mbd,2019-11-18,19,2019,11,18,322,9,07:47:00,00:00:00,3,4,2,Early,2,1,Sergio Montoya-Arango,NA,Nublado,NA,15.68826705940108,9.6
U-MB-M-A_20,MB-M-A_20,U-MB-M-A,Unillanos,Unillanos mbd,2019-11-19,19,2019,11,19,323,10,09:15:00,00:00:00,3,4,3,Early,3,1,"Alvaro Velasquez-Suarez, Evelyn Alvarez-Daza",NA,Despejado,NA,15.68826705940108,9.6
U-MB-M-A_20,MB-M-A_20,U-MB-M-A,Unillanos,Unillanos mbd,2019-11-21,19,2019,11,21,325,12,07:49:00,00:00:00,3,4,4,Early,4,1,Sergio Montoya-Arango,NA,Brisa,NA,15.68826705940108,9.6
U-MB-M-A_21,MB-M-A_21,U-MB-M-A,Unillanos,Unillanos mbd,2019-11-17,19,2019,11,17,321,8,08:56:00,00:00:00,3,4,1,Early,1,1,"Alvaro Velasquez-Suarez, Evelyn Alvarez-Daza",NA,Despejado,NA,22.519372241294754,0
U-MB-M-A_21,MB-M-A_21,U-MB-M-A,Unillanos,Unillanos mbd,2019-11-18,19,2019,11,18,322,9,08:07:00,00:00:00,3,4,2,Early,2,1,Sergio Montoya-Arango,NA,Nublado,NA,22.519372241294754,0
U-MB-M-A_21,MB-M-A_21,U-MB-M-A,Unillanos,Unillanos mbd,2019-11-19,19,2019,11,19,323,10,08:14:00,00:00:00,3,4,3,Early,3,1,"Alvaro Velasquez-Suarez, Evelyn Alvarez-Daza",NA,Despejado,NA,22.519372241294754,0
U-MB-M-A_21,MB-M-A_21,U-MB-M-A,Unillanos,Unillanos mbd,2019-11-21,19,2019,11,21,325,12,08:07:00,00:00:00,3,4,4,Early,4,1,Sergio Montoya-Arango,NA,Nublado,NA,22.519372241294754,0
U-MB-M-A_22,MB-M-A_22,U-MB-M-A,Unillanos,Unillanos mbd,2019-11-17,19,2019,11,17,321,8,08:28:00,00:00:00,3,4,1,Early,1,1,"Alvaro Velasquez-Suarez, Evelyn Alvarez-Daza",NA,Despejado,NA,23.438725490196077,0
U-MB-M-A_22,MB-M-A_22,U-MB-M-A,Unillanos,Unillanos mbd,2019-11-18,19,2019,11,18,322,9,08:21:00,00:00:00,3,4,2,Early,2,1,Sergio Montoya-Arango,NA,Nublado,NA,23.438725490196077,0
U-MB-M-A_22,MB-M-A_22,U-MB-M-A,Unillanos,Unillanos mbd,2019-11-19,19,2019,11,19,323,10,08:45:00,00:00:00,3,4,3,Early,3,1,"Alvaro Velasquez-Suarez, Evelyn Alvarez-Daza",NA,NA,NA,23.438725490196077,0
U-MB-M-A_22,MB-M-A_22,U-MB-M-A,Unillanos,Unillanos mbd,2019-11-21,19,2019,11,21,325,12,08:22:00,00:00:00,3,4,4,Early,4,1,Sergio Montoya-Arango,NA,Nublado,NA,23.438725490196077,0
U-MB-M-A_23,MB-M-A_23,U-MB-M-A,Unillanos,Unillanos mbd,2019-11-17,19,2019,11,17,321,8,08:25:00,00:00:00,3,4,1,Early,1,1,Sergio Montoya-Arango,NA,NA,NA,24.16176470588235,0
U-MB-M-A_23,MB-M-A_23,U-MB-M-A,Unillanos,Unillanos mbd,2019-11-18,19,2019,11,18,322,9,09:54:00,00:00:00,3,4,2,Early,2,1,"Alvaro Velasquez-Suarez, Evelyn Alvarez-Daza",NA,Despejado,NA,24.16176470588235,0
U-MB-M-A_23,MB-M-A_23,U-MB-M-A,Unillanos,Unillanos mbd,2019-11-19,19,2019,11,19,323,10,09:44:00,00:00:00,3,4,3,Early,3,1,Sergio Montoya-Arango,NA,Nublado,NA,24.16176470588235,0
U-MB-M-A_23,MB-M-A_23,U-MB-M-A,Unillanos,Unillanos mbd,2019-11-21,19,2019,11,21,325,12,09:15:00,00:00:00,3,4,4,Early,4,1,"Alvaro Velasquez-Suarez, Evelyn Alvarez-Daza",NA,Despejado,NA,24.16176470588235,0
U-MB-M-A_24,MB-M-A_24,U-MB-M-A,Unillanos,Unillanos mbd,2019-11-17,19,2019,11,17,321,8,08:42:00,00:00:00,3,4,1,Early,1,1,Sergio Montoya-Arango,NA,Despejado,NA,24.68455882352941,0
U-MB-M-A_24,MB-M-A_24,U-MB-M-A,Unillanos,Unillanos mbd,2019-11-18,19,2019,11,18,322,9,09:38:00,00:00:00,3,4,2,Early,2,1,"Alvaro Velasquez-Suarez, Evelyn Alvarez-Daza",NA,Nublado,NA,24.68455882352941,0
U-MB-M-A_24,MB-M-A_24,U-MB-M-A,Unillanos,Unillanos mbd,2019-11-19,19,2019,11,19,323,10,09:28:00,00:00:00,3,4,3,Early,3,1,Sergio Montoya-Arango,NA,Despejado,NA,24.68455882352941,0
U-MB-M-A_24,MB-M-A_24,U-MB-M-A,Unillanos,Unillanos mbd,2019-11-21,19,2019,11,21,325,12,09:02:00,00:00:00,3,4,4,Early,4,1,"Alvaro Velasquez-Suarez, Evelyn Alvarez-Daza",NA,Despejado,NA,24.68455882352941,0
U-MB-M-A_25,MB-M-A_25,U-MB-M-A,Unillanos,Unillanos mbd,2019-11-17,19,2019,11,17,321,8,07:46:00,00:00:00,3,4,1,Early,1,1,Sergio Montoya-Arango,NA,Despejado,NA,22.559862610402355,0
U-MB-M-A_25,MB-M-A_25,U-MB-M-A,Unillanos,Unillanos mbd,2019-11-18,19,2019,11,18,322,9,10:15:00,00:00:00,3,4,2,Early,2,1,"Alvaro Velasquez-Suarez, Evelyn Alvarez-Daza",NA,Despejado,NA,22.559862610402355,0
U-MB-M-A_25,MB-M-A_25,U-MB-M-A,Unillanos,Unillanos mbd,2019-11-19,19,2019,11,19,323,10,08:26:00,00:00:00,3,4,3,Early,3,1,Sergio Montoya-Arango,NA,Nublado,NA,22.559862610402355,0
U-MB-M-A_25,MB-M-A_25,U-MB-M-A,Unillanos,Unillanos mbd,2019-11-21,19,2019,11,21,325,12,09:44:00,00:00:00,3,4,4,Early,4,1,"Alvaro Velasquez-Suarez, Evelyn Alvarez-Daza",NA,NA,NA,22.559862610402355,0
U-MB-M-A_26,MB-M-A_26,U-MB-M-A,Unillanos,Unillanos mbd,2019-11-17,19,2019,11,17,321,8,10:24:00,00:00:00,3,4,1,Early,1,1,"Alvaro Velasquez-Suarez, Evelyn Alvarez-Daza",NA,Despejado,NA,14.303803680981597,0
U-MB-M-A_26,MB-M-A_26,U-MB-M-A,Unillanos,Unillanos mbd,2019-11-18,19,2019,11,18,322,9,09:49:00,00:00:00,3,4,2,Early,2,1,Sergio Montoya-Arango,NA,Nublado,NA,14.303803680981597,0
U-MB-M-A_26,MB-M-A_26,U-MB-M-A,Unillanos,Unillanos mbd,2019-11-20,19,2019,11,20,324,11,07:12:00,00:00:00,3,4,3,Early,3,1,"Alvaro Velasquez-Suarez, Evelyn Alvarez-Daza",NA,Nublado,NA,14.303803680981597,0
U-MB-M-A_26,MB-M-A_26,U-MB-M-A,Unillanos,Unillanos mbd,2019-11-21,19,2019,11,21,325,12,09:26:00,00:00:00,3,4,4,Early,4,1,Sergio Montoya-Arango,NA,Nublado,NA,14.303803680981597,0
U-MB-M-EPO3_01,MB-M-EPO3_01,U-MB-M-EPO3,Unillanos,Unillanos mbd,2019-11-10,19,2019,11,10,314,1,05:43:00,00:00:00,3,4,1,Early,1,1,"Alvaro Velasquez-Suarez, Evelyn Alvarez-Daza",NA,Despejado,NA,32.73480392156863,8.3
U-MB-M-EPO3_01,MB-M-EPO3_01,U-MB-M-EPO3,Unillanos,Unillanos mbd,2019-11-11,19,2019,11,11,315,2,08:20:00,00:00:00,3,4,2,Early,2,1,"Alvaro Velasquez-Suarez, Evelyn Alvarez-Daza",NA,NA,NA,32.73480392156863,8.3
U-MB-M-EPO3_01,MB-M-EPO3_01,U-MB-M-EPO3,Unillanos,Unillanos mbd,2019-11-12,19,2019,11,12,316,3,05:36:00,00:00:00,3,4,3,Early,3,1,"Alvaro Velasquez-Suarez, Evelyn Alvarez-Daza",NA,NA,NA,32.73480392156863,8.3
U-MB-M-EPO3_01,MB-M-EPO3_01,U-MB-M-EPO3,Unillanos,Unillanos mbd,2019-11-13,19,2019,11,13,317,4,07:38:00,00:00:00,3,4,4,Early,4,1,"Alvaro Velasquez-Suarez, Evelyn Alvarez-Daza",NA,Nublado,NA,32.73480392156863,8.3
U-MB-M-EPO3_02,MB-M-EPO3_02,U-MB-M-EPO3,Unillanos,Unillanos mbd,2019-11-10,19,2019,11,10,314,1,06:10:00,00:00:00,3,4,1,Early,1,1,"Alvaro Velasquez-Suarez, Evelyn Alvarez-Daza",NA,NA,NA,29.907330227997058,24
U-MB-M-EPO3_02,MB-M-EPO3_02,U-MB-M-EPO3,Unillanos,Unillanos mbd,2019-11-11,19,2019,11,11,315,2,07:54:00,00:00:00,3,4,2,Early,2,1,"Alvaro Velasquez-Suarez, Evelyn Alvarez-Daza",NA,NA,NA,29.907330227997058,24
U-MB-M-EPO3_02,MB-M-EPO3_02,U-MB-M-EPO3,Unillanos,Unillanos mbd,2019-11-12,19,2019,11,12,316,3,06:00:00,00:00:00,3,4,3,Early,3,1,"Alvaro Velasquez-Suarez, Evelyn Alvarez-Daza",NA,NA,NA,29.907330227997058,24
U-MB-M-EPO3_02,MB-M-EPO3_02,U-MB-M-EPO3,Unillanos,Unillanos mbd,2019-11-13,19,2019,11,13,317,4,07:17:00,00:00:00,3,4,4,Early,4,1,"Alvaro Velasquez-Suarez, Evelyn Alvarez-Daza",NA,NA,NA,29.907330227997058,24
U-MB-M-EPO3_03,MB-M-EPO3_03,U-MB-M-EPO3,Unillanos,Unillanos mbd,2019-11-10,19,2019,11,10,314,1,06:35:00,00:00:00,3,4,1,Early,1,1,"Alvaro Velasquez-Suarez, Evelyn Alvarez-Daza",NA,Despejado,NA,28,17
U-MB-M-EPO3_03,MB-M-EPO3_03,U-MB-M-EPO3,Unillanos,Unillanos mbd,2019-11-11,19,2019,11,11,315,2,07:25:00,00:00:00,3,4,2,Early,2,1,"Alvaro Velasquez-Suarez, Evelyn Alvarez-Daza",NA,NA,NA,28,17
U-MB-M-EPO3_03,MB-M-EPO3_03,U-MB-M-EPO3,Unillanos,Unillanos mbd,2019-11-12,19,2019,11,12,316,3,06:22:00,00:00:00,3,4,3,Early,3,1,"Alvaro Velasquez-Suarez, Evelyn Alvarez-Daza",NA,Nublado,NA,28,17
U-MB-M-EPO3_03,MB-M-EPO3_03,U-MB-M-EPO3,Unillanos,Unillanos mbd,2019-11-13,19,2019,11,13,317,4,06:53:00,00:00:00,3,4,4,Early,4,1,"Alvaro Velasquez-Suarez, Evelyn Alvarez-Daza",NA,NA,NA,28,17
U-MB-M-EPO3_04,MB-M-EPO3_04,U-MB-M-EPO3,Unillanos,Unillanos mbd,2019-11-10,19,2019,11,10,314,1,07:05:00,00:00:00,3,4,1,Early,1,1,"Alvaro Velasquez-Suarez, Evelyn Alvarez-Daza",NA,NA,NA,27.951518119490697,8.3
U-MB-M-EPO3_04,MB-M-EPO3_04,U-MB-M-EPO3,Unillanos,Unillanos mbd,2019-11-11,19,2019,11,11,315,2,06:57:00,00:00:00,3,4,2,Early,2,1,"Alvaro Velasquez-Suarez, Evelyn Alvarez-Daza",NA,NA,NA,27.951518119490697,8.3
U-MB-M-EPO3_04,MB-M-EPO3_04,U-MB-M-EPO3,Unillanos,Unillanos mbd,2019-11-12,19,2019,11,12,316,3,06:52:00,00:00:00,3,4,3,Early,3,1,"Alvaro Velasquez-Suarez, Evelyn Alvarez-Daza",NA,Llovizna,NA,27.951518119490697,8.3
U-MB-M-EPO3_04,MB-M-EPO3_04,U-MB-M-EPO3,Unillanos,Unillanos mbd,2019-11-13,19,2019,11,13,317,4,06:24:00,00:00:00,3,4,4,Early,4,1,"Alvaro Velasquez-Suarez, Evelyn Alvarez-Daza",NA,NA,NA,27.951518119490697,8.3
U-MB-M-EPO3_05,MB-M-EPO3_05,U-MB-M-EPO3,Unillanos,Unillanos mbd,2019-11-10,19,2019,11,10,314,1,07:25:00,00:00:00,3,4,1,Early,1,1,"Alvaro Velasquez-Suarez, Evelyn Alvarez-Daza",NA,Despejado,NA,27.382446678107375,13.2
U-MB-M-EPO3_05,MB-M-EPO3_05,U-MB-M-EPO3,Unillanos,Unillanos mbd,2019-11-11,19,2019,11,11,315,2,06:25:00,00:00:00,3,4,2,Early,2,1,"Alvaro Velasquez-Suarez, Evelyn Alvarez-Daza",NA,NA,NA,27.382446678107375,13.2
U-MB-M-EPO3_05,MB-M-EPO3_05,U-MB-M-EPO3,Unillanos,Unillanos mbd,2019-11-12,19,2019,11,12,316,3,07:11:00,00:00:00,3,4,3,Early,3,1,"Alvaro Velasquez-Suarez, Evelyn Alvarez-Daza",NA,Nublado,NA,27.382446678107375,13.2
U-MB-M-EPO3_05,MB-M-EPO3_05,U-MB-M-EPO3,Unillanos,Unillanos mbd,2019-11-13,19,2019,11,13,317,4,06:04:00,00:00:00,3,4,4,Early,4,1,"Alvaro Velasquez-Suarez, Evelyn Alvarez-Daza",NA,NA,NA,27.382446678107375,13.2
U-MB-M-EPO3_06,MB-M-EPO3_06,U-MB-M-EPO3,Unillanos,Unillanos mbd,2019-11-10,19,2019,11,10,314,1,06:35:36,00:00:00,3,4,3,Early,1,0,NA,NA,NA,NA,31.384634266077565,0
U-MB-M-EPO3_06,MB-M-EPO3_06,U-MB-M-EPO3,Unillanos,Unillanos mbd,2019-11-11,19,2019,11,11,315,2,05:54:00,00:00:00,3,4,1,Early,2,1,"Alvaro Velasquez-Suarez, Evelyn Alvarez-Daza",NA,NA,NA,31.384634266077565,0
U-MB-M-EPO3_06,MB-M-EPO3_06,U-MB-M-EPO3,Unillanos,Unillanos mbd,2019-11-11,19,2019,11,11,315,2,07:09:10,00:00:00,3,4,4,Early,3,0,NA,NA,NA,NA,31.384634266077565,0
U-MB-M-EPO3_06,MB-M-EPO3_06,U-MB-M-EPO3,Unillanos,Unillanos mbd,2019-11-13,19,2019,11,13,317,4,05:45:00,00:00:00,3,4,2,Early,4,1,"Alvaro Velasquez-Suarez, Evelyn Alvarez-Daza",NA,NA,NA,31.384634266077565,0
U-MB-M-LP2_01,MB-M-LP2_01,U-MB-M-LP2,Unillanos,Unillanos mbd,2019-11-24,19,2019,11,24,328,15,05:53:00,00:00:00,3,4,1,Early,1,1,"Alvaro Velasquez-Suarez, Evelyn Alvarez-Daza",NA,Despejado,NA,28.486134969325153,0
U-MB-M-LP2_01,MB-M-LP2_01,U-MB-M-LP2,Unillanos,Unillanos mbd,2019-11-25,19,2019,11,25,329,16,06:04:00,00:00:00,3,4,2,Early,2,1,Sergio Montoya-Arango,NA,Nublado,NA,28.486134969325153,0
U-MB-M-LP2_01,MB-M-LP2_01,U-MB-M-LP2,Unillanos,Unillanos mbd,2019-11-26,19,2019,11,26,330,17,05:55:00,00:00:00,3,4,3,Early,3,1,"Alvaro Velasquez-Suarez, Evelyn Alvarez-Daza",NA,Nublado,NA,28.486134969325153,0
U-MB-M-LP2_01,MB-M-LP2_01,U-MB-M-LP2,Unillanos,Unillanos mbd,2019-11-26,19,2019,11,26,330,17,09:08:00,00:00:00,3,4,4,Early,4,1,Sergio Montoya-Arango,NA,Nublado,NA,28.486134969325153,0
U-MB-M-LP2_02,MB-M-LP2_02,U-MB-M-LP2,Unillanos,Unillanos mbd,2019-11-24,19,2019,11,24,328,15,06:23:00,00:00:00,3,4,1,Early,1,1,"Alvaro Velasquez-Suarez, Evelyn Alvarez-Daza",NA,Despejado,NA,27.93006134969325,11.5
U-MB-M-LP2_02,MB-M-LP2_02,U-MB-M-LP2,Unillanos,Unillanos mbd,2019-11-25,19,2019,11,25,329,16,06:19:00,00:00:00,3,4,2,Early,2,1,Sergio Montoya-Arango,NA,Nublado,NA,27.93006134969325,11.5
U-MB-M-LP2_02,MB-M-LP2_02,U-MB-M-LP2,Unillanos,Unillanos mbd,2019-11-26,19,2019,11,26,330,17,06:15:00,00:00:00,3,4,3,Early,3,1,"Alvaro Velasquez-Suarez, Evelyn Alvarez-Daza",NA,NA,NA,27.93006134969325,11.5
U-MB-M-LP2_02,MB-M-LP2_02,U-MB-M-LP2,Unillanos,Unillanos mbd,2019-11-26,19,2019,11,26,330,17,09:23:00,00:00:00,3,4,4,Early,4,1,Sergio Montoya-Arango,NA,Nublado,NA,27.93006134969325,11.5
U-MB-M-LP2_03,MB-M-LP2_03,U-MB-M-LP2,Unillanos,Unillanos mbd,2019-11-24,19,2019,11,24,328,15,06:45:00,00:00:00,3,4,1,Early,1,1,"Alvaro Velasquez-Suarez, Evelyn Alvarez-Daza",NA,Despejado,NA,27.30269607843137,12.9
U-MB-M-LP2_03,MB-M-LP2_03,U-MB-M-LP2,Unillanos,Unillanos mbd,2019-11-25,19,2019,11,25,329,16,06:37:00,00:00:00,3,4,2,Early,2,1,Sergio Montoya-Arango,NA,Nublado,NA,27.30269607843137,12.9
U-MB-M-LP2_03,MB-M-LP2_03,U-MB-M-LP2,Unillanos,Unillanos mbd,2019-11-26,19,2019,11,26,330,17,06:31:00,00:00:00,3,4,3,Early,3,1,"Alvaro Velasquez-Suarez, Evelyn Alvarez-Daza",NA,Despejado,NA,27.30269607843137,12.9
U-MB-M-LP2_03,MB-M-LP2_03,U-MB-M-LP2,Unillanos,Unillanos mbd,2019-11-26,19,2019,11,26,330,17,09:39:00,00:00:00,3,4,4,Early,4,1,Sergio Montoya-Arango,NA,Nublado,NA,27.30269607843137,12.9
U-MB-M-LP2_04,MB-M-LP2_04,U-MB-M-LP2,Unillanos,Unillanos mbd,2019-11-24,19,2019,11,24,328,15,07:12:00,00:00:00,3,4,1,Early,1,1,"Alvaro Velasquez-Suarez, Evelyn Alvarez-Daza",NA,Despejado,NA,25.950184049079756,11.6
U-MB-M-LP2_04,MB-M-LP2_04,U-MB-M-LP2,Unillanos,Unillanos mbd,2019-11-25,19,2019,11,25,329,16,06:52:00,00:00:00,3,4,2,Early,2,1,Sergio Montoya-Arango,NA,Nublado,NA,25.950184049079756,11.6
U-MB-M-LP2_04,MB-M-LP2_04,U-MB-M-LP2,Unillanos,Unillanos mbd,2019-11-26,19,2019,11,26,330,17,06:48:00,00:00:00,3,4,3,Early,3,1,"Alvaro Velasquez-Suarez, Evelyn Alvarez-Daza",NA,Despejado,NA,25.950184049079756,11.6
U-MB-M-LP2_04,MB-M-LP2_04,U-MB-M-LP2,Unillanos,Unillanos mbd,2019-11-26,19,2019,11,26,330,17,09:54:00,00:00:00,3,4,4,Early,4,1,Sergio Montoya-Arango,NA,Nublado,NA,25.950184049079756,11.6
U-MB-M-LP2_05,MB-M-LP2_05,U-MB-M-LP2,Unillanos,Unillanos mbd,2019-11-24,19,2019,11,24,328,15,07:29:00,00:00:00,3,4,1,Early,1,1,"Alvaro Velasquez-Suarez, Evelyn Alvarez-Daza",NA,Despejado,NA,25.644820814923907,21
U-MB-M-LP2_05,MB-M-LP2_05,U-MB-M-LP2,Unillanos,Unillanos mbd,2019-11-25,19,2019,11,25,329,16,07:20:00,00:00:00,3,4,2,Early,2,1,Sergio Montoya-Arango,NA,Nublado,NA,25.644820814923907,21
U-MB-M-LP2_05,MB-M-LP2_05,U-MB-M-LP2,Unillanos,Unillanos mbd,2019-11-26,19,2019,11,26,330,17,07:12:00,00:00:00,3,4,3,Early,3,1,"Alvaro Velasquez-Suarez, Evelyn Alvarez-Daza",NA,NA,NA,25.644820814923907,21
U-MB-M-LP2_05,MB-M-LP2_05,U-MB-M-LP2,Unillanos,Unillanos mbd,2019-11-26,19,2019,11,26,330,17,10:13:00,00:00:00,3,4,4,Early,4,1,Sergio Montoya-Arango,NA,Nublado,NA,25.644820814923907,21
U-MB-M-LP2_06,MB-M-LP2_06,U-MB-M-LP2,Unillanos,Unillanos mbd,2019-11-24,19,2019,11,24,328,15,07:51:00,00:00:00,3,4,1,Early,1,1,"Alvaro Velasquez-Suarez, Evelyn Alvarez-Daza",NA,Despejado,NA,23.05590975968612,0
U-MB-M-LP2_06,MB-M-LP2_06,U-MB-M-LP2,Unillanos,Unillanos mbd,2019-11-25,19,2019,11,25,329,16,07:40:00,00:00:00,3,4,2,Early,2,1,Sergio Montoya-Arango,NA,Nublado,NA,23.05590975968612,0
U-MB-M-LP2_06,MB-M-LP2_06,U-MB-M-LP2,Unillanos,Unillanos mbd,2019-11-26,19,2019,11,26,330,17,05:55:00,00:00:00,3,4,3,Early,3,1,Sergio Montoya-Arango,NA,Nublado,NA,23.05590975968612,0
U-MB-M-LP2_06,MB-M-LP2_06,U-MB-M-LP2,Unillanos,Unillanos mbd,2019-11-26,19,2019,11,26,330,17,07:31:00,00:00:00,3,4,4,Early,4,1,"Alvaro Velasquez-Suarez, Evelyn Alvarez-Daza",NA,Despejado,NA,23.05590975968612,0
U-MB-M-LP2_07,MB-M-LP2_07,U-MB-M-LP2,Unillanos,Unillanos mbd,2019-11-24,19,2019,11,24,328,15,07:35:00,00:00:00,3,4,1,Early,1,1,Sergio Montoya-Arango,NA,Nublado,NA,23.002207505518765,0
U-MB-M-LP2_07,MB-M-LP2_07,U-MB-M-LP2,Unillanos,Unillanos mbd,2019-11-25,19,2019,11,25,329,16,05:59:00,00:00:00,3,4,2,Early,2,1,"Alvaro Velasquez-Suarez, Evelyn Alvarez-Daza",NA,Despejado,NA,23.002207505518765,0
U-MB-M-LP2_07,MB-M-LP2_07,U-MB-M-LP2,Unillanos,Unillanos mbd,2019-11-26,19,2019,11,26,330,17,06:10:00,00:00:00,3,4,3,Early,3,1,Sergio Montoya-Arango,NA,Nublado,NA,23.002207505518765,0
U-MB-M-LP2_07,MB-M-LP2_07,U-MB-M-LP2,Unillanos,Unillanos mbd,2019-11-26,19,2019,11,26,330,17,07:46:00,00:00:00,3,4,4,Early,4,1,"Alvaro Velasquez-Suarez, Evelyn Alvarez-Daza",NA,Despejado,NA,23.002207505518765,0
U-MB-M-LP2_08,MB-M-LP2_08,U-MB-M-LP2,Unillanos,Unillanos mbd,2019-11-24,19,2019,11,24,328,15,07:19:00,00:00:00,3,4,1,Early,1,1,Sergio Montoya-Arango,NA,Nublado,NA,24.66855175805262,0
U-MB-M-LP2_08,MB-M-LP2_08,U-MB-M-LP2,Unillanos,Unillanos mbd,2019-11-25,19,2019,11,25,329,16,06:21:00,00:00:00,3,4,2,Early,2,1,"Alvaro Velasquez-Suarez, Evelyn Alvarez-Daza",NA,Despejado,NA,24.66855175805262,0
U-MB-M-LP2_08,MB-M-LP2_08,U-MB-M-LP2,Unillanos,Unillanos mbd,2019-11-26,19,2019,11,26,330,17,06:27:00,00:00:00,3,4,3,Early,3,1,Sergio Montoya-Arango,NA,Nublado,NA,24.66855175805262,0
U-MB-M-LP2_08,MB-M-LP2_08,U-MB-M-LP2,Unillanos,Unillanos mbd,2019-11-26,19,2019,11,26,330,17,08:04:00,00:00:00,3,4,4,Early,4,1,"Alvaro Velasquez-Suarez, Evelyn Alvarez-Daza",NA,Despejado,NA,24.66855175805262,0
U-MB-M-LP2_09,MB-M-LP2_09,U-MB-M-LP2,Unillanos,Unillanos mbd,2019-11-24,19,2019,11,24,328,15,07:04:00,00:00:00,3,4,1,Early,1,1,Sergio Montoya-Arango,NA,Nublado,NA,28.36299019607843,0
U-MB-M-LP2_09,MB-M-LP2_09,U-MB-M-LP2,Unillanos,Unillanos mbd,2019-11-25,19,2019,11,25,329,16,06:37:00,00:00:00,3,4,2,Early,2,1,"Alvaro Velasquez-Suarez, Evelyn Alvarez-Daza",NA,Despejado,NA,28.36299019607843,0
U-MB-M-LP2_09,MB-M-LP2_09,U-MB-M-LP2,Unillanos,Unillanos mbd,2019-11-26,19,2019,11,26,330,17,06:41:00,00:00:00,3,4,3,Early,3,1,Sergio Montoya-Arango,NA,Nublado,NA,28.36299019607843,0
U-MB-M-LP2_09,MB-M-LP2_09,U-MB-M-LP2,Unillanos,Unillanos mbd,2019-11-26,19,2019,11,26,330,17,08:20:00,00:00:00,3,4,4,Early,4,1,"Alvaro Velasquez-Suarez, Evelyn Alvarez-Daza",NA,Despejado,NA,28.36299019607843,0
U-MB-M-LP2_10,MB-M-LP2_10,U-MB-M-LP2,Unillanos,Unillanos mbd,2019-11-24,19,2019,11,24,328,15,06:47:00,00:00:00,3,4,1,Early,1,1,Sergio Montoya-Arango,NA,Despejado,NA,35.849852796859665,0
U-MB-M-LP2_10,MB-M-LP2_10,U-MB-M-LP2,Unillanos,Unillanos mbd,2019-11-25,19,2019,11,25,329,16,06:49:00,00:00:00,3,4,2,Early,2,1,"Alvaro Velasquez-Suarez, Evelyn Alvarez-Daza",NA,Despejado,NA,35.849852796859665,0
U-MB-M-LP2_10,MB-M-LP2_10,U-MB-M-LP2,Unillanos,Unillanos mbd,2019-11-26,19,2019,11,26,330,17,06:55:00,00:00:00,3,4,3,Early,3,1,Sergio Montoya-Arango,NA,Nublado,NA,35.849852796859665,0
U-MB-M-LP2_10,MB-M-LP2_10,U-MB-M-LP2,Unillanos,Unillanos mbd,2019-11-26,19,2019,11,26,330,17,08:36:00,00:00:00,3,4,4,Early,4,1,"Alvaro Velasquez-Suarez, Evelyn Alvarez-Daza",NA,Despejado,NA,35.849852796859665,0
U-MB-M-LP2_11,MB-M-LP2_11,U-MB-M-LP2,Unillanos,Unillanos mbd,2019-11-24,19,2019,11,24,328,15,06:02:00,00:00:00,3,4,1,Early,1,1,Sergio Montoya-Arango,NA,Despejado,NA,24.608535688005887,16.1
U-MB-M-LP2_11,MB-M-LP2_11,U-MB-M-LP2,Unillanos,Unillanos mbd,2019-11-25,19,2019,11,25,329,16,07:44:00,00:00:00,3,4,2,Early,2,1,"Alvaro Velasquez-Suarez, Evelyn Alvarez-Daza",NA,Despejado,NA,24.608535688005887,16.1
U-MB-M-LP2_11,MB-M-LP2_11,U-MB-M-LP2,Unillanos,Unillanos mbd,2019-11-26,19,2019,11,26,330,17,07:24:00,00:00:00,3,4,3,Early,3,1,Sergio Montoya-Arango,NA,Nublado,NA,24.608535688005887,16.1
U-MB-M-LP2_11,MB-M-LP2_11,U-MB-M-LP2,Unillanos,Unillanos mbd,2019-11-26,19,2019,11,26,330,17,09:18:00,00:00:00,3,4,4,Early,4,1,"Alvaro Velasquez-Suarez, Evelyn Alvarez-Daza",NA,Despejado,NA,24.608535688005887,16.1
U-MB-M-LP2_12,MB-M-LP2_12,U-MB-M-LP2,Unillanos,Unillanos mbd,2019-11-24,19,2019,11,24,328,15,06:20:00,00:00:00,3,4,1,Early,1,1,Sergio Montoya-Arango,NA,Nublado,NA,23.1413818539464,9.5
U-MB-M-LP2_12,MB-M-LP2_12,U-MB-M-LP2,Unillanos,Unillanos mbd,2019-11-25,19,2019,11,25,329,16,07:26:00,00:00:00,3,4,2,Early,2,1,"Alvaro Velasquez-Suarez, Evelyn Alvarez-Daza",NA,Despejado,NA,23.1413818539464,9.5
U-MB-M-LP2_12,MB-M-LP2_12,U-MB-M-LP2,Unillanos,Unillanos mbd,2019-11-26,19,2019,11,26,330,17,07:48:00,00:00:00,3,4,3,Early,3,1,Sergio Montoya-Arango,NA,Nublado,NA,23.1413818539464,9.5
U-MB-M-LP2_12,MB-M-LP2_12,U-MB-M-LP2,Unillanos,Unillanos mbd,2019-11-26,19,2019,11,26,330,17,09:02:00,00:00:00,3,4,4,Early,4,1,"Alvaro Velasquez-Suarez, Evelyn Alvarez-Daza",NA,Despejado,NA,23.1413818539464,9.5
U-MB-M-LRO1_01,MB-M-LRO1_01,U-MB-M-LRO1,Unillanos,Unillanos mbd,2019-11-10,19,2019,11,10,314,1,06:35:00,00:00:00,3,4,1,Early,1,1,Sergio Montoya-Arango,NA,Nublado,NA,47.952661270542066,17.4
U-MB-M-LRO1_01,MB-M-LRO1_01,U-MB-M-LRO1,Unillanos,Unillanos mbd,2019-11-11,19,2019,11,11,315,2,05:51:00,00:00:00,3,4,2,Early,2,1,Sergio Montoya-Arango,NA,Despejado,NA,47.952661270542066,17.4
U-MB-M-LRO1_01,MB-M-LRO1_01,U-MB-M-LRO1,Unillanos,Unillanos mbd,2019-11-12,19,2019,11,12,316,3,06:49:00,00:00:00,3,4,3,Early,3,1,Sergio Montoya-Arango,NA,Nublado,NA,47.952661270542066,17.4
U-MB-M-LRO1_01,MB-M-LRO1_01,U-MB-M-LRO1,Unillanos,Unillanos mbd,2019-11-13,19,2019,11,13,317,4,06:44:00,00:00:00,3,4,4,Early,4,1,Sergio Montoya-Arango,NA,NA,NA,47.952661270542066,17.4
U-MB-M-LRO1_02,MB-M-LRO1_02,U-MB-M-LRO1,Unillanos,Unillanos mbd,2019-11-10,19,2019,11,10,314,1,06:56:00,00:00:00,3,4,1,Early,1,1,Sergio Montoya-Arango,NA,NA,NA,50.040225656119695,0
U-MB-M-LRO1_02,MB-M-LRO1_02,U-MB-M-LRO1,Unillanos,Unillanos mbd,2019-11-11,19,2019,11,11,315,2,06:08:00,00:00:00,3,4,2,Early,2,1,Sergio Montoya-Arango,NA,Nublado,NA,50.040225656119695,0
U-MB-M-LRO1_02,MB-M-LRO1_02,U-MB-M-LRO1,Unillanos,Unillanos mbd,2019-11-12,19,2019,11,12,316,3,07:06:00,00:00:00,3,4,3,Early,3,1,Sergio Montoya-Arango,NA,Nublado,NA,50.040225656119695,0
U-MB-M-LRO1_02,MB-M-LRO1_02,U-MB-M-LRO1,Unillanos,Unillanos mbd,2019-11-13,19,2019,11,13,317,4,07:03:00,00:00:00,3,4,4,Early,4,1,Sergio Montoya-Arango,NA,NA,NA,50.040225656119695,0
U-MB-M-LRO1_03,MB-M-LRO1_03,U-MB-M-LRO1,Unillanos,Unillanos mbd,2019-11-10,19,2019,11,10,314,1,07:19:00,00:00:00,3,4,1,Early,1,1,Sergio Montoya-Arango,NA,NA,NA,49.81869479882238,0
U-MB-M-LRO1_03,MB-M-LRO1_03,U-MB-M-LRO1,Unillanos,Unillanos mbd,2019-11-11,19,2019,11,11,315,2,06:23:00,00:00:00,3,4,2,Early,2,1,Sergio Montoya-Arango,NA,Nublado,NA,49.81869479882238,0
U-MB-M-LRO1_03,MB-M-LRO1_03,U-MB-M-LRO1,Unillanos,Unillanos mbd,2019-11-12,19,2019,11,12,316,3,07:20:00,00:00:00,3,4,3,Early,3,1,Sergio Montoya-Arango,NA,Nublado,NA,49.81869479882238,0
U-MB-M-LRO1_03,MB-M-LRO1_03,U-MB-M-LRO1,Unillanos,Unillanos mbd,2019-11-13,19,2019,11,13,317,4,07:18:00,00:00:00,3,4,4,Early,4,1,Sergio Montoya-Arango,NA,NA,NA,49.81869479882238,0
U-MB-M-LRO1_04,MB-M-LRO1_04,U-MB-M-LRO1,Unillanos,Unillanos mbd,2019-11-10,19,2019,11,10,314,1,07:39:00,00:00:00,3,4,1,Early,1,1,Sergio Montoya-Arango,NA,Nublado,NA,47.07990196078431,9
U-MB-M-LRO1_04,MB-M-LRO1_04,U-MB-M-LRO1,Unillanos,Unillanos mbd,2019-11-11,19,2019,11,11,315,2,06:39:00,00:00:00,3,4,2,Early,2,1,Sergio Montoya-Arango,NA,Brisa,NA,47.07990196078431,9
U-MB-M-LRO1_04,MB-M-LRO1_04,U-MB-M-LRO1,Unillanos,Unillanos mbd,2019-11-12,19,2019,11,12,316,3,07:35:00,00:00:00,3,4,3,Early,3,1,Sergio Montoya-Arango,NA,Nublado,NA,47.07990196078431,9
U-MB-M-LRO1_04,MB-M-LRO1_04,U-MB-M-LRO1,Unillanos,Unillanos mbd,2019-11-13,19,2019,11,13,317,4,07:34:00,00:00:00,3,4,4,Early,4,1,Sergio Montoya-Arango,NA,Nublado,NA,47.07990196078431,9
U-MB-M-LRO1_05,MB-M-LRO1_05,U-MB-M-LRO1,Unillanos,Unillanos mbd,2019-11-10,19,2019,11,10,314,1,06:13:00,00:00:00,3,4,1,Early,1,1,Sergio Montoya-Arango,NA,NA,NA,45.08827145315958,22.1
U-MB-M-LRO1_05,MB-M-LRO1_05,U-MB-M-LRO1,Unillanos,Unillanos mbd,2019-11-11,19,2019,11,11,315,2,08:55:00,00:00:00,3,4,2,Early,2,1,Sergio Montoya-Arango,NA,Nublado,NA,45.08827145315958,22.1
U-MB-M-LRO1_05,MB-M-LRO1_05,U-MB-M-LRO1,Unillanos,Unillanos mbd,2019-11-12,19,2019,11,12,316,3,06:18:00,00:00:00,3,4,3,Early,3,1,Sergio Montoya-Arango,NA,NA,NA,45.08827145315958,22.1
U-MB-M-LRO1_05,MB-M-LRO1_05,U-MB-M-LRO1,Unillanos,Unillanos mbd,2019-11-13,19,2019,11,13,317,4,06:25:00,00:00:00,3,4,4,Early,4,1,Sergio Montoya-Arango,NA,Nublado,NA,45.08827145315958,22.1
U-MB-M-LRO1_06,MB-M-LRO1_06,U-MB-M-LRO1,Unillanos,Unillanos mbd,2019-11-10,19,2019,11,10,314,1,05:56:00,00:00:00,3,4,1,Early,1,1,Sergio Montoya-Arango,NA,Despejado,NA,43.94088790777533,22.7
U-MB-M-LRO1_06,MB-M-LRO1_06,U-MB-M-LRO1,Unillanos,Unillanos mbd,2019-11-11,19,2019,11,11,315,2,09:12:00,00:00:00,3,4,2,Early,2,1,Sergio Montoya-Arango,NA,Nublado,NA,43.94088790777533,22.7
U-MB-M-LRO1_06,MB-M-LRO1_06,U-MB-M-LRO1,Unillanos,Unillanos mbd,2019-11-12,19,2019,11,12,316,3,06:01:00,00:00:00,3,4,3,Early,3,1,Sergio Montoya-Arango,NA,Despejado,NA,43.94088790777533,22.7
U-MB-M-LRO1_06,MB-M-LRO1_06,U-MB-M-LRO1,Unillanos,Unillanos mbd,2019-11-13,19,2019,11,13,317,4,06:08:00,00:00:00,3,4,4,Early,4,1,Sergio Montoya-Arango,NA,Nublado,NA,43.94088790777533,22.7
U-MB-M-LRO1_07,MB-M-LRO1_07,U-MB-M-LRO1,Unillanos,Unillanos mbd,2019-11-10,19,2019,11,10,314,1,05:32:00,00:00:00,3,4,1,Early,1,1,Sergio Montoya-Arango,NA,Despejado,NA,37.04942217850996,0
U-MB-M-LRO1_07,MB-M-LRO1_07,U-MB-M-LRO1,Unillanos,Unillanos mbd,2019-11-11,19,2019,11,11,315,2,09:37:00,00:00:00,3,4,2,Early,2,1,Sergio Montoya-Arango,NA,Nublado,NA,37.04942217850996,0
U-MB-M-LRO1_07,MB-M-LRO1_07,U-MB-M-LRO1,Unillanos,Unillanos mbd,2019-11-12,19,2019,11,12,316,3,05:40:00,00:00:00,3,4,3,Early,3,1,Sergio Montoya-Arango,NA,Despejado,NA,37.04942217850996,0
U-MB-M-LRO1_07,MB-M-LRO1_07,U-MB-M-LRO1,Unillanos,Unillanos mbd,2019-11-13,19,2019,11,13,317,4,05:42:00,00:00:00,3,4,4,Early,4,1,Sergio Montoya-Arango,NA,Nublado,NA,37.04942217850996,0
U-MB-M-LRO1_08,MB-M-LRO1_08,U-MB-M-LRO1,Unillanos,Unillanos mbd,2019-11-10,19,2019,11,10,314,1,07:54:00,00:00:00,3,4,1,Early,1,1,Sergio Montoya-Arango,NA,NA,NA,40.76600441501104,0
U-MB-M-LRO1_08,MB-M-LRO1_08,U-MB-M-LRO1,Unillanos,Unillanos mbd,2019-11-11,19,2019,11,11,315,2,06:55:00,00:00:00,3,4,2,Early,2,1,Sergio Montoya-Arango,NA,NA,NA,40.76600441501104,0
U-MB-M-LRO1_08,MB-M-LRO1_08,U-MB-M-LRO1,Unillanos,Unillanos mbd,2019-11-12,19,2019,11,12,316,3,07:51:00,00:00:00,3,4,3,Early,3,1,Sergio Montoya-Arango,NA,Nublado,NA,40.76600441501104,0
U-MB-M-LRO1_08,MB-M-LRO1_08,U-MB-M-LRO1,Unillanos,Unillanos mbd,2019-11-13,19,2019,11,13,317,4,07:57:00,00:00:00,3,4,4,Early,4,1,Sergio Montoya-Arango,NA,NA,NA,40.76600441501104,0
U-MB-M-LRO1_09,MB-M-LRO1_09,U-MB-M-LRO1,Unillanos,Unillanos mbd,2019-11-10,19,2019,11,10,314,1,08:10:00,00:00:00,3,4,1,Early,1,1,Sergio Montoya-Arango,NA,NA,NA,38.2531862745098,0
U-MB-M-LRO1_09,MB-M-LRO1_09,U-MB-M-LRO1,Unillanos,Unillanos mbd,2019-11-11,19,2019,11,11,315,2,07:25:00,00:00:00,3,4,2,Early,2,1,Sergio Montoya-Arango,NA,Nublado,NA,38.2531862745098,0
U-MB-M-LRO1_09,MB-M-LRO1_09,U-MB-M-LRO1,Unillanos,Unillanos mbd,2019-11-12,19,2019,11,12,316,3,08:25:00,00:00:00,3,4,3,Early,3,1,Sergio Montoya-Arango,NA,Nublado,NA,38.2531862745098,0
U-MB-M-LRO1_09,MB-M-LRO1_09,U-MB-M-LRO1,Unillanos,Unillanos mbd,2019-11-13,19,2019,11,13,317,4,08:34:00,00:00:00,3,4,4,Early,4,1,Sergio Montoya-Arango,NA,NA,NA,38.2531862745098,0
U-MB-M-LRO1_10,MB-M-LRO1_10,U-MB-M-LRO1,Unillanos,Unillanos mbd,2019-11-10,19,2019,11,10,314,1,08:28:00,00:00:00,3,4,1,Early,1,1,Sergio Montoya-Arango,NA,Nublado,NA,39.84102060843965,11.7
U-MB-M-LRO1_10,MB-M-LRO1_10,U-MB-M-LRO1,Unillanos,Unillanos mbd,2019-11-11,19,2019,11,11,315,2,07:41:00,00:00:00,3,4,2,Early,2,1,Sergio Montoya-Arango,NA,Nublado,NA,39.84102060843965,11.7
U-MB-M-LRO1_10,MB-M-LRO1_10,U-MB-M-LRO1,Unillanos,Unillanos mbd,2019-11-12,19,2019,11,12,316,3,07:17:44,00:00:00,3,4,4,Early,3,0,NA,NA,NA,NA,39.84102060843965,11.7
U-MB-M-LRO1_10,MB-M-LRO1_10,U-MB-M-LRO1,Unillanos,Unillanos mbd,2019-11-13,19,2019,11,13,317,4,08:52:00,00:00:00,3,4,3,Early,4,1,Sergio Montoya-Arango,NA,Nublado,NA,39.84102060843965,11.7
U-MB-M-LRO1_11,MB-M-LRO1_11,U-MB-M-LRO1,Unillanos,Unillanos mbd,2019-11-10,19,2019,11,10,314,1,08:48:00,00:00:00,3,4,1,Early,1,1,Sergio Montoya-Arango,NA,Nublado,NA,45.58214811181952,0
U-MB-M-LRO1_11,MB-M-LRO1_11,U-MB-M-LRO1,Unillanos,Unillanos mbd,2019-11-11,19,2019,11,11,315,2,07:57:00,00:00:00,3,4,2,Early,2,1,Sergio Montoya-Arango,NA,Nublado,NA,45.58214811181952,0
U-MB-M-LRO1_11,MB-M-LRO1_11,U-MB-M-LRO1,Unillanos,Unillanos mbd,2019-11-12,19,2019,11,12,316,3,08:58:00,00:00:00,3,4,3,Early,3,1,Sergio Montoya-Arango,NA,Nublado,NA,45.58214811181952,0
U-MB-M-LRO1_11,MB-M-LRO1_11,U-MB-M-LRO1,Unillanos,Unillanos mbd,2019-11-13,19,2019,11,13,317,4,09:11:00,00:00:00,3,4,4,Early,4,1,Sergio Montoya-Arango,NA,NA,NA,45.58214811181952,0
U-MB-M-LRO1_12,MB-M-LRO1_12,U-MB-M-LRO1,Unillanos,Unillanos mbd,2019-11-10,19,2019,11,10,314,1,09:45:00,00:00:00,3,4,1,Early,1,1,Sergio Montoya-Arango,NA,Brisa,NA,38.45709368084583,0
U-MB-M-LRO1_12,MB-M-LRO1_12,U-MB-M-LRO1,Unillanos,Unillanos mbd,2019-11-11,19,2019,11,11,315,2,07:11:00,00:00:00,3,4,2,Early,2,1,Sergio Montoya-Arango,NA,NA,NA,38.45709368084583,0
U-MB-M-LRO1_12,MB-M-LRO1_12,U-MB-M-LRO1,Unillanos,Unillanos mbd,2019-11-12,19,2019,11,12,316,3,08:12:00,00:00:00,3,4,3,Early,3,1,Sergio Montoya-Arango,NA,Nublado,NA,38.45709368084583,0
U-MB-M-LRO1_12,MB-M-LRO1_12,U-MB-M-LRO1,Unillanos,Unillanos mbd,2019-11-13,19,2019,11,13,317,4,08:19:00,00:00:00,3,4,4,Early,4,1,Sergio Montoya-Arango,NA,NA,NA,38.45709368084583,0
UBC-MB-M-A_01,MB-M-A_01,UBC-MB-M-A,Ubc,Ubc mbd,2022-05-28,22,2022,5,28,148,1,05:31:00,00:00:00,3,7,1,Early,1,1,"Aaron Alexander Skinner, Santiago Lugo-Enciso",Light,Nublado,No,18.4706,5.6
UBC-MB-M-A_01,MB-M-A_01,UBC-MB-M-A,Ubc,Ubc mbd,2022-05-29,22,2022,5,29,149,2,08:50:00,00:00:00,3,7,2,Early,2,1,"Aaron Alexander Skinner, Santiago Lugo-Enciso",Light,Nublado,No,18.4706,5.6
UBC-MB-M-A_01,MB-M-A_01,UBC-MB-M-A,Ubc,Ubc mbd,2022-05-31,22,2022,5,31,151,4,07:22:00,00:00:00,3,7,3,Early,3,1,"Aaron Alexander Skinner, Santiago Lugo-Enciso",Light,Nublado,No,18.4706,5.6
UBC-MB-M-A_01,MB-M-A_01,UBC-MB-M-A,Ubc,Ubc mbd,2026-01-13,25-26,2026,1,13,13,43,06:07:00,00:00:00,3,7,1,Early,1,1,Santiago Lugo-Enciso,Light,Nublado,No,18.53825404610103,7
UBC-MB-M-A_01,MB-M-A_01,UBC-MB-M-A,Ubc,Ubc mbd,2026-01-15,25-26,2026,1,15,15,45,09:17:00,00:00:00,3,7,2,Early,2,1,Santiago Lugo-Enciso,Moderate,Nublado,No,18.53825404610103,7
UBC-MB-M-A_01,MB-M-A_01,UBC-MB-M-A,Ubc,Ubc mbd,2026-01-16,25-26,2026,1,16,16,46,08:03:00,00:00:00,3,7,3,Early,3,1,Santiago Lugo-Enciso,Light,Nublado,No,18.53825404610103,7
UBC-MB-M-A_01,MB-M-A_01,UBC-MB-M-A,Ubc,Ubc mbd,2026-01-27,25-26,2026,1,27,27,57,09:57:00,00:00:00,3,7,4,Early,4,1,Santiago Lugo-Enciso,Moderate,Nublado,No,18.53825404610103,7
UBC-MB-M-A_01-A,MB-M-A_01-A,UBC-MB-M-A,Ubc,Ubc mbd,2026-01-20,25-26,2026,1,20,20,50,10:58:00,00:00:00,4,3,1,Early,1,0,Santiago Lugo-Enciso,Moderate,Brisa,No,33.660683550528645,18.5
UBC-MB-M-A_01-A,MB-M-A_01-A,UBC-MB-M-A,Ubc,Ubc mbd,2026-01-22,25-26,2026,1,22,22,52,09:56:00,00:00:00,4,3,2,Early,2,1,Santiago Lugo-Enciso,Moderate,Llovizna,No,33.660683550528645,18.5
UBC-MB-M-A_01-A,MB-M-A_01-A,UBC-MB-M-A,Ubc,Ubc mbd,2026-01-23,25-26,2026,1,23,23,53,07:14:00,00:06:00,4,3,3,Early,3,1,Santiago Lugo-Enciso,Moderate,Nublado,No,33.660683550528645,18.5
UBC-MB-M-A_01-B,MB-M-A_01-B,UBC-MB-M-A,Ubc,Ubc mbd,2026-01-20,25-26,2026,1,20,20,50,06:22:00,00:00:00,4,4,1,Early,1,1,Santiago Lugo-Enciso,Moderate,Nublado,No,26.161029411764705,17.4
UBC-MB-M-A_01-B,MB-M-A_01-B,UBC-MB-M-A,Ubc,Ubc mbd,2026-01-22,25-26,2026,1,22,22,52,10:49:00,00:00:00,4,4,2,Early,2,1,Santiago Lugo-Enciso,Moderate,Nublado,No,26.161029411764705,17.4
UBC-MB-M-A_01-B,MB-M-A_01-B,UBC-MB-M-A,Ubc,Ubc mbd,2026-01-23,25-26,2026,1,23,23,53,08:04:00,00:00:00,4,4,3,Early,3,1,Santiago Lugo-Enciso,Moderate,Nublado,No,26.161029411764705,17.4
UBC-MB-M-A_01-B,MB-M-A_01-B,UBC-MB-M-A,Ubc,Ubc mbd,2026-01-26,25-26,2026,1,26,26,56,06:20:00,00:06:00,4,4,4,Early,4,1,Santiago Lugo-Enciso,Light,Nublado,No,26.161029411764705,17.4
UBC-MB-M-A_02,MB-M-A_02,UBC-MB-M-A,Ubc,Ubc mbd,2022-05-28,22,2022,5,28,148,1,05:58:00,00:00:00,3,7,1,Early,1,1,"Aaron Alexander Skinner, Santiago Lugo-Enciso",Light,Nublado,No,23.9483,0
UBC-MB-M-A_02,MB-M-A_02,UBC-MB-M-A,Ubc,Ubc mbd,2022-05-29,22,2022,5,29,149,2,09:12:00,00:00:00,3,7,2,Early,2,1,"Aaron Alexander Skinner, Santiago Lugo-Enciso",Light,Nublado,No,23.9483,0
UBC-MB-M-A_02,MB-M-A_02,UBC-MB-M-A,Ubc,Ubc mbd,2022-05-31,22,2022,5,31,151,4,07:47:00,00:00:00,3,7,3,Early,3,1,"Aaron Alexander Skinner, Santiago Lugo-Enciso",Moderate,Nublado,No,23.9483,0
UBC-MB-M-A_02,MB-M-A_02,UBC-MB-M-A,Ubc,Ubc mbd,2026-01-13,25-26,2026,1,13,13,43,06:25:00,00:00:00,3,7,1,Early,1,1,Santiago Lugo-Enciso,Moderate,Nublado,No,24.048237022526937,0
UBC-MB-M-A_02,MB-M-A_02,UBC-MB-M-A,Ubc,Ubc mbd,2026-01-15,25-26,2026,1,15,15,45,09:33:00,00:00:00,3,7,2,Early,2,1,Santiago Lugo-Enciso,Moderate,Brisa,No,24.048237022526937,0
UBC-MB-M-A_02,MB-M-A_02,UBC-MB-M-A,Ubc,Ubc mbd,2026-01-16,25-26,2026,1,16,16,46,08:21:00,00:00:00,3,7,3,Early,3,1,Santiago Lugo-Enciso,Moderate,Nublado,No,24.048237022526937,0
UBC-MB-M-A_02,MB-M-A_02,UBC-MB-M-A,Ubc,Ubc mbd,2026-01-27,25-26,2026,1,27,27,57,10:14:00,00:00:00,3,7,4,Early,4,1,Santiago Lugo-Enciso,Moderate,Nublado,No,24.048237022526937,0
UBC-MB-M-A_02-A,MB-M-A_02-A,UBC-MB-M-A,Ubc,Ubc mbd,2026-01-21,25-26,2026,1,21,21,51,11:16:00,00:00:00,4,3,1,Early,1,1,Santiago Lugo-Enciso,NA,NA,NA,34.64262938435124,24.4
UBC-MB-M-A_02-A,MB-M-A_02-A,UBC-MB-M-A,Ubc,Ubc mbd,2026-01-22,25-26,2026,1,22,22,52,10:23:00,00:00:00,4,3,2,Early,2,1,Santiago Lugo-Enciso,Moderate,Nublado,No,34.64262938435124,24.4
UBC-MB-M-A_02-A,MB-M-A_02-A,UBC-MB-M-A,Ubc,Ubc mbd,2026-01-23,25-26,2026,1,23,23,53,07:30:00,00:00:00,4,3,3,Early,3,1,Santiago Lugo-Enciso,Moderate,Nublado,No,34.64262938435124,24.4
UBC-MB-M-A_02-B,MB-M-A_02-B,UBC-MB-M-A,Ubc,Ubc mbd,2026-01-20,25-26,2026,1,20,20,50,06:40:00,00:00:00,4,4,1,Early,1,1,Santiago Lugo-Enciso,Moderate,Nublado,No,30.086550282763707,17
UBC-MB-M-A_02-B,MB-M-A_02-B,UBC-MB-M-A,Ubc,Ubc mbd,2026-01-22,25-26,2026,1,22,22,52,11:07:00,00:00:00,4,4,2,Early,2,1,Santiago Lugo-Enciso,Moderate,Nublado,No,30.086550282763707,17
UBC-MB-M-A_02-B,MB-M-A_02-B,UBC-MB-M-A,Ubc,Ubc mbd,2026-01-23,25-26,2026,1,23,23,53,08:17:00,00:00:00,4,4,3,Early,3,1,Santiago Lugo-Enciso,Moderate,Nublado,No,30.086550282763707,17
UBC-MB-M-A_02-B,MB-M-A_02-B,UBC-MB-M-A,Ubc,Ubc mbd,2026-01-26,25-26,2026,1,26,26,56,06:34:00,00:05:00,4,4,4,Early,4,1,Santiago Lugo-Enciso,Light,Nublado,No,30.086550282763707,17
UBC-MB-M-A_03,MB-M-A_03,UBC-MB-M-A,Ubc,Ubc mbd,2022-05-28,22,2022,5,28,148,1,06:18:00,00:00:00,3,7,1,Early,1,1,"Aaron Alexander Skinner, Santiago Lugo-Enciso",None,Nublado,No,28.9555,0
UBC-MB-M-A_03,MB-M-A_03,UBC-MB-M-A,Ubc,Ubc mbd,2022-05-29,22,2022,5,29,149,2,09:34:00,00:00:00,3,7,2,Early,2,1,"Aaron Alexander Skinner, Santiago Lugo-Enciso",Light,Brisa,No,28.9555,0
UBC-MB-M-A_03,MB-M-A_03,UBC-MB-M-A,Ubc,Ubc mbd,2022-05-31,22,2022,5,31,151,4,08:09:00,00:00:00,3,7,3,Early,3,1,"Aaron Alexander Skinner, Santiago Lugo-Enciso",Light,Nublado,No,28.9555,0
UBC-MB-M-A_03,MB-M-A_03,UBC-MB-M-A,Ubc,Ubc mbd,2026-01-13,25-26,2026,1,13,13,43,06:46:00,00:00:00,3,7,1,Early,1,1,Santiago Lugo-Enciso,Moderate,Brisa,No,29.11753134988935,0
UBC-MB-M-A_03,MB-M-A_03,UBC-MB-M-A,Ubc,Ubc mbd,2026-01-15,25-26,2026,1,15,15,45,09:48:00,00:00:00,3,7,2,Early,2,1,Santiago Lugo-Enciso,Moderate,Nublado,No,29.11753134988935,0
UBC-MB-M-A_03,MB-M-A_03,UBC-MB-M-A,Ubc,Ubc mbd,2026-01-16,25-26,2026,1,16,16,46,08:38:00,00:00:00,3,7,3,Early,3,1,Santiago Lugo-Enciso,Moderate,Nublado,No,29.11753134988935,0
UBC-MB-M-A_03,MB-M-A_03,UBC-MB-M-A,Ubc,Ubc mbd,2026-01-27,25-26,2026,1,27,27,57,10:31:00,00:00:00,3,7,4,Early,4,1,Santiago Lugo-Enciso,Moderate,Brisa,No,29.11753134988935,0
UBC-MB-M-A_03-A,MB-M-A_03-A,UBC-MB-M-A,Ubc,Ubc mbd,2026-01-21,25-26,2026,1,21,21,51,09:36:00,00:00:00,4,3,1,Early,1,1,Santiago Lugo-Enciso,NA,NA,NA,37.35049019607843,24.2
UBC-MB-M-A_03-A,MB-M-A_03-A,UBC-MB-M-A,Ubc,Ubc mbd,2026-01-22,25-26,2026,1,22,22,52,07:49:00,00:00:00,4,3,2,Early,2,1,Santiago Lugo-Enciso,Moderate,Nublado,No,37.35049019607843,24.2
UBC-MB-M-A_03-A,MB-M-A_03-A,UBC-MB-M-A,Ubc,Ubc mbd,2026-01-23,25-26,2026,1,23,23,53,09:58:00,00:00:00,4,3,3,Early,3,1,Santiago Lugo-Enciso,Moderate,Nublado,No,37.35049019607843,24.2
UBC-MB-M-A_03-B,MB-M-A_03-B,UBC-MB-M-A,Ubc,Ubc mbd,2026-01-21,25-26,2026,1,21,21,51,07:02:00,00:00:00,4,4,1,Early,1,1,Santiago Lugo-Enciso,NA,NA,NA,32.69242089771891,23.7
UBC-MB-M-A_03-B,MB-M-A_03-B,UBC-MB-M-A,Ubc,Ubc mbd,2026-01-22,25-26,2026,1,22,22,52,11:26:00,00:00:00,4,4,2,Early,2,1,Santiago Lugo-Enciso,Moderate,Nublado,No,32.69242089771891,23.7
UBC-MB-M-A_03-B,MB-M-A_03-B,UBC-MB-M-A,Ubc,Ubc mbd,2026-01-23,25-26,2026,1,23,23,53,08:35:00,00:00:00,4,4,3,Early,3,1,Santiago Lugo-Enciso,Moderate,Nublado,No,32.69242089771891,23.7
UBC-MB-M-A_03-B,MB-M-A_03-B,UBC-MB-M-A,Ubc,Ubc mbd,2026-01-26,25-26,2026,1,26,26,56,06:58:00,00:06:00,4,4,4,Early,4,1,Santiago Lugo-Enciso,Light,Nublado,No,32.69242089771891,23.7
UBC-MB-M-A_04,MB-M-A_04,UBC-MB-M-A,Ubc,Ubc mbd,2022-05-28,22,2022,5,28,148,1,06:36:00,00:00:00,3,7,1,Early,1,1,"Aaron Alexander Skinner, Santiago Lugo-Enciso",Light,Nublado,No,25.821,15.3
UBC-MB-M-A_04,MB-M-A_04,UBC-MB-M-A,Ubc,Ubc mbd,2022-05-29,22,2022,5,29,149,2,10:13:00,00:00:00,3,7,2,Early,2,1,"Aaron Alexander Skinner, Santiago Lugo-Enciso",Light,Nublado,No,25.821,15.3
UBC-MB-M-A_04,MB-M-A_04,UBC-MB-M-A,Ubc,Ubc mbd,2022-05-31,22,2022,5,31,151,4,08:27:00,00:00:00,3,7,3,Early,3,1,"Aaron Alexander Skinner, Santiago Lugo-Enciso",Light,Nublado,No,25.821,15.3
UBC-MB-M-A_04,MB-M-A_04,UBC-MB-M-A,Ubc,Ubc mbd,2026-01-13,25-26,2026,1,13,13,43,07:06:00,00:04:00,3,7,1,Early,1,1,Santiago Lugo-Enciso,Light,Nublado,No,25.90607327268257,15.3
UBC-MB-M-A_04,MB-M-A_04,UBC-MB-M-A,Ubc,Ubc mbd,2026-01-15,25-26,2026,1,15,15,45,10:05:00,00:05:00,3,7,2,Early,2,1,Santiago Lugo-Enciso,Moderate,Nublado,No,25.90607327268257,15.3
UBC-MB-M-A_04,MB-M-A_04,UBC-MB-M-A,Ubc,Ubc mbd,2026-01-16,25-26,2026,1,16,16,46,09:03:00,00:05:00,3,7,3,Early,3,1,Santiago Lugo-Enciso,Moderate,Nublado,No,25.90607327268257,15.3
UBC-MB-M-A_04,MB-M-A_04,UBC-MB-M-A,Ubc,Ubc mbd,2026-01-27,25-26,2026,1,27,27,57,11:00:00,00:06:00,3,7,4,Early,4,1,Santiago Lugo-Enciso,Moderate,Nublado,No,25.90607327268257,15.3
UBC-MB-M-A_04-A,MB-M-A_04-A,UBC-MB-M-A,Ubc,Ubc mbd,2026-01-21,25-26,2026,1,21,21,51,09:55:00,00:00:00,4,3,1,Early,1,1,Santiago Lugo-Enciso,NA,NA,NA,35.81722276741904,23.8
UBC-MB-M-A_04-A,MB-M-A_04-A,UBC-MB-M-A,Ubc,Ubc mbd,2026-01-22,25-26,2026,1,22,22,52,08:05:00,00:00:00,4,3,2,Early,2,1,Santiago Lugo-Enciso,Moderate,Nublado,No,35.81722276741904,23.8
UBC-MB-M-A_04-A,MB-M-A_04-A,UBC-MB-M-A,Ubc,Ubc mbd,2026-01-23,25-26,2026,1,23,23,53,10:12:00,00:00:00,4,3,3,Early,3,1,Santiago Lugo-Enciso,Moderate,Nublado,No,35.81722276741904,23.8
UBC-MB-M-A_04-B,MB-M-A_04-B,UBC-MB-M-A,Ubc,Ubc mbd,2026-01-21,25-26,2026,1,21,21,51,07:27:00,00:00:00,4,3,1,Early,1,1,Santiago Lugo-Enciso,NA,NA,NA,35.0681873926907,23.2
UBC-MB-M-A_04-B,MB-M-A_04-B,UBC-MB-M-A,Ubc,Ubc mbd,2026-01-22,25-26,2026,1,22,22,52,11:44:00,00:00:00,4,3,2,Early,2,1,Santiago Lugo-Enciso,Moderate,Nublado,No,35.0681873926907,23.2
UBC-MB-M-A_04-B,MB-M-A_04-B,UBC-MB-M-A,Ubc,Ubc mbd,2026-01-23,25-26,2026,1,23,23,53,08:52:00,00:00:00,4,3,3,Early,3,1,Santiago Lugo-Enciso,Moderate,Nublado,No,35.0681873926907,23.2
UBC-MB-M-A_05,MB-M-A_05,UBC-MB-M-A,Ubc,Ubc mbd,2022-05-28,22,2022,5,28,148,1,07:02:00,00:00:00,3,7,1,Early,1,1,"Aaron Alexander Skinner, Santiago Lugo-Enciso",None,Nublado,No,19.0589,0
UBC-MB-M-A_05,MB-M-A_05,UBC-MB-M-A,Ubc,Ubc mbd,2022-05-29,22,2022,5,29,149,2,10:37:00,00:00:00,3,7,2,Early,2,1,"Aaron Alexander Skinner, Santiago Lugo-Enciso",Light,Nublado,No,19.0589,0
UBC-MB-M-A_05,MB-M-A_05,UBC-MB-M-A,Ubc,Ubc mbd,2022-05-31,22,2022,5,31,151,4,08:46:00,00:00:00,3,7,3,Early,3,1,"Aaron Alexander Skinner, Santiago Lugo-Enciso",Light,Nublado,No,19.0589,0
UBC-MB-M-A_05,MB-M-A_05,UBC-MB-M-A,Ubc,Ubc mbd,2026-01-13,25-26,2026,1,13,13,43,07:31:00,00:00:00,3,7,1,Early,1,1,Santiago Lugo-Enciso,Moderate,Nublado,No,19.084641805691856,0
UBC-MB-M-A_05,MB-M-A_05,UBC-MB-M-A,Ubc,Ubc mbd,2026-01-14,25-26,2026,1,14,14,44,06:12:00,00:00:00,3,7,2,Early,2,0,Santiago Lugo-Enciso,Moderate,Nublado,No,19.084641805691856,0
UBC-MB-M-A_05,MB-M-A_05,UBC-MB-M-A,Ubc,Ubc mbd,2026-01-15,25-26,2026,1,15,15,45,06:08:00,00:00:00,3,7,3,Early,3,1,Santiago Lugo-Enciso,Moderate,Nublado,No,19.084641805691856,0
UBC-MB-M-A_05,MB-M-A_05,UBC-MB-M-A,Ubc,Ubc mbd,2026-01-16,25-26,2026,1,16,16,46,09:32:00,00:00:00,3,7,4,Early,4,1,Santiago Lugo-Enciso,Moderate,Nublado,No,19.084641805691856,0
UBC-MB-M-A_05-A,MB-M-A_05-A,UBC-MB-M-A,Ubc,Ubc mbd,2026-01-21,25-26,2026,1,21,21,51,10:16:00,00:00:00,4,3,1,Early,1,1,Santiago Lugo-Enciso,NA,NA,NA,34.24307088545499,18.2
UBC-MB-M-A_05-A,MB-M-A_05-A,UBC-MB-M-A,Ubc,Ubc mbd,2026-01-22,25-26,2026,1,22,22,52,08:30:00,00:00:00,4,3,2,Early,2,1,Santiago Lugo-Enciso,Moderate,Nublado,No,34.24307088545499,18.2
UBC-MB-M-A_05-A,MB-M-A_05-A,UBC-MB-M-A,Ubc,Ubc mbd,2026-01-23,25-26,2026,1,23,23,53,06:37:00,00:00:00,4,3,3,Early,3,1,Santiago Lugo-Enciso,Moderate,Nublado,No,34.24307088545499,18.2
UBC-MB-M-A_05-B,MB-M-A_05-B,UBC-MB-M-A,Ubc,Ubc mbd,2026-01-21,25-26,2026,1,21,21,51,08:07:00,00:00:00,4,3,1,Early,1,1,Santiago Lugo-Enciso,NA,NA,NA,37.36978911230995,23.6
UBC-MB-M-A_05-B,MB-M-A_05-B,UBC-MB-M-A,Ubc,Ubc mbd,2026-01-22,25-26,2026,1,22,22,52,06:39:00,00:00:00,4,3,2,Early,2,1,Santiago Lugo-Enciso,Light,Nublado,No,37.36978911230995,23.6
UBC-MB-M-A_05-B,MB-M-A_05-B,UBC-MB-M-A,Ubc,Ubc mbd,2026-01-23,25-26,2026,1,23,23,53,09:09:00,00:00:00,4,3,3,Early,3,1,Santiago Lugo-Enciso,Moderate,Nublado,No,37.36978911230995,23.6
UBC-MB-M-A_06,MB-M-A_06,UBC-MB-M-A,Ubc,Ubc mbd,2022-05-28,22,2022,5,28,148,1,07:35:00,00:00:00,3,7,1,Early,1,1,Santiago Lugo-Enciso,Light,Nublado,No,15.2064,0
UBC-MB-M-A_06,MB-M-A_06,UBC-MB-M-A,Ubc,Ubc mbd,2022-05-31,22,2022,5,31,151,4,09:10:00,00:00:00,3,7,2,Early,2,1,"Aaron Alexander Skinner, Santiago Lugo-Enciso",None,Nublado,No,15.2064,0
UBC-MB-M-A_06,MB-M-A_06,UBC-MB-M-A,Ubc,Ubc mbd,2022-06-01,22,2022,6,1,152,5,05:36:00,00:00:00,3,7,3,Early,3,1,"Aaron Alexander Skinner, Santiago Lugo-Enciso",Moderate,Nublado,No,15.2064,0
UBC-MB-M-A_06,MB-M-A_06,UBC-MB-M-A,Ubc,Ubc mbd,2026-01-13,25-26,2026,1,13,13,43,08:18:00,00:00:00,3,7,1,Early,1,1,Santiago Lugo-Enciso,Moderate,Brisa,No,15.340686274509803,0
UBC-MB-M-A_06,MB-M-A_06,UBC-MB-M-A,Ubc,Ubc mbd,2026-01-14,25-26,2026,1,14,14,44,06:33:00,00:00:00,3,7,2,Early,2,1,Santiago Lugo-Enciso,Light,Nublado,No,15.340686274509803,0
UBC-MB-M-A_06,MB-M-A_06,UBC-MB-M-A,Ubc,Ubc mbd,2026-01-15,25-26,2026,1,15,15,45,06:26:00,00:00:00,3,7,3,Early,3,1,Santiago Lugo-Enciso,Moderate,Nublado,No,15.340686274509803,0
UBC-MB-M-A_06,MB-M-A_06,UBC-MB-M-A,Ubc,Ubc mbd,2026-01-16,25-26,2026,1,16,16,46,09:53:00,00:00:00,3,7,4,Early,4,1,Santiago Lugo-Enciso,Moderate,Nublado,No,15.340686274509803,0
UBC-MB-M-A_06-A,MB-M-A_06-A,UBC-MB-M-A,Ubc,Ubc mbd,2026-01-21,25-26,2026,1,21,21,51,10:38:00,00:05:00,4,3,1,Early,1,1,Santiago Lugo-Enciso,NA,NA,NA,33.01128003923492,24.4
UBC-MB-M-A_06-A,MB-M-A_06-A,UBC-MB-M-A,Ubc,Ubc mbd,2026-01-22,25-26,2026,1,22,22,52,09:02:00,00:05:00,4,3,2,Early,2,1,Santiago Lugo-Enciso,Moderate,Nublado,No,33.01128003923492,24.4
UBC-MB-M-A_06-A,MB-M-A_06-A,UBC-MB-M-A,Ubc,Ubc mbd,2026-01-23,25-26,2026,1,23,23,53,06:55:00,00:00:00,4,3,3,Early,3,1,Santiago Lugo-Enciso,Moderate,Nublado,No,33.01128003923492,24.4
UBC-MB-M-A_06-B,MB-M-A_06-B,UBC-MB-M-A,Ubc,Ubc mbd,2026-01-21,25-26,2026,1,21,21,51,08:39:00,00:00:00,4,3,1,Early,1,1,Santiago Lugo-Enciso,NA,NA,NA,40.16670764691419,23.8
UBC-MB-M-A_06-B,MB-M-A_06-B,UBC-MB-M-A,Ubc,Ubc mbd,2026-01-22,25-26,2026,1,22,22,52,07:04:00,00:00:00,4,3,2,Early,2,1,Santiago Lugo-Enciso,Moderate,Nublado,No,40.16670764691419,23.8
UBC-MB-M-A_06-B,MB-M-A_06-B,UBC-MB-M-A,Ubc,Ubc mbd,2026-01-23,25-26,2026,1,23,23,53,09:28:00,00:00:00,4,3,3,Early,3,1,Santiago Lugo-Enciso,Moderate,Nublado,No,40.16670764691419,23.8
UBC-MB-M-A_07,MB-M-A_07,UBC-MB-M-A,Ubc,Ubc mbd,2022-06-05,22,2022,6,5,156,9,10:14:00,00:00:00,3,7,1,Early,1,1,"Aaron Alexander Skinner, Santiago Lugo-Enciso",Light,Brisa,No,18.9297,0
UBC-MB-M-A_07,MB-M-A_07,UBC-MB-M-A,Ubc,Ubc mbd,2022-06-08,22,2022,6,8,159,12,06:40:00,00:00:00,3,7,2,Early,2,1,"Aaron Alexander Skinner, Santiago Lugo-Enciso",Light,Nublado,No,18.9297,0
UBC-MB-M-A_07,MB-M-A_07,UBC-MB-M-A,Ubc,Ubc mbd,2022-06-09,22,2022,6,9,160,13,07:49:00,00:00:00,3,7,3,Early,3,1,"Aaron Alexander Skinner, Santiago Lugo-Enciso",Moderate,Nublado,No,18.9297,0
UBC-MB-M-A_07,MB-M-A_07,UBC-MB-M-A,Ubc,Ubc mbd,2026-01-13,25-26,2026,1,13,13,43,08:37:00,00:00:00,3,7,1,Early,1,1,Santiago Lugo-Enciso,Moderate,Brisa,No,19.22424391443324,0
UBC-MB-M-A_07,MB-M-A_07,UBC-MB-M-A,Ubc,Ubc mbd,2026-01-14,25-26,2026,1,14,14,44,07:16:00,00:00:00,3,7,2,Early,2,1,Santiago Lugo-Enciso,Light,Brisa,No,19.22424391443324,0
UBC-MB-M-A_07,MB-M-A_07,UBC-MB-M-A,Ubc,Ubc mbd,2026-01-15,25-26,2026,1,15,15,45,06:42:00,00:00:00,3,7,3,Early,3,1,Santiago Lugo-Enciso,Moderate,Nublado,No,19.22424391443324,0
UBC-MB-M-A_07,MB-M-A_07,UBC-MB-M-A,Ubc,Ubc mbd,2026-01-16,25-26,2026,1,16,16,46,10:12:00,00:00:00,3,7,4,Early,4,1,Santiago Lugo-Enciso,Moderate,Nublado,No,19.22424391443324,0
UBC-MB-M-A_08,MB-M-A_08,UBC-MB-M-A,Ubc,Ubc mbd,2022-06-05,22,2022,6,5,156,9,10:40:00,00:00:00,3,7,1,Early,1,1,"Aaron Alexander Skinner, Santiago Lugo-Enciso",Light,Nublado,Yes,20.1772,0
UBC-MB-M-A_08,MB-M-A_08,UBC-MB-M-A,Ubc,Ubc mbd,2022-06-08,22,2022,6,8,159,12,07:06:00,00:00:00,3,7,2,Early,2,1,"Aaron Alexander Skinner, Santiago Lugo-Enciso",Light,Nublado,Yes,20.1772,0
UBC-MB-M-A_08,MB-M-A_08,UBC-MB-M-A,Ubc,Ubc mbd,2022-06-09,22,2022,6,9,160,13,08:11:00,00:00:00,3,7,3,Early,3,1,"Aaron Alexander Skinner, Santiago Lugo-Enciso",Light,Brisa,No,20.1772,0
UBC-MB-M-A_08,MB-M-A_08,UBC-MB-M-A,Ubc,Ubc mbd,2026-01-13,25-26,2026,1,13,13,43,08:59:00,00:00:00,3,7,1,Early,1,1,Santiago Lugo-Enciso,Moderate,Brisa,No,20.74601226993865,0
UBC-MB-M-A_08,MB-M-A_08,UBC-MB-M-A,Ubc,Ubc mbd,2026-01-14,25-26,2026,1,14,14,44,07:33:00,00:00:00,3,7,2,Early,2,0,Santiago Lugo-Enciso,Moderate,Nublado,No,20.74601226993865,0
UBC-MB-M-A_08,MB-M-A_08,UBC-MB-M-A,Ubc,Ubc mbd,2026-01-15,25-26,2026,1,15,15,45,06:58:00,00:00:00,3,7,3,Early,3,1,Santiago Lugo-Enciso,Moderate,Nublado,No,20.74601226993865,0
UBC-MB-M-A_08,MB-M-A_08,UBC-MB-M-A,Ubc,Ubc mbd,2026-01-16,25-26,2026,1,16,16,46,10:29:00,00:00:00,3,7,4,Early,4,0,Santiago Lugo-Enciso,Moderate,Nublado,No,20.74601226993865,0
UBC-MB-M-A_09,MB-M-A_09,UBC-MB-M-A,Ubc,Ubc mbd,2022-06-05,22,2022,6,5,156,9,06:19:00,00:00:00,3,6,1,Early,1,1,"Aaron Alexander Skinner, Santiago Lugo-Enciso",Light,Nublado,No,23.8061,10.8
UBC-MB-M-A_09,MB-M-A_09,UBC-MB-M-A,Ubc,Ubc mbd,2022-06-08,22,2022,6,8,159,12,07:55:00,00:00:00,3,6,2,Early,2,1,"Aaron Alexander Skinner, Santiago Lugo-Enciso",Loud,Nublado,No,23.8061,10.8
UBC-MB-M-A_09,MB-M-A_09,UBC-MB-M-A,Ubc,Ubc mbd,2022-06-09,22,2022,6,9,160,13,09:05:00,00:00:00,3,6,3,Early,3,1,"Aaron Alexander Skinner, Santiago Lugo-Enciso",Loud,Brisa,No,23.8061,10.8
UBC-MB-M-A_09,MB-M-A_09,UBC-MB-M-A,Ubc,Ubc mbd,2026-01-13,25-26,2026,1,13,13,43,10:32:00,00:00:00,3,6,1,Early,1,1,Santiago Lugo-Enciso,Moderate,Nublado,No,24.685644171779145,10.8
UBC-MB-M-A_09,MB-M-A_09,UBC-MB-M-A,Ubc,Ubc mbd,2026-01-15,25-26,2026,1,15,15,45,08:36:00,00:00:00,3,6,2,Early,2,1,Santiago Lugo-Enciso,Moderate,Brisa,No,24.685644171779145,10.8
UBC-MB-M-A_09,MB-M-A_09,UBC-MB-M-A,Ubc,Ubc mbd,2026-01-16,25-26,2026,1,16,16,46,07:18:00,00:00:00,3,6,3,Early,3,1,Santiago Lugo-Enciso,Moderate,Nublado,No,24.685644171779145,10.8
UBC-MB-M-A_10,MB-M-A_10,UBC-MB-M-A,Ubc,Ubc mbd,2022-06-05,22,2022,6,5,156,9,06:52:00,00:00:00,3,6,1,Early,1,1,"Aaron Alexander Skinner, Santiago Lugo-Enciso",Light,Nublado,No,25.9522,23.2
UBC-MB-M-A_10,MB-M-A_10,UBC-MB-M-A,Ubc,Ubc mbd,2022-06-08,22,2022,6,8,159,12,08:18:00,00:00:00,3,6,2,Early,2,1,"Aaron Alexander Skinner, Santiago Lugo-Enciso",Moderate,Nublado,No,25.9522,23.2
UBC-MB-M-A_10,MB-M-A_10,UBC-MB-M-A,Ubc,Ubc mbd,2022-06-09,22,2022,6,9,160,13,09:27:00,00:00:00,3,6,3,Early,3,1,"Aaron Alexander Skinner, Santiago Lugo-Enciso",Light,Nublado,No,25.9522,23.2
UBC-MB-M-A_10,MB-M-A_10,UBC-MB-M-A,Ubc,Ubc mbd,2026-01-13,25-26,2026,1,13,13,43,10:09:00,00:00:00,3,6,1,Early,1,1,Santiago Lugo-Enciso,Light,Nublado,No,26.85514705882353,23.2
UBC-MB-M-A_10,MB-M-A_10,UBC-MB-M-A,Ubc,Ubc mbd,2026-01-15,25-26,2026,1,15,15,45,08:13:00,00:00:00,3,6,2,Early,2,1,Santiago Lugo-Enciso,Light,Nublado,No,26.85514705882353,23.2
UBC-MB-M-A_10,MB-M-A_10,UBC-MB-M-A,Ubc,Ubc mbd,2026-01-16,25-26,2026,1,16,16,46,06:55:00,00:00:00,3,6,3,Early,3,1,Santiago Lugo-Enciso,Light,Nublado,No,26.85514705882353,23.2
UBC-MB-M-A_13,MB-M-A_13,UBC-MB-M-A,Ubc,Ubc mbd,2022-06-05,22,2022,6,5,156,9,08:15:00,00:00:00,3,6,1,Early,1,1,"Aaron Alexander Skinner, Santiago Lugo-Enciso",Light,Nublado,Yes,24.1325,0
UBC-MB-M-A_13,MB-M-A_13,UBC-MB-M-A,Ubc,Ubc mbd,2022-06-08,22,2022,6,8,159,12,09:39:00,00:00:00,3,6,2,Early,2,1,"Aaron Alexander Skinner, Santiago Lugo-Enciso",Light,Brisa,No,24.1325,0
UBC-MB-M-A_13,MB-M-A_13,UBC-MB-M-A,Ubc,Ubc mbd,2022-06-09,22,2022,6,9,160,13,05:49:00,00:00:00,3,6,3,Early,3,1,"Aaron Alexander Skinner, Santiago Lugo-Enciso",Light,Nublado,No,24.1325,0
UBC-MB-M-A_13,MB-M-A_13,UBC-MB-M-A,Ubc,Ubc mbd,2026-01-17,25-26,2026,1,17,17,47,08:18:00,00:00:00,3,6,1,Early,1,0,Santiago Lugo-Enciso,Moderate,Nublado,No,25.194738136218344,0
UBC-MB-M-A_13,MB-M-A_13,UBC-MB-M-A,Ubc,Ubc mbd,2026-01-18,25-26,2026,1,18,18,48,06:24:00,00:00:00,3,6,2,Early,2,0,Santiago Lugo-Enciso,Moderate,Nublado,No,25.194738136218344,0
UBC-MB-M-A_13,MB-M-A_13,UBC-MB-M-A,Ubc,Ubc mbd,2026-01-19,25-26,2026,1,19,19,49,09:25:00,00:00:00,3,6,3,Early,3,1,Santiago Lugo-Enciso,Moderate,Nublado,Si,25.194738136218344,0
UBC-MB-M-A_14,MB-M-A_14,UBC-MB-M-A,Ubc,Ubc mbd,2022-06-05,22,2022,6,5,156,9,09:37:00,00:00:00,3,6,1,Early,1,1,"Aaron Alexander Skinner, Santiago Lugo-Enciso",None,Brisa,No,19.2726,0
UBC-MB-M-A_14,MB-M-A_14,UBC-MB-M-A,Ubc,Ubc mbd,2022-06-08,22,2022,6,8,159,12,06:10:00,00:00:00,3,6,2,Early,2,1,Santiago Lugo-Enciso,Light,Nublado,No,19.2726,0
UBC-MB-M-A_14,MB-M-A_14,UBC-MB-M-A,Ubc,Ubc mbd,2022-06-09,22,2022,6,9,160,13,07:03:00,00:00:00,3,6,3,Early,3,1,"Aaron Alexander Skinner, Santiago Lugo-Enciso",Moderate,Nublado,No,19.2726,0
UBC-MB-M-A_14,MB-M-A_14,UBC-MB-M-A,Ubc,Ubc mbd,2026-01-17,25-26,2026,1,17,17,47,07:09:00,00:00:00,3,6,1,Early,1,1,Santiago Lugo-Enciso,Moderate,Nublado,No,19.79803680981595,0
UBC-MB-M-A_14,MB-M-A_14,UBC-MB-M-A,Ubc,Ubc mbd,2026-01-18,25-26,2026,1,18,18,48,10:34:00,00:00:00,3,6,2,Early,2,0,Santiago Lugo-Enciso,Moderate,Brisa,No,19.79803680981595,0
UBC-MB-M-A_14,MB-M-A_14,UBC-MB-M-A,Ubc,Ubc mbd,2026-01-19,25-26,2026,1,19,19,49,08:23:00,00:00:00,3,6,3,Early,3,1,Santiago Lugo-Enciso,Moderate,Nublado,No,19.79803680981595,0
UBC-MB-M-A_15,MB-M-A_15,UBC-MB-M-A,Ubc,Ubc mbd,2022-06-05,22,2022,6,5,156,9,09:58:00,00:00:00,3,6,1,Early,1,1,"Aaron Alexander Skinner, Santiago Lugo-Enciso",Light,Nublado,No,15.9588,0
UBC-MB-M-A_15,MB-M-A_15,UBC-MB-M-A,Ubc,Ubc mbd,2022-06-08,22,2022,6,8,159,12,05:45:00,00:00:00,3,6,2,Early,2,1,"Aaron Alexander Skinner, Santiago Lugo-Enciso",Light,Brisa,No,15.9588,0
UBC-MB-M-A_15,MB-M-A_15,UBC-MB-M-A,Ubc,Ubc mbd,2022-06-09,22,2022,6,9,160,13,07:34:00,00:00:00,3,6,3,Early,3,1,"Aaron Alexander Skinner, Santiago Lugo-Enciso",Light,Nublado,No,15.9588,0
UBC-MB-M-A_15,MB-M-A_15,UBC-MB-M-A,Ubc,Ubc mbd,2026-01-17,25-26,2026,1,17,17,47,06:49:00,00:00:00,3,6,1,Early,1,1,Santiago Lugo-Enciso,Moderate,Nublado,No,16.33627667402502,0
UBC-MB-M-A_15,MB-M-A_15,UBC-MB-M-A,Ubc,Ubc mbd,2026-01-18,25-26,2026,1,18,18,48,10:18:00,00:00:00,3,6,2,Early,2,1,Santiago Lugo-Enciso,Moderate,Nublado,No,16.33627667402502,0
UBC-MB-M-A_15,MB-M-A_15,UBC-MB-M-A,Ubc,Ubc mbd,2026-01-19,25-26,2026,1,19,19,49,08:08:00,00:00:00,3,6,3,Early,3,0,Santiago Lugo-Enciso,Moderate,Nublado,No,16.33627667402502,0
UBC-MB-M-A_16,MB-M-A_16,UBC-MB-M-A,Ubc,Ubc mbd,2022-05-28,22,2022,5,28,148,1,10:27:00,00:00:00,3,7,1,Early,1,1,Santiago Lugo-Enciso,Light,Nublado,No,16.0603,16.3
UBC-MB-M-A_16,MB-M-A_16,UBC-MB-M-A,Ubc,Ubc mbd,2022-05-31,22,2022,5,31,151,4,06:55:00,00:00:00,3,7,2,Early,2,1,"Aaron Alexander Skinner, Santiago Lugo-Enciso",Moderate,Nublado,No,16.0603,16.3
UBC-MB-M-A_16,MB-M-A_16,UBC-MB-M-A,Ubc,Ubc mbd,2022-06-01,22,2022,6,1,152,5,08:35:00,00:00:00,3,7,3,Early,3,1,"Aaron Alexander Skinner, Santiago Lugo-Enciso",Light,Nublado,No,16.0603,16.3
UBC-MB-M-A_16,MB-M-A_16,UBC-MB-M-A,Ubc,Ubc mbd,2026-01-17,25-26,2026,1,17,17,47,11:26:00,00:00:00,3,7,1,Early,1,1,Santiago Lugo-Enciso,Moderate,Brisa,Si,16.10448859455482,16.3
UBC-MB-M-A_16,MB-M-A_16,UBC-MB-M-A,Ubc,Ubc mbd,2026-01-18,25-26,2026,1,18,18,48,09:22:00,00:00:00,3,7,2,Early,2,1,Santiago Lugo-Enciso,Light,Nublado,No,16.10448859455482,16.3
UBC-MB-M-A_16,MB-M-A_16,UBC-MB-M-A,Ubc,Ubc mbd,2026-01-19,25-26,2026,1,19,19,49,07:18:00,00:00:00,3,7,3,Early,3,1,Santiago Lugo-Enciso,Moderate,Nublado,No,16.10448859455482,16.3
UBC-MB-M-A_16,MB-M-A_16,UBC-MB-M-A,Ubc,Ubc mbd,2026-01-27,25-26,2026,1,27,27,57,07:35:00,00:06:00,3,7,4,Early,4,1,Santiago Lugo-Enciso,Light,Nublado,No,16.10448859455482,16.3
UBC-MB-M-A_17,MB-M-A_17,UBC-MB-M-A,Ubc,Ubc mbd,2022-05-28,22,2022,5,28,148,1,10:01:00,00:00:00,3,7,1,Early,1,1,Santiago Lugo-Enciso,Light,Nublado,No,16.0473,0
UBC-MB-M-A_17,MB-M-A_17,UBC-MB-M-A,Ubc,Ubc mbd,2022-05-31,22,2022,5,31,151,4,06:25:00,00:00:00,3,7,2,Early,2,1,"Aaron Alexander Skinner, Santiago Lugo-Enciso",Light,Nublado,No,16.0473,0
UBC-MB-M-A_17,MB-M-A_17,UBC-MB-M-A,Ubc,Ubc mbd,2022-06-01,22,2022,6,1,152,5,08:10:00,00:00:00,3,7,3,Early,3,1,"Aaron Alexander Skinner, Santiago Lugo-Enciso",None,Nublado,No,16.0473,0
UBC-MB-M-A_17,MB-M-A_17,UBC-MB-M-A,Ubc,Ubc mbd,2026-01-17,25-26,2026,1,17,17,47,11:07:00,00:00:00,3,7,1,Early,1,1,Santiago Lugo-Enciso,Light,Brisa,No,16.109696376101862,0
UBC-MB-M-A_17,MB-M-A_17,UBC-MB-M-A,Ubc,Ubc mbd,2026-01-18,25-26,2026,1,18,18,48,09:04:00,00:00:00,3,7,2,Early,2,1,Santiago Lugo-Enciso,Moderate,Brisa,No,16.109696376101862,0
UBC-MB-M-A_17,MB-M-A_17,UBC-MB-M-A,Ubc,Ubc mbd,2026-01-19,25-26,2026,1,19,19,49,07:03:00,00:00:00,3,7,3,Early,3,1,Santiago Lugo-Enciso,Moderate,Nublado,No,16.109696376101862,0
UBC-MB-M-A_17,MB-M-A_17,UBC-MB-M-A,Ubc,Ubc mbd,2026-01-27,25-26,2026,1,27,27,57,07:52:00,00:00:00,3,7,4,Early,4,1,Santiago Lugo-Enciso,Moderate,Nublado,No,16.109696376101862,0
UBC-MB-M-A_18,MB-M-A_18,UBC-MB-M-A,Ubc,Ubc mbd,2022-05-28,22,2022,5,28,148,1,09:03:00,00:00:00,3,7,1,Early,1,1,Santiago Lugo-Enciso,Moderate,Brisa,No,13.0863,17.9
UBC-MB-M-A_18,MB-M-A_18,UBC-MB-M-A,Ubc,Ubc mbd,2022-05-31,22,2022,5,31,151,4,05:40:00,00:00:00,3,7,2,Early,2,1,"Aaron Alexander Skinner, Santiago Lugo-Enciso",Moderate,Nublado,No,13.0863,17.9
UBC-MB-M-A_18,MB-M-A_18,UBC-MB-M-A,Ubc,Ubc mbd,2022-06-01,22,2022,6,1,152,5,07:11:00,00:00:00,3,7,3,Early,3,1,"Aaron Alexander Skinner, Santiago Lugo-Enciso",Moderate,Nublado,No,13.0863,17.9
UBC-MB-M-A_18,MB-M-A_18,UBC-MB-M-A,Ubc,Ubc mbd,2026-01-17,25-26,2026,1,17,17,47,10:26:00,00:00:00,3,7,1,Early,1,1,Santiago Lugo-Enciso,Light,Nublado,No,13.470863044012786,17.9
UBC-MB-M-A_18,MB-M-A_18,UBC-MB-M-A,Ubc,Ubc mbd,2026-01-18,25-26,2026,1,18,18,48,08:11:00,00:00:00,3,7,2,Early,2,1,Santiago Lugo-Enciso,Moderate,Nublado,No,13.470863044012786,17.9
UBC-MB-M-A_18,MB-M-A_18,UBC-MB-M-A,Ubc,Ubc mbd,2026-01-19,25-26,2026,1,19,19,49,06:22:00,00:00:00,3,7,3,Early,3,1,Santiago Lugo-Enciso,Moderate,Nublado,No,13.470863044012786,17.9
UBC-MB-M-A_18,MB-M-A_18,UBC-MB-M-A,Ubc,Ubc mbd,2026-01-27,25-26,2026,1,27,27,57,08:13:00,00:00:00,3,7,4,Early,4,1,Santiago Lugo-Enciso,Light,Nublado,No,13.470863044012786,17.9
UBC-MB-M-A_19,MB-M-A_19,UBC-MB-M-A,Ubc,Ubc mbd,2022-05-28,22,2022,5,28,148,1,09:35:00,00:00:00,3,7,1,Early,1,1,Santiago Lugo-Enciso,Light,Nublado,No,12.8542,8.8
UBC-MB-M-A_19,MB-M-A_19,UBC-MB-M-A,Ubc,Ubc mbd,2022-05-31,22,2022,5,31,151,4,06:02:00,00:00:00,3,7,2,Early,2,1,"Aaron Alexander Skinner, Santiago Lugo-Enciso",Light,Nublado,No,12.8542,8.8
UBC-MB-M-A_19,MB-M-A_19,UBC-MB-M-A,Ubc,Ubc mbd,2022-06-01,22,2022,6,1,152,5,07:31:00,00:00:00,3,7,3,Early,3,1,"Aaron Alexander Skinner, Santiago Lugo-Enciso",Light,Nublado,No,12.8542,8.8
UBC-MB-M-A_19,MB-M-A_19,UBC-MB-M-A,Ubc,Ubc mbd,2026-01-17,25-26,2026,1,17,17,47,10:50:00,00:00:00,3,7,1,Early,1,1,Santiago Lugo-Enciso,Light,Brisa,Si,13.307597737890337,8.8
UBC-MB-M-A_19,MB-M-A_19,UBC-MB-M-A,Ubc,Ubc mbd,2026-01-18,25-26,2026,1,18,18,48,08:38:00,00:00:00,3,7,2,Early,2,1,Santiago Lugo-Enciso,Moderate,Nublado,Si,13.307597737890337,8.8
UBC-MB-M-A_19,MB-M-A_19,UBC-MB-M-A,Ubc,Ubc mbd,2026-01-19,25-26,2026,1,19,19,49,06:40:00,00:00:00,3,7,3,Early,3,1,Santiago Lugo-Enciso,Moderate,Nublado,No,13.307597737890337,8.8
UBC-MB-M-A_19,MB-M-A_19,UBC-MB-M-A,Ubc,Ubc mbd,2026-01-27,25-26,2026,1,27,27,57,08:31:00,00:00:00,3,7,4,Early,4,1,Santiago Lugo-Enciso,Moderate,Nublado,No,13.307597737890337,8.8
UBC-MB-M-A_20,MB-M-A_20,UBC-MB-M-A,Ubc,Ubc mbd,2022-05-28,22,2022,5,28,148,1,08:02:00,00:00:00,3,6,1,Early,1,1,Santiago Lugo-Enciso,Light,Nublado,No,15.9575,9.6
UBC-MB-M-A_20,MB-M-A_20,UBC-MB-M-A,Ubc,Ubc mbd,2022-05-31,22,2022,5,31,151,4,09:40:00,00:00:00,3,6,2,Early,2,1,"Aaron Alexander Skinner, Santiago Lugo-Enciso",Moderate,Nublado,Yes,15.9575,9.6
UBC-MB-M-A_20,MB-M-A_20,UBC-MB-M-A,Ubc,Ubc mbd,2022-06-01,22,2022,6,1,152,5,06:18:00,00:00:00,3,6,3,Early,3,1,"Aaron Alexander Skinner, Santiago Lugo-Enciso",Light,Nublado,No,15.9575,9.6
UBC-MB-M-A_20,MB-M-A_20,UBC-MB-M-A,Ubc,Ubc mbd,2026-01-17,25-26,2026,1,17,17,47,09:49:00,00:00:00,3,6,1,Early,1,1,Santiago Lugo-Enciso,Light,Brisa,No,16.93912616593029,9.6
UBC-MB-M-A_20,MB-M-A_20,UBC-MB-M-A,Ubc,Ubc mbd,2026-01-18,25-26,2026,1,18,18,48,07:27:00,00:00:00,3,6,2,Early,2,1,Santiago Lugo-Enciso,Light,Nublado,No,16.93912616593029,9.6
UBC-MB-M-A_20,MB-M-A_20,UBC-MB-M-A,Ubc,Ubc mbd,2026-01-19,25-26,2026,1,19,19,49,10:24:00,00:00:00,3,6,3,Early,3,1,Santiago Lugo-Enciso,Light,Nublado,No,16.93912616593029,9.6
UBC-MB-M-A_21,MB-M-A_21,UBC-MB-M-A,Ubc,Ubc mbd,2022-06-05,22,2022,6,5,156,9,09:04:00,00:00:00,3,6,1,Early,1,1,"Aaron Alexander Skinner, Santiago Lugo-Enciso",None,Nublado,No,23.348,0
UBC-MB-M-A_21,MB-M-A_21,UBC-MB-M-A,Ubc,Ubc mbd,2022-06-08,22,2022,6,8,159,12,10:30:00,00:00:00,3,6,2,Early,2,1,Aaron Alexander Skinner,Light,Nublado,No,23.348,0
UBC-MB-M-A_21,MB-M-A_21,UBC-MB-M-A,Ubc,Ubc mbd,2022-06-09,22,2022,6,9,160,13,06:37:00,00:00:00,3,6,3,Early,3,1,"Aaron Alexander Skinner, Santiago Lugo-Enciso",Light,Nublado,No,23.348,0
UBC-MB-M-A_21,MB-M-A_21,UBC-MB-M-A,Ubc,Ubc mbd,2026-01-17,25-26,2026,1,17,17,47,09:23:00,00:00:00,3,6,1,Early,1,1,Santiago Lugo-Enciso,Light,Despejado,No,24.479156449239824,0
UBC-MB-M-A_21,MB-M-A_21,UBC-MB-M-A,Ubc,Ubc mbd,2026-01-18,25-26,2026,1,18,18,48,07:03:00,00:00:00,3,6,2,Early,2,1,Santiago Lugo-Enciso,Light,Nublado,No,24.479156449239824,0
UBC-MB-M-A_21,MB-M-A_21,UBC-MB-M-A,Ubc,Ubc mbd,2026-01-19,25-26,2026,1,19,19,49,10:03:00,00:00:00,3,6,3,Early,3,1,Santiago Lugo-Enciso,Moderate,Nublado,No,24.479156449239824,0
UBC-MB-M-A_22,MB-M-A_22,UBC-MB-M-A,Ubc,Ubc mbd,2022-06-05,22,2022,6,5,156,9,08:42:00,00:00:00,3,6,1,Early,1,1,"Aaron Alexander Skinner, Santiago Lugo-Enciso",Light,Nublado,No,24.4456,0
UBC-MB-M-A_22,MB-M-A_22,UBC-MB-M-A,Ubc,Ubc mbd,2022-06-08,22,2022,6,8,159,12,10:08:00,00:00:00,3,6,2,Early,2,1,"Aaron Alexander Skinner, Santiago Lugo-Enciso",Light,Brisa,No,24.4456,0
UBC-MB-M-A_22,MB-M-A_22,UBC-MB-M-A,Ubc,Ubc mbd,2022-06-09,22,2022,6,9,160,13,06:17:00,00:00:00,3,6,3,Early,3,1,"Aaron Alexander Skinner, Santiago Lugo-Enciso",Light,Nublado,No,24.4456,0
UBC-MB-M-A_22,MB-M-A_22,UBC-MB-M-A,Ubc,Ubc mbd,2026-01-17,25-26,2026,1,17,17,47,09:08:00,00:00:00,3,6,1,Early,1,0,Santiago Lugo-Enciso,Light,Nublado,No,25.96372549019608,0
UBC-MB-M-A_22,MB-M-A_22,UBC-MB-M-A,Ubc,Ubc mbd,2026-01-18,25-26,2026,1,18,18,48,06:46:00,00:00:00,3,6,2,Early,2,1,Santiago Lugo-Enciso,Light,Nublado,No,25.96372549019608,0
UBC-MB-M-A_22,MB-M-A_22,UBC-MB-M-A,Ubc,Ubc mbd,2026-01-19,25-26,2026,1,19,19,49,09:48:00,00:00:00,3,6,3,Early,3,0,Santiago Lugo-Enciso,Moderate,Nublado,No,25.96372549019608,0
UBC-MB-M-A_23,MB-M-A_23,UBC-MB-M-A,Ubc,Ubc mbd,2022-06-05,22,2022,6,5,156,9,07:46:00,00:00:00,3,6,1,Early,1,1,"Aaron Alexander Skinner, Santiago Lugo-Enciso",Light,Nublado,No,25.1098,7.3
UBC-MB-M-A_23,MB-M-A_23,UBC-MB-M-A,Ubc,Ubc mbd,2022-06-08,22,2022,6,8,159,12,09:13:00,00:00:00,3,6,2,Early,2,1,"Aaron Alexander Skinner, Santiago Lugo-Enciso",Light,Nublado,No,25.1098,7.3
UBC-MB-M-A_23,MB-M-A_23,UBC-MB-M-A,Ubc,Ubc mbd,2022-06-09,22,2022,6,9,160,13,10:33:00,00:00:00,3,6,3,Early,3,1,"Aaron Alexander Skinner, Santiago Lugo-Enciso",Light,Brisa,No,25.1098,7.3
UBC-MB-M-A_23,MB-M-A_23,UBC-MB-M-A,Ubc,Ubc mbd,2026-01-17,25-26,2026,1,17,17,47,07:52:00,00:00:00,3,6,1,Early,1,1,Santiago Lugo-Enciso,Moderate,Nublado,No,26.082107843137255,9.6
UBC-MB-M-A_23,MB-M-A_23,UBC-MB-M-A,Ubc,Ubc mbd,2026-01-18,25-26,2026,1,18,18,48,11:04:00,00:00:00,3,6,2,Early,2,1,Santiago Lugo-Enciso,Light,Brisa,No,26.082107843137255,9.6
UBC-MB-M-A_23,MB-M-A_23,UBC-MB-M-A,Ubc,Ubc mbd,2026-01-19,25-26,2026,1,19,19,49,08:59:00,00:00:00,3,6,3,Early,3,0,Santiago Lugo-Enciso,Moderate,Nublado,No,26.082107843137255,9.6
UBC-MB-M-A_24,MB-M-A_24,UBC-MB-M-A,Ubc,Ubc mbd,2022-06-05,22,2022,6,5,156,9,07:24:00,00:00:00,3,7,1,Early,1,1,"Aaron Alexander Skinner, Santiago Lugo-Enciso",Light,Nublado,No,25.8627,0
UBC-MB-M-A_24,MB-M-A_24,UBC-MB-M-A,Ubc,Ubc mbd,2022-06-08,22,2022,6,8,159,12,08:52:00,00:00:00,3,7,2,Early,2,1,"Aaron Alexander Skinner, Santiago Lugo-Enciso",Light,Nublado,No,25.8627,0
UBC-MB-M-A_24,MB-M-A_24,UBC-MB-M-A,Ubc,Ubc mbd,2022-06-09,22,2022,6,9,160,13,10:15:00,00:00:00,3,7,3,Early,3,1,"Aaron Alexander Skinner, Santiago Lugo-Enciso",Light,Brisa,No,25.8627,0
UBC-MB-M-A_24,MB-M-A_24,UBC-MB-M-A,Ubc,Ubc mbd,2026-01-13,25-26,2026,1,13,13,43,09:37:00,00:00:00,3,7,1,Early,1,1,Santiago Lugo-Enciso,Moderate,Nublado,No,26.963480392156864,0
UBC-MB-M-A_24,MB-M-A_24,UBC-MB-M-A,Ubc,Ubc mbd,2026-01-14,25-26,2026,1,14,14,44,08:11:00,00:00:00,3,7,2,Early,2,1,Santiago Lugo-Enciso,Moderate,Brisa,No,26.963480392156864,0
UBC-MB-M-A_24,MB-M-A_24,UBC-MB-M-A,Ubc,Ubc mbd,2026-01-15,25-26,2026,1,15,15,45,07:52:00,00:00:00,3,7,3,Early,3,1,Santiago Lugo-Enciso,Moderate,Nublado,Si,26.963480392156864,0
UBC-MB-M-A_24,MB-M-A_24,UBC-MB-M-A,Ubc,Ubc mbd,2026-01-16,25-26,2026,1,16,16,46,06:36:00,00:00:00,3,7,4,Early,4,1,Santiago Lugo-Enciso,Moderate,Nublado,No,26.963480392156864,0
UBC-MB-M-A_25,MB-M-A_25,UBC-MB-M-A,Ubc,Ubc mbd,2022-06-05,22,2022,6,5,156,9,05:50:00,00:00:00,3,7,1,Early,1,1,"Aaron Alexander Skinner, Santiago Lugo-Enciso",Light,Nublado,No,23.3984,0
UBC-MB-M-A_25,MB-M-A_25,UBC-MB-M-A,Ubc,Ubc mbd,2022-06-08,22,2022,6,8,159,12,07:30:00,00:00:00,3,7,2,Early,2,1,"Aaron Alexander Skinner, Santiago Lugo-Enciso",Light,Despejado,No,23.3984,0
UBC-MB-M-A_25,MB-M-A_25,UBC-MB-M-A,Ubc,Ubc mbd,2022-06-09,22,2022,6,9,160,13,08:35:00,00:00:00,3,7,3,Early,3,1,"Aaron Alexander Skinner, Santiago Lugo-Enciso",Moderate,Nublado,Yes,23.3984,0
UBC-MB-M-A_25,MB-M-A_25,UBC-MB-M-A,Ubc,Ubc mbd,2026-01-13,25-26,2026,1,13,13,43,09:16:00,00:00:00,3,7,1,Early,1,1,Santiago Lugo-Enciso,Moderate,Brisa,No,24.223012757605495,0
UBC-MB-M-A_25,MB-M-A_25,UBC-MB-M-A,Ubc,Ubc mbd,2026-01-14,25-26,2026,1,14,14,44,07:54:00,00:00:00,3,7,2,Early,2,0,Santiago Lugo-Enciso,Moderate,Nublado,No,24.223012757605495,0
UBC-MB-M-A_25,MB-M-A_25,UBC-MB-M-A,Ubc,Ubc mbd,2026-01-15,25-26,2026,1,15,15,45,07:16:00,00:00:00,3,7,3,Early,3,0,Santiago Lugo-Enciso,Light,Nublado,Si,24.223012757605495,0
UBC-MB-M-A_25,MB-M-A_25,UBC-MB-M-A,Ubc,Ubc mbd,2026-01-16,25-26,2026,1,16,16,46,06:18:00,00:00:00,3,7,4,Early,4,0,Santiago Lugo-Enciso,Moderate,Nublado,No,24.223012757605495,0
UBC-MB-M-A_26,MB-M-A_26,UBC-MB-M-A,Ubc,Ubc mbd,2022-05-28,22,2022,5,28,148,1,08:34:00,00:00:00,3,7,1,Early,1,1,Santiago Lugo-Enciso,Light,Nublado,No,14.3872,0
UBC-MB-M-A_26,MB-M-A_26,UBC-MB-M-A,Ubc,Ubc mbd,2022-05-31,22,2022,5,31,151,4,10:05:00,00:00:00,3,7,2,Early,2,1,"Aaron Alexander Skinner, Santiago Lugo-Enciso",Light,Nublado,No,14.3872,0
UBC-MB-M-A_26,MB-M-A_26,UBC-MB-M-A,Ubc,Ubc mbd,2022-06-01,22,2022,6,1,152,5,06:44:00,00:00:00,3,7,3,Early,3,1,"Aaron Alexander Skinner, Santiago Lugo-Enciso",Light,Nublado,No,14.3872,0
UBC-MB-M-A_26,MB-M-A_26,UBC-MB-M-A,Ubc,Ubc mbd,2026-01-17,25-26,2026,1,17,17,47,06:27:00,00:00:00,3,7,1,Early,1,1,Santiago Lugo-Enciso,Moderate,Nublado,No,14.776687116564418,0
UBC-MB-M-A_26,MB-M-A_26,UBC-MB-M-A,Ubc,Ubc mbd,2026-01-18,25-26,2026,1,18,18,48,09:51:00,00:00:00,3,7,2,Early,2,1,Santiago Lugo-Enciso,High,Nublado,No,14.776687116564418,0
UBC-MB-M-A_26,MB-M-A_26,UBC-MB-M-A,Ubc,Ubc mbd,2026-01-19,25-26,2026,1,19,19,49,07:49:00,00:00:00,3,7,3,Early,3,1,Santiago Lugo-Enciso,Light,Nublado,No,14.776687116564418,0
UBC-MB-M-A_26,MB-M-A_26,UBC-MB-M-A,Ubc,Ubc mbd,2026-01-27,25-26,2026,1,27,27,57,09:10:00,00:00:00,3,7,4,Early,4,1,Santiago Lugo-Enciso,Moderate,Nublado,No,14.776687116564418,0
UBC-MB-M-EPO1_01,MB-M-EPO1_01,UBC-MB-M-EPO1,Ubc,Ubc mbd,2026-02-21,25-26,2026,2,21,52,1,06:45:00,00:06:00,4,3,1,Early,1,1,Santiago Lugo-Enciso,Moderate,Nublado,No,55.37797400049055,13.7
UBC-MB-M-EPO1_01,MB-M-EPO1_01,UBC-MB-M-EPO1,Ubc,Ubc mbd,2026-02-22,25-26,2026,2,22,53,2,10:01:00,00:00:00,4,3,2,Early,2,1,Santiago Lugo-Enciso,Moderate,Brisa,No,55.37797400049055,13.7
UBC-MB-M-EPO1_01,MB-M-EPO1_01,UBC-MB-M-EPO1,Ubc,Ubc mbd,2026-02-23,25-26,2026,2,23,54,3,07:55:00,00:00:00,4,3,3,Early,3,1,Santiago Lugo-Enciso,Moderate,Nublado,No,55.37797400049055,13.7
UBC-MB-M-EPO1_02,MB-M-EPO1_02,UBC-MB-M-EPO1,Ubc,Ubc mbd,2026-02-21,25-26,2026,2,21,52,1,07:06:00,00:00:00,4,3,1,Early,1,1,Santiago Lugo-Enciso,Light,Nublado,No,54.6551385822909,24
UBC-MB-M-EPO1_02,MB-M-EPO1_02,UBC-MB-M-EPO1,Ubc,Ubc mbd,2026-02-22,25-26,2026,2,22,53,2,09:44:00,00:00:00,4,3,2,Early,2,1,Santiago Lugo-Enciso,Moderate,Nublado,No,54.6551385822909,24
UBC-MB-M-EPO1_02,MB-M-EPO1_02,UBC-MB-M-EPO1,Ubc,Ubc mbd,2026-02-23,25-26,2026,2,23,54,3,08:16:00,00:00:00,4,3,3,Early,3,1,Santiago Lugo-Enciso,Moderate,Brisa,No,54.6551385822909,24
UBC-MB-M-EPO1_03,MB-M-EPO1_03,UBC-MB-M-EPO1,Ubc,Ubc mbd,2026-02-21,25-26,2026,2,21,52,1,08:52:00,00:00:00,3,3,1,Early,1,0,Santiago Lugo-Enciso,Light,Nublado,No,52.257107843137256,24
UBC-MB-M-EPO1_03,MB-M-EPO1_03,UBC-MB-M-EPO1,Ubc,Ubc mbd,2026-02-22,25-26,2026,2,22,53,2,09:20:00,00:00:00,3,3,2,Early,2,1,Santiago Lugo-Enciso,Moderate,Nublado,No,52.257107843137256,24
UBC-MB-M-EPO1_03,MB-M-EPO1_03,UBC-MB-M-EPO1,Ubc,Ubc mbd,2026-02-23,25-26,2026,2,23,54,3,07:30:00,00:00:00,3,3,3,Early,3,1,Santiago Lugo-Enciso,Moderate,Nublado,No,52.257107843137256,24
UBC-MB-M-EPO1_03_(1),MB-M-EPO1_03_(1),UBC-MB-M-EPO1,Ubc,Ubc mbd,2026-02-21,25-26,2026,2,21,52,1,08:31:00,00:00:00,3,3,1,Early,1,1,Santiago Lugo-Enciso,Moderate,Brisa,No,48.2578431372549,13.8
UBC-MB-M-EPO1_03_(1),MB-M-EPO1_03_(1),UBC-MB-M-EPO1,Ubc,Ubc mbd,2026-02-22,25-26,2026,2,22,53,2,07:58:00,00:00:00,3,3,2,Early,2,1,Santiago Lugo-Enciso,Moderate,Nublado,No,48.2578431372549,13.8
UBC-MB-M-EPO1_03_(1),MB-M-EPO1_03_(1),UBC-MB-M-EPO1,Ubc,Ubc mbd,2026-02-23,25-26,2026,2,23,54,3,06:53:00,00:00:00,3,3,3,Early,3,1,Santiago Lugo-Enciso,Moderate,Brisa,No,48.2578431372549,13.8
UBC-MB-M-EPO1_04,MB-M-EPO1_04,UBC-MB-M-EPO1,Ubc,Ubc mbd,2026-02-21,25-26,2026,2,21,52,1,08:10:00,00:00:00,4,3,1,Early,1,1,Santiago Lugo-Enciso,Moderate,Nublado,No,48.38111630194246,24.1
UBC-MB-M-EPO1_04,MB-M-EPO1_04,UBC-MB-M-EPO1,Ubc,Ubc mbd,2026-02-22,25-26,2026,2,22,53,2,07:40:00,00:00:00,4,3,2,Early,2,1,Santiago Lugo-Enciso,Moderate,Nublado,No,48.38111630194246,24.1
UBC-MB-M-EPO1_04,MB-M-EPO1_04,UBC-MB-M-EPO1,Ubc,Ubc mbd,2026-02-23,25-26,2026,2,23,54,3,06:38:00,00:00:00,4,3,3,Early,3,1,Santiago Lugo-Enciso,Moderate,Nublado,No,48.38111630194246,24.1
UBC-MB-M-EPO1_05,MB-M-EPO1_05,UBC-MB-M-EPO1,Ubc,Ubc mbd,2026-02-21,25-26,2026,2,21,52,1,07:44:00,00:00:00,4,3,1,Early,1,1,Santiago Lugo-Enciso,Moderate,Nublado,No,53.1037619867224,23.4
UBC-MB-M-EPO1_05,MB-M-EPO1_05,UBC-MB-M-EPO1,Ubc,Ubc mbd,2026-02-22,25-26,2026,2,22,53,2,06:50:00,00:00:00,4,3,2,Early,2,1,Santiago Lugo-Enciso,Moderate,Brisa,No,53.1037619867224,23.4
UBC-MB-M-EPO1_05,MB-M-EPO1_05,UBC-MB-M-EPO1,Ubc,Ubc mbd,2026-02-23,25-26,2026,2,23,54,3,08:47:00,00:00:00,4,3,3,Early,3,1,Santiago Lugo-Enciso,Moderate,Brisa,No,53.1037619867224,23.4
UBC-MB-M-EPO1_06,MB-M-EPO1_06,UBC-MB-M-EPO1,Ubc,Ubc mbd,2026-02-21,25-26,2026,2,21,52,1,07:23:00,00:06:00,4,3,1,Early,1,1,Santiago Lugo-Enciso,Moderate,Nublado,No,54.77598039215686,18.5
UBC-MB-M-EPO1_06,MB-M-EPO1_06,UBC-MB-M-EPO1,Ubc,Ubc mbd,2026-02-22,25-26,2026,2,22,53,2,06:33:00,00:00:00,4,3,2,Early,2,1,Santiago Lugo-Enciso,Moderate,Nublado,No,54.77598039215686,18.5
UBC-MB-M-EPO1_06,MB-M-EPO1_06,UBC-MB-M-EPO1,Ubc,Ubc mbd,2026-02-23,25-26,2026,2,23,54,3,08:30:00,00:00:00,4,3,3,Early,3,1,Santiago Lugo-Enciso,Moderate,Nublado,No,54.77598039215686,18.5
UBC-MB-M-EPO3_01,MB-M-EPO3_01,UBC-MB-M-EPO3,Ubc,Ubc mbd,2022-06-16,22,2022,6,16,167,20,05:47:00,00:00:00,3,6,1,Early,1,1,"Aaron Alexander Skinner, Santiago Lugo-Enciso",Light,Nublado,No,34.2767,10
UBC-MB-M-EPO3_01,MB-M-EPO3_01,UBC-MB-M-EPO3,Ubc,Ubc mbd,2022-06-16,22,2022,6,16,167,20,09:03:00,00:00:00,3,6,2,Early,2,1,"Aaron Alexander Skinner, Santiago Lugo-Enciso",Moderate,Nublado,Yes,34.2767,10
UBC-MB-M-EPO3_01,MB-M-EPO3_01,UBC-MB-M-EPO3,Ubc,Ubc mbd,2022-06-17,22,2022,6,17,168,21,09:14:00,00:00:00,3,6,3,Early,3,1,"Aaron Alexander Skinner, Santiago Lugo-Enciso",Light,Nublado,No,34.2767,10
UBC-MB-M-EPO3_01,MB-M-EPO3_01,UBC-MB-M-EPO3,Ubc,Ubc mbd,2026-01-28,25-26,2026,1,28,28,58,06:28:00,00:00:00,3,6,1,Early,1,1,Santiago Lugo-Enciso,Moderate,Nublado,No,36.687254901960785,12.3
UBC-MB-M-EPO3_01,MB-M-EPO3_01,UBC-MB-M-EPO3,Ubc,Ubc mbd,2026-01-28,25-26,2026,1,28,28,58,17:10:00,00:00:00,3,6,2,Early,2,1,Santiago Lugo-Enciso,Moderate,Nublado,No,36.687254901960785,12.3
UBC-MB-M-EPO3_01,MB-M-EPO3_01,UBC-MB-M-EPO3,Ubc,Ubc mbd,2026-01-29,25-26,2026,1,29,29,59,08:02:00,00:00:00,3,6,3,Early,3,1,Santiago Lugo-Enciso,Light,Nublado,No,36.687254901960785,12.3
UBC-MB-M-EPO3_02,MB-M-EPO3_02,UBC-MB-M-EPO3,Ubc,Ubc mbd,2022-06-16,22,2022,6,16,167,20,06:39:00,00:00:00,3,6,1,Early,1,1,"Aaron Alexander Skinner, Santiago Lugo-Enciso",Moderate,Nublado,No,31.609,24
UBC-MB-M-EPO3_02,MB-M-EPO3_02,UBC-MB-M-EPO3,Ubc,Ubc mbd,2022-06-17,22,2022,6,17,168,21,07:37:00,00:00:00,3,6,2,Early,2,1,"Aaron Alexander Skinner, Santiago Lugo-Enciso",Moderate,Nublado,No,31.609,24
UBC-MB-M-EPO3_02,MB-M-EPO3_02,UBC-MB-M-EPO3,Ubc,Ubc mbd,2022-06-17,22,2022,6,17,168,21,09:45:00,00:00:00,3,6,3,Early,3,1,"Aaron Alexander Skinner, Santiago Lugo-Enciso",Loud,Nublado,No,31.609,24
UBC-MB-M-EPO3_02,MB-M-EPO3_02,UBC-MB-M-EPO3,Ubc,Ubc mbd,2026-01-28,25-26,2026,1,28,28,58,06:50:00,00:00:00,3,6,1,Early,1,1,Santiago Lugo-Enciso,Light,Nublado,No,33.7001716106889,24
UBC-MB-M-EPO3_02,MB-M-EPO3_02,UBC-MB-M-EPO3,Ubc,Ubc mbd,2026-01-28,25-26,2026,1,28,28,58,17:28:00,00:00:00,3,6,2,Early,2,1,Santiago Lugo-Enciso,Light,Nublado,No,33.7001716106889,24
UBC-MB-M-EPO3_02,MB-M-EPO3_02,UBC-MB-M-EPO3,Ubc,Ubc mbd,2026-01-29,25-26,2026,1,29,29,59,08:24:00,00:00:00,3,6,3,Early,3,1,Santiago Lugo-Enciso,Light,Nublado,No,33.7001716106889,24
UBC-MB-M-EPO3_03,MB-M-EPO3_03,UBC-MB-M-EPO3,Ubc,Ubc mbd,2022-06-16,22,2022,6,16,167,20,07:09:00,00:00:00,3,6,1,Early,1,1,"Aaron Alexander Skinner, Santiago Lugo-Enciso",Moderate,Nublado,No,30.4168,17
UBC-MB-M-EPO3_03,MB-M-EPO3_03,UBC-MB-M-EPO3,Ubc,Ubc mbd,2022-06-16,22,2022,6,16,167,20,09:31:00,00:00:00,3,6,2,Early,2,1,"Aaron Alexander Skinner, Santiago Lugo-Enciso",Moderate,Nublado,No,30.4168,17
UBC-MB-M-EPO3_03,MB-M-EPO3_03,UBC-MB-M-EPO3,Ubc,Ubc mbd,2022-06-17,22,2022,6,17,168,21,07:59:00,00:00:00,3,6,3,Early,3,1,"Aaron Alexander Skinner, Santiago Lugo-Enciso",Light,Nublado,No,30.4168,17
UBC-MB-M-EPO3_03,MB-M-EPO3_03,UBC-MB-M-EPO3,Ubc,Ubc mbd,2026-01-28,25-26,2026,1,28,28,58,07:27:00,00:00:00,3,6,1,Early,1,1,Santiago Lugo-Enciso,Light,Nublado,No,33.22080471050049,17
UBC-MB-M-EPO3_03,MB-M-EPO3_03,UBC-MB-M-EPO3,Ubc,Ubc mbd,2026-01-28,25-26,2026,1,28,28,58,15:47:00,00:00:00,3,6,2,Early,2,1,Santiago Lugo-Enciso,Light,Nublado,No,33.22080471050049,17
UBC-MB-M-EPO3_03,MB-M-EPO3_03,UBC-MB-M-EPO3,Ubc,Ubc mbd,2026-01-29,25-26,2026,1,29,29,59,08:46:00,00:00:00,3,6,3,Early,3,1,Santiago Lugo-Enciso,Light,Nublado,No,33.22080471050049,17
UBC-MB-M-EPO3_04,MB-M-EPO3_04,UBC-MB-M-EPO3,Ubc,Ubc mbd,2022-06-16,22,2022,6,16,167,20,10:00:00,00:00:00,3,6,1,Early,1,1,"Aaron Alexander Skinner, Santiago Lugo-Enciso",None,Nublado,No,30.4307,8.3
UBC-MB-M-EPO3_04,MB-M-EPO3_04,UBC-MB-M-EPO3,Ubc,Ubc mbd,2022-06-17,22,2022,6,17,168,21,05:51:00,00:00:00,3,6,2,Early,2,1,"Aaron Alexander Skinner, Santiago Lugo-Enciso",Light,Nublado,Yes,30.4307,8.3
UBC-MB-M-EPO3_04,MB-M-EPO3_04,UBC-MB-M-EPO3,Ubc,Ubc mbd,2022-06-17,22,2022,6,17,168,21,08:20:00,00:00:00,3,6,3,Early,3,1,"Aaron Alexander Skinner, Santiago Lugo-Enciso",Light,Nublado,No,30.4307,8.3
UBC-MB-M-EPO3_04,MB-M-EPO3_04,UBC-MB-M-EPO3,Ubc,Ubc mbd,2026-01-28,25-26,2026,1,28,28,58,08:30:00,00:00:00,3,6,1,Early,1,1,Santiago Lugo-Enciso,Moderate,Nublado,No,33.633447600391776,11.4
UBC-MB-M-EPO3_04,MB-M-EPO3_04,UBC-MB-M-EPO3,Ubc,Ubc mbd,2026-01-28,25-26,2026,1,28,28,58,16:06:00,00:00:00,3,6,2,Early,2,1,Santiago Lugo-Enciso,Light,Brisa,No,33.633447600391776,11.4
UBC-MB-M-EPO3_04,MB-M-EPO3_04,UBC-MB-M-EPO3,Ubc,Ubc mbd,2026-01-29,25-26,2026,1,29,29,59,09:09:00,00:00:00,3,6,3,Early,3,1,Santiago Lugo-Enciso,Moderate,Nublado,No,33.633447600391776,11.4
UBC-MB-M-EPO3_05,MB-M-EPO3_05,UBC-MB-M-EPO3,Ubc,Ubc mbd,2022-06-16,22,2022,6,16,167,20,07:54:00,00:00:00,3,7,1,Early,1,1,"Aaron Alexander Skinner, Santiago Lugo-Enciso",Light,Nublado,Yes,30.1022,13.2
UBC-MB-M-EPO3_05,MB-M-EPO3_05,UBC-MB-M-EPO3,Ubc,Ubc mbd,2022-06-16,22,2022,6,16,167,20,10:23:00,00:00:00,3,7,2,Early,2,1,"Aaron Alexander Skinner, Santiago Lugo-Enciso",Light,Nublado,Yes,30.1022,13.2
UBC-MB-M-EPO3_05,MB-M-EPO3_05,UBC-MB-M-EPO3,Ubc,Ubc mbd,2022-06-17,22,2022,6,17,168,21,06:18:00,00:00:00,3,7,3,Early,3,1,"Aaron Alexander Skinner, Santiago Lugo-Enciso",Light,Nublado,No,30.1022,13.2
UBC-MB-M-EPO3_05,MB-M-EPO3_05,UBC-MB-M-EPO3,Ubc,Ubc mbd,2026-01-28,25-26,2026,1,28,28,58,08:49:00,00:00:00,3,7,1,Early,1,1,Santiago Lugo-Enciso,Moderate,Nublado,Si,33.91125275802893,13.7
UBC-MB-M-EPO3_05,MB-M-EPO3_05,UBC-MB-M-EPO3,Ubc,Ubc mbd,2026-01-28,25-26,2026,1,28,28,58,16:25:00,00:00:00,3,7,2,Early,2,1,Santiago Lugo-Enciso,Moderate,Brisa,Si,33.91125275802893,13.7
UBC-MB-M-EPO3_05,MB-M-EPO3_05,UBC-MB-M-EPO3,Ubc,Ubc mbd,2026-01-29,25-26,2026,1,29,29,59,06:36:00,00:00:00,3,7,3,Early,3,1,Santiago Lugo-Enciso,Moderate,Nublado,No,33.91125275802893,13.7
UBC-MB-M-EPO3_05,MB-M-EPO3_05,UBC-MB-M-EPO3,Ubc,Ubc mbd,2026-01-29,25-26,2026,1,29,29,59,07:00:00,00:00:00,3,7,4,Early,4,1,Santiago Lugo-Enciso,Moderate,Brisa,No,33.91125275802893,13.7
UBC-MB-M-EPO3_06,MB-M-EPO3_06,UBC-MB-M-EPO3,Ubc,Ubc mbd,2022-06-16,22,2022,6,16,167,20,08:23:00,00:00:00,3,6,1,Early,1,1,"Aaron Alexander Skinner, Santiago Lugo-Enciso",Light,Nublado,No,33.4497,0
UBC-MB-M-EPO3_06,MB-M-EPO3_06,UBC-MB-M-EPO3,Ubc,Ubc mbd,2022-06-16,22,2022,6,16,167,20,10:47:00,00:00:00,3,6,2,Early,2,1,"Aaron Alexander Skinner, Santiago Lugo-Enciso",Light,Nublado,No,33.4497,0
UBC-MB-M-EPO3_06,MB-M-EPO3_06,UBC-MB-M-EPO3,Ubc,Ubc mbd,2022-06-17,22,2022,6,17,168,21,06:52:00,00:00:00,3,6,3,Early,3,1,"Aaron Alexander Skinner, Santiago Lugo-Enciso",Light,Nublado,No,33.4497,0
UBC-MB-M-EPO3_06,MB-M-EPO3_06,UBC-MB-M-EPO3,Ubc,Ubc mbd,2026-01-28,25-26,2026,1,28,28,58,09:07:00,00:00:00,3,6,1,Early,1,1,Santiago Lugo-Enciso,Moderate,Brisa,Si,37.23024054982818,10
UBC-MB-M-EPO3_06,MB-M-EPO3_06,UBC-MB-M-EPO3,Ubc,Ubc mbd,2026-01-28,25-26,2026,1,28,28,58,16:44:00,00:00:00,3,6,2,Early,2,1,Santiago Lugo-Enciso,Moderate,Brisa,Si,37.23024054982818,10
UBC-MB-M-EPO3_06,MB-M-EPO3_06,UBC-MB-M-EPO3,Ubc,Ubc mbd,2026-01-29,25-26,2026,1,29,29,59,07:17:00,00:00:00,3,6,3,Early,3,1,Santiago Lugo-Enciso,Light,Nublado,Si,37.23024054982818,10
UBC-MB-M-LBR_01,MB-M-LBR_01,UBC-MB-M-LBR,Ubc,Ubc mbd,2022-06-18,22,2022,6,18,169,22,07:33:00,00:00:00,1,3,1,Early,1,1,"Aaron Alexander Skinner, Santiago Lugo-Enciso",Light,Nublado,No,62.36073619631902,23.3
UBC-MB-M-LBR_01,MB-M-LBR_01,UBC-MB-M-LBR,Ubc,Ubc mbd,2022-06-18,22,2022,6,18,169,22,09:33:00,00:00:00,1,3,2,Early,2,0,"Aaron Alexander Skinner, Santiago Lugo-Enciso",NA,Despejado,NA,62.36073619631902,23.3
UBC-MB-M-LBR_01,MB-M-LBR_01,UBC-MB-M-LBR,Ubc,Ubc mbd,2022-06-18,22,2022,6,18,169,22,10:38:00,00:00:00,1,3,3,Early,3,1,"Aaron Alexander Skinner, Santiago Lugo-Enciso",Light,Despejado,No,62.36073619631902,23.3
UBC-MB-M-LBR_02,MB-M-LBR_02,UBC-MB-M-LBR,Ubc,Ubc mbd,2022-06-18,22,2022,6,18,169,22,08:56:00,00:00:00,1,3,1,Early,1,1,"Aaron Alexander Skinner, Santiago Lugo-Enciso",Light,Nublado,No,69.56466257668711,23.9
UBC-MB-M-LBR_02,MB-M-LBR_02,UBC-MB-M-LBR,Ubc,Ubc mbd,2022-06-18,22,2022,6,18,169,22,10:04:00,00:00:00,1,3,2,Early,2,1,"Aaron Alexander Skinner, Santiago Lugo-Enciso",Light,Brisa,No,69.56466257668711,23.9
UBC-MB-M-LBR_02,MB-M-LBR_02,UBC-MB-M-LBR,Ubc,Ubc mbd,2022-06-18,22,2022,6,18,169,22,11:05:00,00:00:00,1,3,3,Early,3,1,"Aaron Alexander Skinner, Santiago Lugo-Enciso",Light,Despejado,No,69.56466257668711,23.9
UBC-MB-M-LCR_01,MB-M-LCR_01,UBC-MB-M-LCR,Ubc,Ubc mbd,2026-02-17,25-26,2026,2,17,48,78,06:50:00,00:05:00,4,3,1,Early,1,1,Santiago Lugo-Enciso,Moderate,Nublado,No,52.26127450980392,12.8
UBC-MB-M-LCR_01,MB-M-LCR_01,UBC-MB-M-LCR,Ubc,Ubc mbd,2026-02-18,25-26,2026,2,18,49,79,09:56:00,00:06:00,4,3,2,Early,2,1,Santiago Lugo-Enciso,Moderate,Nublado,No,52.26127450980392,12.8
UBC-MB-M-LCR_01,MB-M-LCR_01,UBC-MB-M-LCR,Ubc,Ubc mbd,2026-02-20,25-26,2026,2,20,51,1,08:51:00,00:00:00,4,3,3,Early,3,1,Santiago Lugo-Enciso,Moderate,Nublado,No,52.26127450980392,12.8
UBC-MB-M-LCR_02,MB-M-LCR_02,UBC-MB-M-LCR,Ubc,Ubc mbd,2026-02-17,25-26,2026,2,17,48,78,08:08:00,00:00:00,2,3,1,Early,1,1,Santiago Lugo-Enciso,Moderate,Brisa,No,53.67720588235294,16.2
UBC-MB-M-LCR_02,MB-M-LCR_02,UBC-MB-M-LCR,Ubc,Ubc mbd,2026-02-18,25-26,2026,2,18,49,79,07:07:00,00:06:00,2,3,2,Early,2,1,Santiago Lugo-Enciso,Moderate,Nublado,No,53.67720588235294,16.2
UBC-MB-M-LCR_02,MB-M-LCR_02,UBC-MB-M-LCR,Ubc,Ubc mbd,2026-02-20,25-26,2026,2,20,51,1,10:01:00,00:05:00,2,3,3,Early,3,1,Santiago Lugo-Enciso,Moderate,Nublado,No,53.67720588235294,16.2
UBC-MB-M-LCR_03,MB-M-LCR_03,UBC-MB-M-LCR,Ubc,Ubc mbd,2026-02-17,25-26,2026,2,17,48,78,07:43:00,00:00:00,4,3,1,Early,1,1,Santiago Lugo-Enciso,Moderate,Nublado,No,53.58372264568478,18.6
UBC-MB-M-LCR_03,MB-M-LCR_03,UBC-MB-M-LCR,Ubc,Ubc mbd,2026-02-18,25-26,2026,2,18,49,79,06:38:00,00:00:00,4,3,2,Early,2,1,Santiago Lugo-Enciso,Moderate,Nublado,No,53.58372264568478,18.6
UBC-MB-M-LCR_03,MB-M-LCR_03,UBC-MB-M-LCR,Ubc,Ubc mbd,2026-02-20,25-26,2026,2,20,51,1,09:42:00,00:00:00,4,3,3,Early,3,1,Santiago Lugo-Enciso,Moderate,Nublado,No,53.58372264568478,18.6
UBC-MB-M-LCR_04,MB-M-LCR_04,UBC-MB-M-LCR,Ubc,Ubc mbd,2026-02-17,25-26,2026,2,17,48,78,07:14:00,00:00:00,4,3,1,Early,1,1,Santiago Lugo-Enciso,Moderate,Nublado,No,52.58347676419966,19.9
UBC-MB-M-LCR_04,MB-M-LCR_04,UBC-MB-M-LCR,Ubc,Ubc mbd,2026-02-18,25-26,2026,2,18,49,79,10:14:00,00:00:00,4,3,2,Early,2,1,Santiago Lugo-Enciso,Moderate,Nublado,No,52.58347676419966,19.9
UBC-MB-M-LCR_04,MB-M-LCR_04,UBC-MB-M-LCR,Ubc,Ubc mbd,2026-02-20,25-26,2026,2,20,51,1,09:14:00,00:00:00,4,3,3,Early,3,1,Santiago Lugo-Enciso,Moderate,Nublado,No,52.58347676419966,19.9
UBC-MB-M-LCR_05,MB-M-LCR_05,UBC-MB-M-LCR,Ubc,Ubc mbd,2026-02-17,25-26,2026,2,17,48,78,08:47:00,00:00:00,2,3,1,Early,1,1,Santiago Lugo-Enciso,Moderate,Nublado,No,53.90117704757234,18.6
UBC-MB-M-LCR_05,MB-M-LCR_05,UBC-MB-M-LCR,Ubc,Ubc mbd,2026-02-18,25-26,2026,2,18,49,79,07:56:00,00:00:00,2,3,2,Early,2,1,Santiago Lugo-Enciso,Moderate,Nublado,No,53.90117704757234,18.6
UBC-MB-M-LCR_05,MB-M-LCR_05,UBC-MB-M-LCR,Ubc,Ubc mbd,2026-02-20,25-26,2026,2,20,51,1,06:29:00,00:00:00,2,3,3,Early,3,1,Santiago Lugo-Enciso,Moderate,Nublado,No,53.90117704757234,18.6
UBC-MB-M-LCR_06,MB-M-LCR_06,UBC-MB-M-LCR,Ubc,Ubc mbd,2026-02-17,25-26,2026,2,17,48,78,09:17:00,00:00:00,2,3,1,Early,1,1,Santiago Lugo-Enciso,Moderate,Nublado,No,54.63754601226994,17.5
UBC-MB-M-LCR_06,MB-M-LCR_06,UBC-MB-M-LCR,Ubc,Ubc mbd,2026-02-18,25-26,2026,2,18,49,79,08:30:00,00:00:00,2,3,2,Early,2,1,Santiago Lugo-Enciso,Moderate,Nublado,No,54.63754601226994,17.5
UBC-MB-M-LCR_06,MB-M-LCR_06,UBC-MB-M-LCR,Ubc,Ubc mbd,2026-02-20,25-26,2026,2,20,51,1,06:54:00,00:00:00,2,3,3,Early,3,1,Santiago Lugo-Enciso,Moderate,Nublado,No,54.63754601226994,17.5
UBC-MB-M-LCR_07,MB-M-LCR_07,UBC-MB-M-LCR,Ubc,Ubc mbd,2026-02-17,25-26,2026,2,17,48,78,08:27:00,00:06:00,2,3,1,Early,1,1,Santiago Lugo-Enciso,Moderate,Nublado,No,53.95980392156863,12.3
UBC-MB-M-LCR_07,MB-M-LCR_07,UBC-MB-M-LCR,Ubc,Ubc mbd,2026-02-18,25-26,2026,2,18,49,79,07:32:00,00:00:00,2,3,2,Early,2,1,Santiago Lugo-Enciso,Moderate,Nublado,No,53.95980392156863,12.3
UBC-MB-M-LCR_07,MB-M-LCR_07,UBC-MB-M-LCR,Ubc,Ubc mbd,2026-02-20,25-26,2026,2,20,51,1,10:15:00,00:00:00,2,3,3,Early,3,1,Santiago Lugo-Enciso,Moderate,Nublado,No,53.95980392156863,12.3
UBC-MB-M-LCR_08,MB-M-LCR_08,UBC-MB-M-LCR,Ubc,Ubc mbd,2026-02-17,25-26,2026,2,17,48,78,06:34:00,00:00:00,2,3,1,Early,1,1,Santiago Lugo-Enciso,Moderate,Nublado,No,51.18682664054848,0
UBC-MB-M-LCR_08,MB-M-LCR_08,UBC-MB-M-LCR,Ubc,Ubc mbd,2026-02-18,25-26,2026,2,18,49,79,09:38:00,00:00:00,2,3,2,Early,2,1,Santiago Lugo-Enciso,Moderate,Nublado,No,51.18682664054848,0
UBC-MB-M-LCR_08,MB-M-LCR_08,UBC-MB-M-LCR,Ubc,Ubc mbd,2026-02-20,25-26,2026,2,20,51,1,08:22:00,00:00:00,2,3,3,Early,3,1,Santiago Lugo-Enciso,Moderate,Nublado,No,51.18682664054848,0
UBC-MB-M-LCR_09,MB-M-LCR_09,UBC-MB-M-LCR,Ubc,Ubc mbd,2026-02-17,25-26,2026,2,17,48,78,09:49:00,00:00:00,2,3,1,Early,1,1,Santiago Lugo-Enciso,Moderate,Nublado,Si,51.49031150355653,12.4
UBC-MB-M-LCR_09,MB-M-LCR_09,UBC-MB-M-LCR,Ubc,Ubc mbd,2026-02-18,25-26,2026,2,18,49,79,08:59:00,00:00:00,2,3,2,Early,2,1,Santiago Lugo-Enciso,Moderate,Nublado,No,51.49031150355653,12.4
UBC-MB-M-LCR_09,MB-M-LCR_09,UBC-MB-M-LCR,Ubc,Ubc mbd,2026-02-20,25-26,2026,2,20,51,1,07:21:00,00:00:00,2,3,3,Early,3,1,Santiago Lugo-Enciso,Moderate,Brisa,No,51.49031150355653,12.4
UBC-MB-M-LP2_01,MB-M-LP2_01,UBC-MB-M-LP2,Ubc,Ubc mbd,2022-06-02,22,2022,6,2,153,6,09:44:00,00:00:00,3,6,1,Early,1,1,"Aaron Alexander Skinner, Santiago Lugo-Enciso",Light,Nublado,No,29.6704,0
UBC-MB-M-LP2_01,MB-M-LP2_01,UBC-MB-M-LP2,Ubc,Ubc mbd,2022-06-04,22,2022,6,4,155,8,07:46:00,00:00:00,3,6,2,Early,2,1,"Aaron Alexander Skinner, Santiago Lugo-Enciso",Moderate,Nublado,Yes,29.6704,0
UBC-MB-M-LP2_01,MB-M-LP2_01,UBC-MB-M-LP2,Ubc,Ubc mbd,2022-06-06,22,2022,6,6,157,10,10:49:00,00:00:00,3,6,3,Early,3,1,"Aaron Alexander Skinner, Santiago Lugo-Enciso",Light,Brisa,No,29.6704,0
UBC-MB-M-LP2_01,MB-M-LP2_01,UBC-MB-M-LP2,Ubc,Ubc mbd,2026-01-10,25-26,2026,1,10,10,40,10:44:00,00:00:00,3,6,1,Early,1,1,Santiago Lugo-Enciso,Light,Brisa,No,30.78969325153374,0
UBC-MB-M-LP2_01,MB-M-LP2_01,UBC-MB-M-LP2,Ubc,Ubc mbd,2026-01-11,25-26,2026,1,11,11,41,08:31:00,00:00:00,3,6,2,Early,2,1,Santiago Lugo-Enciso,Moderate,Brisa,No,30.78969325153374,0
UBC-MB-M-LP2_01,MB-M-LP2_01,UBC-MB-M-LP2,Ubc,Ubc mbd,2026-01-12,25-26,2026,1,12,12,42,06:51:00,00:00:00,3,6,3,Early,3,1,Santiago Lugo-Enciso,Light,Nublado,No,30.78969325153374,0
UBC-MB-M-LP2_02,MB-M-LP2_02,UBC-MB-M-LP2,Ubc,Ubc mbd,2022-06-02,22,2022,6,2,153,6,10:02:00,00:00:00,3,6,1,Early,1,1,"Aaron Alexander Skinner, Santiago Lugo-Enciso",Light,Brisa,Yes,29.0245,12
UBC-MB-M-LP2_02,MB-M-LP2_02,UBC-MB-M-LP2,Ubc,Ubc mbd,2022-06-04,22,2022,6,4,155,8,08:13:00,00:00:00,3,6,2,Early,2,1,"Aaron Alexander Skinner, Santiago Lugo-Enciso",Light,Nublado,No,29.0245,12
UBC-MB-M-LP2_02,MB-M-LP2_02,UBC-MB-M-LP2,Ubc,Ubc mbd,2022-06-06,22,2022,6,6,157,10,06:10:00,00:00:00,3,6,3,Early,3,1,"Aaron Alexander Skinner, Santiago Lugo-Enciso",Light,Nublado,No,29.0245,12
UBC-MB-M-LP2_02,MB-M-LP2_02,UBC-MB-M-LP2,Ubc,Ubc mbd,2026-01-10,25-26,2026,1,10,10,40,10:58:00,00:00:00,3,6,1,Early,1,1,Santiago Lugo-Enciso,Moderate,Despejado,Si,30.117055214723926,13.8
UBC-MB-M-LP2_02,MB-M-LP2_02,UBC-MB-M-LP2,Ubc,Ubc mbd,2026-01-11,25-26,2026,1,11,11,41,08:49:00,00:00:00,3,6,2,Early,2,0,Santiago Lugo-Enciso,Moderate,Brisa,Si,30.117055214723926,13.8
UBC-MB-M-LP2_02,MB-M-LP2_02,UBC-MB-M-LP2,Ubc,Ubc mbd,2026-01-12,25-26,2026,1,12,12,42,07:28:00,00:00:00,3,6,3,Early,3,1,Santiago Lugo-Enciso,Moderate,Nublado,No,30.117055214723926,13.8
UBC-MB-M-LP2_03,MB-M-LP2_03,UBC-MB-M-LP2,Ubc,Ubc mbd,2022-06-02,22,2022,6,2,153,6,10:21:00,00:00:00,3,6,1,Early,1,1,"Aaron Alexander Skinner, Santiago Lugo-Enciso",Light,Nublado,No,28.4887,15.2
UBC-MB-M-LP2_03,MB-M-LP2_03,UBC-MB-M-LP2,Ubc,Ubc mbd,2022-06-04,22,2022,6,4,155,8,08:30:00,00:00:00,3,6,2,Early,2,1,"Aaron Alexander Skinner, Santiago Lugo-Enciso",Light,Nublado,No,28.4887,15.2
UBC-MB-M-LP2_03,MB-M-LP2_03,UBC-MB-M-LP2,Ubc,Ubc mbd,2022-06-06,22,2022,6,6,157,10,06:32:00,00:00:00,3,6,3,Early,3,1,"Aaron Alexander Skinner, Santiago Lugo-Enciso",Light,Despejado,No,28.4887,15.2
UBC-MB-M-LP2_03,MB-M-LP2_03,UBC-MB-M-LP2,Ubc,Ubc mbd,2026-01-10,25-26,2026,1,10,10,40,06:07:00,00:00:00,3,6,1,Early,1,1,Santiago Lugo-Enciso,Moderate,Nublado,No,29.57230392156863,16
UBC-MB-M-LP2_03,MB-M-LP2_03,UBC-MB-M-LP2,Ubc,Ubc mbd,2026-01-11,25-26,2026,1,11,11,41,09:10:00,00:00:00,3,6,2,Early,2,1,Santiago Lugo-Enciso,Light,Nublado,No,29.57230392156863,16
UBC-MB-M-LP2_03,MB-M-LP2_03,UBC-MB-M-LP2,Ubc,Ubc mbd,2026-01-12,25-26,2026,1,12,12,42,07:44:00,00:00:00,3,6,3,Early,3,1,Santiago Lugo-Enciso,Moderate,Nublado,No,29.57230392156863,16
UBC-MB-M-LP2_04,MB-M-LP2_04,UBC-MB-M-LP2,Ubc,Ubc mbd,2022-06-02,22,2022,6,2,153,6,10:40:00,00:00:00,3,6,1,Early,1,1,"Aaron Alexander Skinner, Santiago Lugo-Enciso",Light,Brisa,No,27.0996,11.6
UBC-MB-M-LP2_04,MB-M-LP2_04,UBC-MB-M-LP2,Ubc,Ubc mbd,2022-06-04,22,2022,6,4,155,8,08:58:00,00:00:00,3,6,2,Early,2,1,"Aaron Alexander Skinner, Santiago Lugo-Enciso",Light,Nublado,No,27.0996,11.6
UBC-MB-M-LP2_04,MB-M-LP2_04,UBC-MB-M-LP2,Ubc,Ubc mbd,2022-06-06,22,2022,6,6,157,10,06:54:00,00:00:00,3,6,3,Early,3,1,"Aaron Alexander Skinner, Santiago Lugo-Enciso",Light,Despejado,No,27.0996,11.6
UBC-MB-M-LP2_04,MB-M-LP2_04,UBC-MB-M-LP2,Ubc,Ubc mbd,2026-01-10,25-26,2026,1,10,10,40,06:27:00,00:00:00,3,6,1,Early,1,1,Santiago Lugo-Enciso,Light,Nublado,No,28.194110429447857,11.6
UBC-MB-M-LP2_04,MB-M-LP2_04,UBC-MB-M-LP2,Ubc,Ubc mbd,2026-01-11,25-26,2026,1,11,11,41,09:35:00,00:00:00,3,6,2,Early,2,1,Santiago Lugo-Enciso,Moderate,Nublado,No,28.194110429447857,11.6
UBC-MB-M-LP2_04,MB-M-LP2_04,UBC-MB-M-LP2,Ubc,Ubc mbd,2026-01-12,25-26,2026,1,12,12,42,07:59:00,00:00:00,3,6,3,Early,3,1,Santiago Lugo-Enciso,Moderate,Nublado,No,28.194110429447857,11.6
UBC-MB-M-LP2_05,MB-M-LP2_05,UBC-MB-M-LP2,Ubc,Ubc mbd,2022-06-02,22,2022,6,2,153,6,11:00:00,00:00:00,3,6,1,Early,1,1,"Aaron Alexander Skinner, Santiago Lugo-Enciso",Moderate,Nublado,No,26.784,21
UBC-MB-M-LP2_05,MB-M-LP2_05,UBC-MB-M-LP2,Ubc,Ubc mbd,2022-06-04,22,2022,6,4,155,8,09:29:00,00:00:00,3,6,2,Early,2,1,"Aaron Alexander Skinner, Santiago Lugo-Enciso",Moderate,Nublado,No,26.784,21
UBC-MB-M-LP2_05,MB-M-LP2_05,UBC-MB-M-LP2,Ubc,Ubc mbd,2022-06-06,22,2022,6,6,157,10,07:20:00,00:00:00,3,6,3,Early,3,1,"Aaron Alexander Skinner, Santiago Lugo-Enciso",Moderate,Despejado,No,26.784,21
UBC-MB-M-LP2_05,MB-M-LP2_05,UBC-MB-M-LP2,Ubc,Ubc mbd,2026-01-10,25-26,2026,1,10,10,40,07:07:00,00:00:00,3,6,1,Early,1,1,Santiago Lugo-Enciso,Light,Nublado,No,27.840942562592048,21
UBC-MB-M-LP2_05,MB-M-LP2_05,UBC-MB-M-LP2,Ubc,Ubc mbd,2026-01-11,25-26,2026,1,11,11,41,10:00:00,00:00:00,3,6,2,Early,2,1,Santiago Lugo-Enciso,Light,Nublado,No,27.840942562592048,21
UBC-MB-M-LP2_05,MB-M-LP2_05,UBC-MB-M-LP2,Ubc,Ubc mbd,2026-01-12,25-26,2026,1,12,12,42,08:25:00,00:00:00,3,6,3,Early,3,1,Santiago Lugo-Enciso,Light,Nublado,No,27.840942562592048,21
UBC-MB-M-LP2_06,MB-M-LP2_06,UBC-MB-M-LP2,Ubc,Ubc mbd,2022-06-02,22,2022,6,2,153,6,06:16:00,00:00:00,3,6,1,Early,1,1,"Aaron Alexander Skinner, Santiago Lugo-Enciso",Moderate,Nublado,No,24.2835,0
UBC-MB-M-LP2_06,MB-M-LP2_06,UBC-MB-M-LP2,Ubc,Ubc mbd,2022-06-04,22,2022,6,4,155,8,09:54:00,00:00:00,3,6,2,Early,2,1,"Aaron Alexander Skinner, Santiago Lugo-Enciso",Moderate,Nublado,No,24.2835,0
UBC-MB-M-LP2_06,MB-M-LP2_06,UBC-MB-M-LP2,Ubc,Ubc mbd,2022-06-06,22,2022,6,6,157,10,07:45:00,00:00:00,3,6,3,Early,3,1,"Aaron Alexander Skinner, Santiago Lugo-Enciso",Moderate,Nublado,No,24.2835,0
UBC-MB-M-LP2_06,MB-M-LP2_06,UBC-MB-M-LP2,Ubc,Ubc mbd,2026-01-10,25-26,2026,1,10,10,40,07:40:00,00:00:00,3,6,1,Early,1,1,Santiago Lugo-Enciso,Light,Nublado,No,25.400441392839628,0
UBC-MB-M-LP2_06,MB-M-LP2_06,UBC-MB-M-LP2,Ubc,Ubc mbd,2026-01-11,25-26,2026,1,11,11,41,10:23:00,00:00:00,3,6,2,Early,2,1,Santiago Lugo-Enciso,Moderate,Brisa,No,25.400441392839628,0
UBC-MB-M-LP2_06,MB-M-LP2_06,UBC-MB-M-LP2,Ubc,Ubc mbd,2026-01-12,25-26,2026,1,12,12,42,08:51:00,00:00:00,3,6,3,Early,3,1,Santiago Lugo-Enciso,Light,Brisa,No,25.400441392839628,0
UBC-MB-M-LP2_07,MB-M-LP2_07,UBC-MB-M-LP2,Ubc,Ubc mbd,2022-06-02,22,2022,6,2,153,6,06:39:00,00:00:00,3,6,1,Early,1,1,"Aaron Alexander Skinner, Santiago Lugo-Enciso",Moderate,Nublado,Yes,24.2536,0
UBC-MB-M-LP2_07,MB-M-LP2_07,UBC-MB-M-LP2,Ubc,Ubc mbd,2022-06-04,22,2022,6,4,155,8,10:18:00,00:00:00,3,6,2,Early,2,1,"Aaron Alexander Skinner, Santiago Lugo-Enciso",Moderate,Brisa,Yes,24.2536,0
UBC-MB-M-LP2_07,MB-M-LP2_07,UBC-MB-M-LP2,Ubc,Ubc mbd,2022-06-06,22,2022,6,6,157,10,08:06:00,00:00:00,3,6,3,Early,3,1,"Aaron Alexander Skinner, Santiago Lugo-Enciso",Light,Brisa,No,24.2536,0
UBC-MB-M-LP2_07,MB-M-LP2_07,UBC-MB-M-LP2,Ubc,Ubc mbd,2026-01-10,25-26,2026,1,10,10,40,08:12:00,00:00:00,3,6,1,Early,1,1,Santiago Lugo-Enciso,Moderate,Nublado,No,25.17635516311013,0
UBC-MB-M-LP2_07,MB-M-LP2_07,UBC-MB-M-LP2,Ubc,Ubc mbd,2026-01-11,25-26,2026,1,11,11,41,06:02:00,00:00:00,3,6,2,Early,2,0,Santiago Lugo-Enciso,Moderate,Brisa,No,25.17635516311013,0
UBC-MB-M-LP2_07,MB-M-LP2_07,UBC-MB-M-LP2,Ubc,Ubc mbd,2026-01-12,25-26,2026,1,12,12,42,09:09:00,00:00:00,3,6,3,Early,3,1,Santiago Lugo-Enciso,Light,Nublado,No,25.17635516311013,0
UBC-MB-M-LP2_08,MB-M-LP2_08,UBC-MB-M-LP2,Ubc,Ubc mbd,2022-06-02,22,2022,6,2,153,6,07:05:00,00:00:00,3,6,1,Early,1,1,"Aaron Alexander Skinner, Santiago Lugo-Enciso",Light,Nublado,No,25.5432,0
UBC-MB-M-LP2_08,MB-M-LP2_08,UBC-MB-M-LP2,Ubc,Ubc mbd,2022-06-04,22,2022,6,4,155,8,10:37:00,00:00:00,3,6,2,Early,2,1,"Aaron Alexander Skinner, Santiago Lugo-Enciso",Moderate,Brisa,No,25.5432,0
UBC-MB-M-LP2_08,MB-M-LP2_08,UBC-MB-M-LP2,Ubc,Ubc mbd,2022-06-06,22,2022,6,6,157,10,08:29:00,00:00:00,3,6,3,Early,3,1,"Aaron Alexander Skinner, Santiago Lugo-Enciso",Light,Brisa,No,25.5432,0
UBC-MB-M-LP2_08,MB-M-LP2_08,UBC-MB-M-LP2,Ubc,Ubc mbd,2026-01-10,25-26,2026,1,10,10,40,08:32:00,00:00:00,3,6,1,Early,1,1,Santiago Lugo-Enciso,Moderate,Nublado,No,26.652323580034423,0
UBC-MB-M-LP2_08,MB-M-LP2_08,UBC-MB-M-LP2,Ubc,Ubc mbd,2026-01-11,25-26,2026,1,11,11,41,06:22:00,00:00:00,3,6,2,Early,2,1,Santiago Lugo-Enciso,Moderate,Nublado,No,26.652323580034423,0
UBC-MB-M-LP2_08,MB-M-LP2_08,UBC-MB-M-LP2,Ubc,Ubc mbd,2026-01-12,25-26,2026,1,12,12,42,09:25:00,00:00:00,3,6,3,Early,3,1,Santiago Lugo-Enciso,Moderate,Nublado,No,26.652323580034423,0
UBC-MB-M-LP2_09,MB-M-LP2_09,UBC-MB-M-LP2,Ubc,Ubc mbd,2022-06-02,22,2022,6,2,153,6,07:26:00,00:00:00,3,6,1,Early,1,1,"Aaron Alexander Skinner, Santiago Lugo-Enciso",None,Nublado,No,29.1022,0
UBC-MB-M-LP2_09,MB-M-LP2_09,UBC-MB-M-LP2,Ubc,Ubc mbd,2022-06-04,22,2022,6,4,155,8,10:58:00,00:00:00,3,6,2,Early,2,1,"Aaron Alexander Skinner, Santiago Lugo-Enciso",Light,Brisa,No,29.1022,0
UBC-MB-M-LP2_09,MB-M-LP2_09,UBC-MB-M-LP2,Ubc,Ubc mbd,2022-06-06,22,2022,6,6,157,10,08:50:00,00:00:00,3,6,3,Early,3,1,"Aaron Alexander Skinner, Santiago Lugo-Enciso",Light,Nublado,No,29.1022,0
UBC-MB-M-LP2_09,MB-M-LP2_09,UBC-MB-M-LP2,Ubc,Ubc mbd,2026-01-10,25-26,2026,1,10,10,40,08:58:00,00:00:00,3,6,1,Early,1,1,Santiago Lugo-Enciso,Moderate,Nublado,No,30.453676470588235,0
UBC-MB-M-LP2_09,MB-M-LP2_09,UBC-MB-M-LP2,Ubc,Ubc mbd,2026-01-11,25-26,2026,1,11,11,41,06:41:00,00:00:00,3,6,2,Early,2,1,Santiago Lugo-Enciso,Moderate,Nublado,No,30.453676470588235,0
UBC-MB-M-LP2_09,MB-M-LP2_09,UBC-MB-M-LP2,Ubc,Ubc mbd,2026-01-12,25-26,2026,1,12,12,42,09:41:00,00:00:00,3,6,3,Early,3,1,Santiago Lugo-Enciso,Moderate,Nublado,No,30.453676470588235,0
UBC-MB-M-LP2_10,MB-M-LP2_10,UBC-MB-M-LP2,Ubc,Ubc mbd,2022-06-02,22,2022,6,2,153,6,07:50:00,00:00:00,3,6,1,Early,1,1,"Aaron Alexander Skinner, Santiago Lugo-Enciso",None,Nublado,No,36.5393,0
UBC-MB-M-LP2_10,MB-M-LP2_10,UBC-MB-M-LP2,Ubc,Ubc mbd,2022-06-04,22,2022,6,4,155,8,06:08:00,00:00:00,3,6,2,Early,2,1,"Aaron Alexander Skinner, Santiago Lugo-Enciso",Light,Nublado,No,36.5393,0
UBC-MB-M-LP2_10,MB-M-LP2_10,UBC-MB-M-LP2,Ubc,Ubc mbd,2022-06-06,22,2022,6,6,157,10,09:18:00,00:00:00,3,6,3,Early,3,1,"Aaron Alexander Skinner, Santiago Lugo-Enciso",Light,Nublado,No,36.5393,0
UBC-MB-M-LP2_10,MB-M-LP2_10,UBC-MB-M-LP2,Ubc,Ubc mbd,2026-01-10,25-26,2026,1,10,10,40,09:16:00,00:00:00,3,6,1,Early,1,1,Santiago Lugo-Enciso,Moderate,Nublado,Si,37.74165848871443,0
UBC-MB-M-LP2_10,MB-M-LP2_10,UBC-MB-M-LP2,Ubc,Ubc mbd,2026-01-11,25-26,2026,1,11,11,41,06:59:00,00:00:00,3,6,2,Early,2,1,Santiago Lugo-Enciso,Moderate,Brisa,No,37.74165848871443,0
UBC-MB-M-LP2_10,MB-M-LP2_10,UBC-MB-M-LP2,Ubc,Ubc mbd,2026-01-12,25-26,2026,1,12,12,42,10:06:00,00:00:00,3,6,3,Early,3,1,Santiago Lugo-Enciso,Light,Brisa,No,37.74165848871443,0
UBC-MB-M-LP2_11,MB-M-LP2_11,UBC-MB-M-LP2,Ubc,Ubc mbd,2022-06-02,22,2022,6,2,153,6,09:05:00,00:00:00,3,6,1,Early,1,1,"Aaron Alexander Skinner, Santiago Lugo-Enciso",Loud,Nublado,No,25.7196,16.1
UBC-MB-M-LP2_11,MB-M-LP2_11,UBC-MB-M-LP2,Ubc,Ubc mbd,2022-06-04,22,2022,6,4,155,8,07:15:00,00:00:00,3,6,2,Early,2,1,"Aaron Alexander Skinner, Santiago Lugo-Enciso",Loud,Nublado,No,25.7196,16.1
UBC-MB-M-LP2_11,MB-M-LP2_11,UBC-MB-M-LP2,Ubc,Ubc mbd,2022-06-06,22,2022,6,6,157,10,10:20:00,00:00:00,3,6,3,Early,3,1,"Aaron Alexander Skinner, Santiago Lugo-Enciso",Loud,Nublado,No,25.7196,16.1
UBC-MB-M-LP2_11,MB-M-LP2_11,UBC-MB-M-LP2,Ubc,Ubc mbd,2026-01-10,25-26,2026,1,10,10,40,10:14:00,00:00:00,3,6,1,Early,1,1,Santiago Lugo-Enciso,Light,Nublado,No,26.92519009075301,16.1
UBC-MB-M-LP2_11,MB-M-LP2_11,UBC-MB-M-LP2,Ubc,Ubc mbd,2026-01-11,25-26,2026,1,11,11,41,08:03:00,00:00:00,3,6,2,Early,2,1,Santiago Lugo-Enciso,Light,Nublado,No,26.92519009075301,16.1
UBC-MB-M-LP2_11,MB-M-LP2_11,UBC-MB-M-LP2,Ubc,Ubc mbd,2026-01-12,25-26,2026,1,12,12,42,06:27:00,00:00:00,3,6,3,Early,3,1,Santiago Lugo-Enciso,Light,Nublado,No,26.92519009075301,16.1
UBC-MB-M-LP2_12,MB-M-LP2_12,UBC-MB-M-LP2,Ubc,Ubc mbd,2022-06-02,22,2022,6,2,153,6,08:41:00,00:00:00,3,6,1,Early,1,1,"Aaron Alexander Skinner, Santiago Lugo-Enciso",Light,Nublado,No,24.3673,9.5
UBC-MB-M-LP2_12,MB-M-LP2_12,UBC-MB-M-LP2,Ubc,Ubc mbd,2022-06-04,22,2022,6,4,155,8,06:46:00,00:00:00,3,6,2,Early,2,1,"Aaron Alexander Skinner, Santiago Lugo-Enciso",Light,Nublado,No,24.3673,9.5
UBC-MB-M-LP2_12,MB-M-LP2_12,UBC-MB-M-LP2,Ubc,Ubc mbd,2022-06-06,22,2022,6,6,157,10,09:53:00,00:00:00,3,6,3,Early,3,1,"Aaron Alexander Skinner, Santiago Lugo-Enciso",Light,Nublado,No,24.3673,9.5
UBC-MB-M-LP2_12,MB-M-LP2_12,UBC-MB-M-LP2,Ubc,Ubc mbd,2026-01-10,25-26,2026,1,10,10,40,09:53:00,00:00:00,3,6,1,Early,1,0,Santiago Lugo-Enciso,Moderate,Brisa,No,25.688959921317924,9.5
UBC-MB-M-LP2_12,MB-M-LP2_12,UBC-MB-M-LP2,Ubc,Ubc mbd,2026-01-11,25-26,2026,1,11,11,41,07:33:00,00:00:00,3,6,2,Early,2,1,Santiago Lugo-Enciso,Moderate,Brisa,No,25.688959921317924,9.5
UBC-MB-M-LP2_12,MB-M-LP2_12,UBC-MB-M-LP2,Ubc,Ubc mbd,2026-01-12,25-26,2026,1,12,12,42,06:07:00,00:00:00,3,6,3,Early,3,1,Santiago Lugo-Enciso,Moderate,Nublado,No,25.688959921317924,9.5
UBC-MB-M-LRO1_01,MB-M-LRO1_01,UBC-MB-M-LRO1,Ubc,Ubc mbd,2022-06-12,22,2022,6,12,163,16,07:32:00,00:00:00,3,6,1,Early,1,1,"Aaron Alexander Skinner, Santiago Lugo-Enciso",Light,Nublado,No,48.2899,17.4
UBC-MB-M-LRO1_01,MB-M-LRO1_01,UBC-MB-M-LRO1,Ubc,Ubc mbd,2022-06-14,22,2022,6,14,165,18,09:32:00,00:00:00,3,6,2,Early,2,1,"Aaron Alexander Skinner, Santiago Lugo-Enciso",Light,Nublado,No,48.2899,17.4
UBC-MB-M-LRO1_01,MB-M-LRO1_01,UBC-MB-M-LRO1,Ubc,Ubc mbd,2022-06-15,22,2022,6,15,166,19,08:40:00,00:00:00,3,6,3,Early,3,1,"Aaron Alexander Skinner, Santiago Lugo-Enciso",Light,Nublado,No,48.2899,17.4
UBC-MB-M-LRO1_01,MB-M-LRO1_01,UBC-MB-M-LRO1,Ubc,Ubc mbd,2026-01-07,25-26,2026,1,7,7,37,11:18:00,00:06:00,3,6,1,Early,1,1,Santiago Lugo-Enciso,Light,Brisa,No,49.44959529065489,17.4
UBC-MB-M-LRO1_01,MB-M-LRO1_01,UBC-MB-M-LRO1,Ubc,Ubc mbd,2026-01-08,25-26,2026,1,8,8,38,09:57:00,00:05:00,3,6,2,Early,2,1,Santiago Lugo-Enciso,Light,Brisa,No,49.44959529065489,17.4
UBC-MB-M-LRO1_01,MB-M-LRO1_01,UBC-MB-M-LRO1,Ubc,Ubc mbd,2026-01-09,25-26,2026,1,9,9,39,07:25:00,00:05:00,3,6,3,Early,3,1,Santiago Lugo-Enciso,Moderate,Nublado,No,49.44959529065489,17.4
UBC-MB-M-LRO1_02,MB-M-LRO1_02,UBC-MB-M-LRO1,Ubc,Ubc mbd,2022-06-12,22,2022,6,12,163,16,08:07:00,00:00:00,3,7,1,Early,1,1,"Aaron Alexander Skinner, Santiago Lugo-Enciso",Light,Nublado,No,50.7172,0
UBC-MB-M-LRO1_02,MB-M-LRO1_02,UBC-MB-M-LRO1,Ubc,Ubc mbd,2022-06-14,22,2022,6,14,165,18,05:46:00,00:00:00,3,7,2,Early,2,1,"Aaron Alexander Skinner, Santiago Lugo-Enciso",Moderate,Nublado,Yes,50.7172,0
UBC-MB-M-LRO1_02,MB-M-LRO1_02,UBC-MB-M-LRO1,Ubc,Ubc mbd,2022-06-15,22,2022,6,15,166,19,09:17:00,00:00:00,3,7,3,Early,3,1,"Aaron Alexander Skinner, Santiago Lugo-Enciso",Light,Nublado,Yes,50.7172,0
UBC-MB-M-LRO1_02,MB-M-LRO1_02,UBC-MB-M-LRO1,Ubc,Ubc mbd,2026-01-06,25-26,2026,1,6,6,36,06:50:00,00:00:00,3,7,1,Early,1,1,Santiago Lugo-Enciso,Moderate,Llovizna,No,51.937208731910715,0
UBC-MB-M-LRO1_02,MB-M-LRO1_02,UBC-MB-M-LRO1,Ubc,Ubc mbd,2026-01-07,25-26,2026,1,7,7,37,05:52:00,00:00:00,3,7,2,Early,2,1,Santiago Lugo-Enciso,Moderate,Despejado,No,51.937208731910715,0
UBC-MB-M-LRO1_02,MB-M-LRO1_02,UBC-MB-M-LRO1,Ubc,Ubc mbd,2026-01-08,25-26,2026,1,8,8,38,10:29:00,00:00:00,3,7,3,Early,3,0,Santiago Lugo-Enciso,Moderate,Brisa,No,51.937208731910715,0
UBC-MB-M-LRO1_02,MB-M-LRO1_02,UBC-MB-M-LRO1,Ubc,Ubc mbd,2026-01-09,25-26,2026,1,9,9,39,07:55:00,00:00:00,3,7,4,Early,4,1,Santiago Lugo-Enciso,Moderate,Brisa,No,51.937208731910715,0
UBC-MB-M-LRO1_03,MB-M-LRO1_03,UBC-MB-M-LRO1,Ubc,Ubc mbd,2022-06-12,22,2022,6,12,163,16,08:31:00,00:00:00,3,7,1,Early,1,1,"Aaron Alexander Skinner, Santiago Lugo-Enciso",Light,Brisa,Yes,50.9325,0
UBC-MB-M-LRO1_03,MB-M-LRO1_03,UBC-MB-M-LRO1,Ubc,Ubc mbd,2022-06-14,22,2022,6,14,165,18,06:11:00,00:00:00,3,7,2,Early,2,1,"Aaron Alexander Skinner, Santiago Lugo-Enciso",Light,Nublado,No,50.9325,0
UBC-MB-M-LRO1_03,MB-M-LRO1_03,UBC-MB-M-LRO1,Ubc,Ubc mbd,2022-06-15,22,2022,6,15,166,19,09:37:00,00:00:00,3,7,3,Early,3,1,"Aaron Alexander Skinner, Santiago Lugo-Enciso",None,Nublado,No,50.9325,0
UBC-MB-M-LRO1_03,MB-M-LRO1_03,UBC-MB-M-LRO1,Ubc,Ubc mbd,2026-01-06,25-26,2026,1,6,6,36,08:00:00,00:00:00,3,7,1,Early,1,1,Santiago Lugo-Enciso,Moderate,Llovizna,No,52.14082433758587,0
UBC-MB-M-LRO1_03,MB-M-LRO1_03,UBC-MB-M-LRO1,Ubc,Ubc mbd,2026-01-07,25-26,2026,1,7,7,37,06:11:00,00:00:00,3,7,2,Early,2,1,Santiago Lugo-Enciso,Moderate,Despejado,No,52.14082433758587,0
UBC-MB-M-LRO1_03,MB-M-LRO1_03,UBC-MB-M-LRO1,Ubc,Ubc mbd,2026-01-08,25-26,2026,1,8,8,38,10:48:00,00:00:00,3,7,3,Early,3,1,Santiago Lugo-Enciso,Moderate,Brisa,No,52.14082433758587,0
UBC-MB-M-LRO1_03,MB-M-LRO1_03,UBC-MB-M-LRO1,Ubc,Ubc mbd,2026-01-09,25-26,2026,1,9,9,39,08:12:00,00:00:00,3,7,4,Early,4,1,Santiago Lugo-Enciso,Moderate,Brisa,No,52.14082433758587,0
UBC-MB-M-LRO1_04,MB-M-LRO1_04,UBC-MB-M-LRO1,Ubc,Ubc mbd,2022-06-12,22,2022,6,12,163,16,08:57:00,00:00:00,3,6,1,Early,1,1,"Aaron Alexander Skinner, Santiago Lugo-Enciso",Light,Brisa,No,48.451,9
UBC-MB-M-LRO1_04,MB-M-LRO1_04,UBC-MB-M-LRO1,Ubc,Ubc mbd,2022-06-14,22,2022,6,14,165,18,06:34:00,00:00:00,3,6,2,Early,2,1,"Aaron Alexander Skinner, Santiago Lugo-Enciso",Light,Nublado,No,48.451,9
UBC-MB-M-LRO1_04,MB-M-LRO1_04,UBC-MB-M-LRO1,Ubc,Ubc mbd,2022-06-15,22,2022,6,15,166,19,10:01:00,00:00:00,3,6,3,Early,3,1,"Aaron Alexander Skinner, Santiago Lugo-Enciso",Light,Nublado,No,48.451,9
UBC-MB-M-LRO1_04,MB-M-LRO1_04,UBC-MB-M-LRO1,Ubc,Ubc mbd,2026-01-07,25-26,2026,1,7,7,37,06:31:00,00:00:00,3,6,1,Early,1,1,Santiago Lugo-Enciso,Moderate,Despejado,No,49.78357843137255,9
UBC-MB-M-LRO1_04,MB-M-LRO1_04,UBC-MB-M-LRO1,Ubc,Ubc mbd,2026-01-08,25-26,2026,1,8,8,38,11:05:00,00:00:00,3,6,2,Early,2,1,Santiago Lugo-Enciso,Moderate,Brisa,No,49.78357843137255,9
UBC-MB-M-LRO1_04,MB-M-LRO1_04,UBC-MB-M-LRO1,Ubc,Ubc mbd,2026-01-09,25-26,2026,1,9,9,39,08:33:00,00:00:00,3,6,3,Early,3,1,Santiago Lugo-Enciso,None,Brisa,No,49.78357843137255,9
UBC-MB-M-LRO1_05,MB-M-LRO1_05,UBC-MB-M-LRO1,Ubc,Ubc mbd,2022-06-12,22,2022,6,12,163,16,06:55:00,00:00:00,3,6,1,Early,1,1,"Aaron Alexander Skinner, Santiago Lugo-Enciso",Light,Nublado,No,45.3118,22.1
UBC-MB-M-LRO1_05,MB-M-LRO1_05,UBC-MB-M-LRO1,Ubc,Ubc mbd,2022-06-14,22,2022,6,14,165,18,10:01:00,00:00:00,3,6,2,Early,2,1,"Aaron Alexander Skinner, Santiago Lugo-Enciso",Moderate,Nublado,No,45.3118,22.1
UBC-MB-M-LRO1_05,MB-M-LRO1_05,UBC-MB-M-LRO1,Ubc,Ubc mbd,2022-06-15,22,2022,6,15,166,19,08:15:00,00:00:00,3,6,3,Early,3,1,"Aaron Alexander Skinner, Santiago Lugo-Enciso",Light,Nublado,No,45.3118,22.1
UBC-MB-M-LRO1_05,MB-M-LRO1_05,UBC-MB-M-LRO1,Ubc,Ubc mbd,2026-01-07,25-26,2026,1,7,7,37,10:45:00,00:00:00,3,6,1,Early,1,1,Santiago Lugo-Enciso,Light,Despejado,No,46.24637324809442,22.1
UBC-MB-M-LRO1_05,MB-M-LRO1_05,UBC-MB-M-LRO1,Ubc,Ubc mbd,2026-01-08,25-26,2026,1,8,8,38,09:29:00,00:00:00,3,6,2,Early,2,1,Santiago Lugo-Enciso,Moderate,Nublado,No,46.24637324809442,22.1
UBC-MB-M-LRO1_05,MB-M-LRO1_05,UBC-MB-M-LRO1,Ubc,Ubc mbd,2026-01-09,25-26,2026,1,9,9,39,06:53:00,00:00:00,3,6,3,Early,3,1,Santiago Lugo-Enciso,None,Nublado,No,46.24637324809442,22.1
UBC-MB-M-LRO1_06,MB-M-LRO1_06,UBC-MB-M-LRO1,Ubc,Ubc mbd,2022-06-12,22,2022,6,12,163,16,06:15:00,00:00:00,3,6,1,Early,1,1,"Aaron Alexander Skinner, Santiago Lugo-Enciso",Light,Nublado,No,44.2136,22.7
UBC-MB-M-LRO1_06,MB-M-LRO1_06,UBC-MB-M-LRO1,Ubc,Ubc mbd,2022-06-14,22,2022,6,14,165,18,10:24:00,00:00:00,3,6,2,Early,2,1,"Aaron Alexander Skinner, Santiago Lugo-Enciso",Light,Nublado,No,44.2136,22.7
UBC-MB-M-LRO1_06,MB-M-LRO1_06,UBC-MB-M-LRO1,Ubc,Ubc mbd,2022-06-15,22,2022,6,15,166,19,07:43:00,00:00:00,3,6,3,Early,3,1,"Aaron Alexander Skinner, Santiago Lugo-Enciso",Light,Nublado,No,44.2136,22.7
UBC-MB-M-LRO1_06,MB-M-LRO1_06,UBC-MB-M-LRO1,Ubc,Ubc mbd,2026-01-07,25-26,2026,1,7,7,37,10:12:00,00:00:00,3,6,1,Early,1,1,Santiago Lugo-Enciso,Moderate,Despejado,No,45.1383370125092,22.7
UBC-MB-M-LRO1_06,MB-M-LRO1_06,UBC-MB-M-LRO1,Ubc,Ubc mbd,2026-01-08,25-26,2026,1,8,8,38,09:02:00,00:00:00,3,6,2,Early,2,1,Santiago Lugo-Enciso,Moderate,Nublado,No,45.1383370125092,22.7
UBC-MB-M-LRO1_06,MB-M-LRO1_06,UBC-MB-M-LRO1,Ubc,Ubc mbd,2026-01-09,25-26,2026,1,9,9,39,06:29:00,00:00:00,3,6,3,Early,3,1,Santiago Lugo-Enciso,Moderate,Despejado,No,45.1383370125092,22.7
UBC-MB-M-LRO1_07,MB-M-LRO1_07,UBC-MB-M-LRO1,Ubc,Ubc mbd,2022-06-11,22,2022,6,11,162,15,08:50:00,00:00:00,3,6,1,Early,1,1,"Aaron Alexander Skinner, Santiago Lugo-Enciso",Light,Nublado,No,37.3654,0
UBC-MB-M-LRO1_07,MB-M-LRO1_07,UBC-MB-M-LRO1,Ubc,Ubc mbd,2022-06-12,22,2022,6,12,163,16,05:36:00,00:00:00,3,6,2,Early,2,1,"Aaron Alexander Skinner, Santiago Lugo-Enciso",Light,Nublado,No,37.3654,0
UBC-MB-M-LRO1_07,MB-M-LRO1_07,UBC-MB-M-LRO1,Ubc,Ubc mbd,2022-06-14,22,2022,6,14,165,18,10:57:00,00:00:00,3,6,3,Early,3,1,"Aaron Alexander Skinner, Santiago Lugo-Enciso",Moderate,Nublado,No,37.3654,0
UBC-MB-M-LRO1_07,MB-M-LRO1_07,UBC-MB-M-LRO1,Ubc,Ubc mbd,2026-01-07,25-26,2026,1,7,7,37,09:29:00,00:00:00,3,6,1,Early,1,1,Santiago Lugo-Enciso,Moderate,Brisa,No,38.339316449471355,0
UBC-MB-M-LRO1_07,MB-M-LRO1_07,UBC-MB-M-LRO1,Ubc,Ubc mbd,2026-01-08,25-26,2026,1,8,8,38,08:27:00,00:00:00,3,6,2,Early,2,1,Santiago Lugo-Enciso,Moderate,Nublado,No,38.339316449471355,0
UBC-MB-M-LRO1_07,MB-M-LRO1_07,UBC-MB-M-LRO1,Ubc,Ubc mbd,2026-01-09,25-26,2026,1,9,9,39,05:49:00,00:00:00,3,6,3,Early,3,1,Santiago Lugo-Enciso,Moderate,Brisa,No,38.339316449471355,0
UBC-MB-M-LRO1_08,MB-M-LRO1_08,UBC-MB-M-LRO1,Ubc,Ubc mbd,2022-06-12,22,2022,6,12,163,16,09:23:00,00:00:00,3,6,1,Early,1,1,"Aaron Alexander Skinner, Santiago Lugo-Enciso",None,Nublado,No,42.2816,0
UBC-MB-M-LRO1_08,MB-M-LRO1_08,UBC-MB-M-LRO1,Ubc,Ubc mbd,2022-06-14,22,2022,6,14,165,18,07:00:00,00:00:00,3,6,2,Early,2,1,"Aaron Alexander Skinner, Santiago Lugo-Enciso",Light,Nublado,No,42.2816,0
UBC-MB-M-LRO1_08,MB-M-LRO1_08,UBC-MB-M-LRO1,Ubc,Ubc mbd,2022-06-15,22,2022,6,15,166,19,10:26:00,00:00:00,3,6,3,Early,3,1,"Aaron Alexander Skinner, Santiago Lugo-Enciso",None,Nublado,No,42.2816,0
UBC-MB-M-LRO1_08,MB-M-LRO1_08,UBC-MB-M-LRO1,Ubc,Ubc mbd,2026-01-07,25-26,2026,1,7,7,37,07:11:00,00:00:00,3,6,1,Early,1,1,Santiago Lugo-Enciso,Moderate,Brisa,No,43.64876134412558,0
UBC-MB-M-LRO1_08,MB-M-LRO1_08,UBC-MB-M-LRO1,Ubc,Ubc mbd,2026-01-08,25-26,2026,1,8,8,38,11:23:00,00:00:00,3,6,2,Early,2,0,Santiago Lugo-Enciso,None,Brisa,No,43.64876134412558,0
UBC-MB-M-LRO1_08,MB-M-LRO1_08,UBC-MB-M-LRO1,Ubc,Ubc mbd,2026-01-09,25-26,2026,1,9,9,39,09:00:00,00:00:00,3,6,3,Early,3,1,Santiago Lugo-Enciso,Moderate,Brisa,No,43.64876134412558,0
UBC-MB-M-LRO1_09,MB-M-LRO1_09,UBC-MB-M-LRO1,Ubc,Ubc mbd,2022-06-12,22,2022,6,12,163,16,10:04:00,00:00:00,3,6,1,Early,1,1,"Aaron Alexander Skinner, Santiago Lugo-Enciso",Light,Brisa,No,39.7743,0
UBC-MB-M-LRO1_09,MB-M-LRO1_09,UBC-MB-M-LRO1,Ubc,Ubc mbd,2022-06-13,22,2022,6,13,164,17,06:32:00,00:00:00,3,6,2,Early,2,1,"Aaron Alexander Skinner, Santiago Lugo-Enciso",None,Brisa,No,39.7743,0
UBC-MB-M-LRO1_09,MB-M-LRO1_09,UBC-MB-M-LRO1,Ubc,Ubc mbd,2022-06-14,22,2022,6,14,165,18,07:47:00,00:00:00,3,6,3,Early,3,1,"Aaron Alexander Skinner, Santiago Lugo-Enciso",Light,Nublado,No,39.7743,0
UBC-MB-M-LRO1_09,MB-M-LRO1_09,UBC-MB-M-LRO1,Ubc,Ubc mbd,2026-01-07,25-26,2026,1,7,7,37,07:57:00,00:00:00,3,6,1,Early,1,1,Santiago Lugo-Enciso,Moderate,Despejado,No,41.16593137254902,0
UBC-MB-M-LRO1_09,MB-M-LRO1_09,UBC-MB-M-LRO1,Ubc,Ubc mbd,2026-01-08,25-26,2026,1,8,8,38,06:27:00,00:00:00,3,6,2,Early,2,1,Santiago Lugo-Enciso,Moderate,Nublado,No,41.16593137254902,0
UBC-MB-M-LRO1_09,MB-M-LRO1_09,UBC-MB-M-LRO1,Ubc,Ubc mbd,2026-01-09,25-26,2026,1,9,9,39,09:43:00,00:00:00,3,6,3,Early,3,1,Santiago Lugo-Enciso,Moderate,Brisa,No,41.16593137254902,0
UBC-MB-M-LRO1_10,MB-M-LRO1_10,UBC-MB-M-LRO1,Ubc,Ubc mbd,2022-06-12,22,2022,6,12,163,16,10:24:00,00:00:00,3,7,1,Early,1,1,"Aaron Alexander Skinner, Santiago Lugo-Enciso",Moderate,Nublado,No,41.1408,11.7
UBC-MB-M-LRO1_10,MB-M-LRO1_10,UBC-MB-M-LRO1,Ubc,Ubc mbd,2022-06-13,22,2022,6,13,164,17,07:23:00,00:00:00,3,7,2,Early,2,1,"Aaron Alexander Skinner, Santiago Lugo-Enciso",Light,Nublado,No,41.1408,11.7
UBC-MB-M-LRO1_10,MB-M-LRO1_10,UBC-MB-M-LRO1,Ubc,Ubc mbd,2022-06-14,22,2022,6,14,165,18,08:10:00,00:00:00,3,7,3,Early,3,1,"Aaron Alexander Skinner, Santiago Lugo-Enciso",Light,Nublado,No,41.1408,11.7
UBC-MB-M-LRO1_10,MB-M-LRO1_10,UBC-MB-M-LRO1,Ubc,Ubc mbd,2026-01-05,25-26,2026,1,5,5,35,13:21:00,00:00:00,3,7,1,Early,1,0,Santiago Lugo-Enciso,Moderate,Llovizna,No,42.330225711481845,11.7
UBC-MB-M-LRO1_10,MB-M-LRO1_10,UBC-MB-M-LRO1,Ubc,Ubc mbd,2026-01-07,25-26,2026,1,7,7,37,08:15:00,00:00:00,3,7,2,Early,2,1,Santiago Lugo-Enciso,Moderate,Brisa,No,42.330225711481845,11.7
UBC-MB-M-LRO1_10,MB-M-LRO1_10,UBC-MB-M-LRO1,Ubc,Ubc mbd,2026-01-08,25-26,2026,1,8,8,38,07:17:00,00:00:00,3,7,3,Early,3,1,Santiago Lugo-Enciso,Moderate,Brisa,No,42.330225711481845,11.7
UBC-MB-M-LRO1_10,MB-M-LRO1_10,UBC-MB-M-LRO1,Ubc,Ubc mbd,2026-01-09,25-26,2026,1,9,9,39,10:00:00,00:05:00,3,7,4,Early,4,1,Santiago Lugo-Enciso,Light,Brisa,No,42.330225711481845,11.7
UBC-MB-M-LRO1_11,MB-M-LRO1_11,UBC-MB-M-LRO1,Ubc,Ubc mbd,2022-06-12,22,2022,6,12,163,16,10:55:00,00:00:00,3,7,1,Early,1,1,"Aaron Alexander Skinner, Santiago Lugo-Enciso",Moderate,Nublado,No,46.985,0
UBC-MB-M-LRO1_11,MB-M-LRO1_11,UBC-MB-M-LRO1,Ubc,Ubc mbd,2022-06-13,22,2022,6,13,164,17,07:46:00,00:00:00,3,7,2,Early,2,1,"Aaron Alexander Skinner, Santiago Lugo-Enciso",Moderate,Brisa,No,46.985,0
UBC-MB-M-LRO1_11,MB-M-LRO1_11,UBC-MB-M-LRO1,Ubc,Ubc mbd,2022-06-14,22,2022,6,14,165,18,08:38:00,00:00:00,3,7,3,Early,3,1,"Aaron Alexander Skinner, Santiago Lugo-Enciso",Moderate,Nublado,No,46.985,0
UBC-MB-M-LRO1_11,MB-M-LRO1_11,UBC-MB-M-LRO1,Ubc,Ubc mbd,2026-01-05,25-26,2026,1,5,5,35,13:41:00,00:00:00,3,7,1,Early,1,0,Santiago Lugo-Enciso,Moderate,Nublado,No,48.17729279058362,0
UBC-MB-M-LRO1_11,MB-M-LRO1_11,UBC-MB-M-LRO1,Ubc,Ubc mbd,2026-01-07,25-26,2026,1,7,7,37,08:33:00,00:00:00,3,7,2,Early,2,0,Santiago Lugo-Enciso,Light,Despejado,No,48.17729279058362,0
UBC-MB-M-LRO1_11,MB-M-LRO1_11,UBC-MB-M-LRO1,Ubc,Ubc mbd,2026-01-08,25-26,2026,1,8,8,38,07:31:00,00:00:00,3,7,3,Early,3,1,Santiago Lugo-Enciso,Light,Nublado,No,48.17729279058362,0
UBC-MB-M-LRO1_11,MB-M-LRO1_11,UBC-MB-M-LRO1,Ubc,Ubc mbd,2026-01-09,25-26,2026,1,9,9,39,10:19:00,00:00:00,3,7,4,Early,4,1,Santiago Lugo-Enciso,Light,Brisa,No,48.17729279058362,0
UBC-MB-M-LRO1_12,MB-M-LRO1_12,UBC-MB-M-LRO1,Ubc,Ubc mbd,2022-06-12,22,2022,6,12,163,16,09:44:00,00:00:00,3,6,1,Early,1,1,"Aaron Alexander Skinner, Santiago Lugo-Enciso",None,Nublado,No,39.7079,0
UBC-MB-M-LRO1_12,MB-M-LRO1_12,UBC-MB-M-LRO1,Ubc,Ubc mbd,2022-06-13,22,2022,6,13,164,17,06:11:00,00:00:00,3,6,2,Early,2,1,"Aaron Alexander Skinner, Santiago Lugo-Enciso",None,Nublado,No,39.7079,0
UBC-MB-M-LRO1_12,MB-M-LRO1_12,UBC-MB-M-LRO1,Ubc,Ubc mbd,2022-06-14,22,2022,6,14,165,18,07:20:00,00:00:00,3,6,3,Early,3,1,"Aaron Alexander Skinner, Santiago Lugo-Enciso",Moderate,Nublado,No,39.7079,0
UBC-MB-M-LRO1_12,MB-M-LRO1_12,UBC-MB-M-LRO1,Ubc,Ubc mbd,2026-01-07,25-26,2026,1,7,7,37,07:32:00,00:00:00,3,6,1,Early,1,1,Santiago Lugo-Enciso,Moderate,Despejado,No,40.989672977624785,0
UBC-MB-M-LRO1_12,MB-M-LRO1_12,UBC-MB-M-LRO1,Ubc,Ubc mbd,2026-01-08,25-26,2026,1,8,8,38,06:06:00,00:00:00,3,6,2,Early,2,1,Santiago Lugo-Enciso,Light,Brisa,Si,40.989672977624785,0
UBC-MB-M-LRO1_12,MB-M-LRO1_12,UBC-MB-M-LRO1,Ubc,Ubc mbd,2026-01-09,25-26,2026,1,9,9,39,09:25:00,00:00:00,3,6,3,Early,3,1,Santiago Lugo-Enciso,Moderate,Brisa,Si,40.989672977624785,0
UBC-MB-VC-EH_01,MB-VC-EH_01,UBC-MB-VC-EH,Ubc,Ubc mbd,2025-12-03,25-26,2025,12,3,337,2,10:34:00,00:00:00,2,3,1,Early,1,1,"Aaron Skinner, Michael Castaño Diaz",None,Despejado,No,42.18282208588957,26.4
UBC-MB-VC-EH_01,MB-VC-EH_01,UBC-MB-VC-EH,Ubc,Ubc mbd,2025-12-04,25-26,2025,12,4,338,3,06:12:00,00:00:00,2,3,2,Early,2,1,"Aaron Skinner, Michael Castaño Diaz",Light,Nublado,No,42.18282208588957,26.4
UBC-MB-VC-EH_01,MB-VC-EH_01,UBC-MB-VC-EH,Ubc,Ubc mbd,2025-12-05,25-26,2025,12,5,339,4,08:22:00,00:00:00,2,3,3,Early,3,1,"Aaron Skinner, Michael Castaño Diaz",Light,Nublado,No,42.18282208588957,26.4
UBC-MB-VC-EH_02,MB-VC-EH_02,UBC-MB-VC-EH,Ubc,Ubc mbd,2025-12-02,25-26,2025,12,2,336,1,10:44:00,00:00:00,2,3,1,Early,1,1,"Aaron Skinner, Michael Castaño Diaz",Moderate,Nublado,No,40.92360430950049,19.5
UBC-MB-VC-EH_02,MB-VC-EH_02,UBC-MB-VC-EH,Ubc,Ubc mbd,2025-12-03,25-26,2025,12,3,337,2,09:12:00,00:00:00,2,3,2,Early,2,1,"Aaron Skinner, Michael Castaño Diaz",Moderate,Nublado,No,40.92360430950049,19.5
UBC-MB-VC-EH_02,MB-VC-EH_02,UBC-MB-VC-EH,Ubc,Ubc mbd,2025-12-04,25-26,2025,12,4,338,3,10:29:00,00:00:00,2,3,3,Early,3,1,"Aaron Skinner, Michael Castaño Diaz",Light,Nublado,No,40.92360430950049,19.5
UBC-MB-VC-EH_03,MB-VC-EH_03,UBC-MB-VC-EH,Ubc,Ubc mbd,2025-12-02,25-26,2025,12,2,336,1,09:21:00,00:00:00,2,3,1,Early,1,1,"Aaron Skinner, Michael Castaño Diaz",None,Despejado,No,36.54719293944594,12
UBC-MB-VC-EH_03,MB-VC-EH_03,UBC-MB-VC-EH,Ubc,Ubc mbd,2025-12-03,25-26,2025,12,3,337,2,06:19:00,00:00:00,2,3,2,Early,2,1,"Aaron Skinner, Michael Castaño Diaz",None,Nublado,Yes,36.54719293944594,12
UBC-MB-VC-EH_03,MB-VC-EH_03,UBC-MB-VC-EH,Ubc,Ubc mbd,2025-12-05,25-26,2025,12,5,339,4,09:41:00,00:00:00,2,3,3,Early,3,1,"Aaron Skinner, Michael Castaño Diaz",Light,Brisa,Yes,36.54719293944594,12
UBC-MB-VC-EH_04,MB-VC-EH_04,UBC-MB-VC-EH,Ubc,Ubc mbd,2025-12-02,25-26,2025,12,2,336,1,08:54:00,00:00:00,2,3,1,Early,1,1,"Aaron Skinner, Michael Castaño Diaz",Light,Despejado,No,28.17847511645011,16.3
UBC-MB-VC-EH_04,MB-VC-EH_04,UBC-MB-VC-EH,Ubc,Ubc mbd,2025-12-03,25-26,2025,12,3,337,2,07:19:00,00:00:00,2,3,2,Early,2,1,"Aaron Skinner, Michael Castaño Diaz",Moderate,Nublado,No,28.17847511645011,16.3
UBC-MB-VC-EH_04,MB-VC-EH_04,UBC-MB-VC-EH,Ubc,Ubc mbd,2025-12-05,25-26,2025,12,5,339,4,10:05:00,00:00:00,2,3,3,Early,3,1,"Aaron Skinner, Michael Castaño Diaz",Moderate,Nublado,No,28.17847511645011,16.3
UBC-MB-VC-EH_05,MB-VC-EH_05,UBC-MB-VC-EH,Ubc,Ubc mbd,2025-12-02,25-26,2025,12,2,336,1,07:56:00,00:00:00,1,4,1,Early,1,1,"Aaron Skinner, Michael Castaño Diaz",None,Despejado,No,33.19386503067485,21.9
UBC-MB-VC-EH_05,MB-VC-EH_05,UBC-MB-VC-EH,Ubc,Ubc mbd,2025-12-03,25-26,2025,12,3,337,2,07:43:00,00:00:00,1,4,2,Early,2,1,"Aaron Skinner, Michael Castaño Diaz",Light,Nublado,No,33.19386503067485,21.9
UBC-MB-VC-EH_05,MB-VC-EH_05,UBC-MB-VC-EH,Ubc,Ubc mbd,2025-12-04,25-26,2025,12,4,338,3,11:52:00,00:00:00,1,4,3,Early,3,1,"Aaron Skinner, Michael Castaño Diaz",Light,Nublado,No,33.19386503067485,21.9
UBC-MB-VC-EH_05,MB-VC-EH_05,UBC-MB-VC-EH,Ubc,Ubc mbd,2025-12-05,25-26,2025,12,5,339,4,11:13:00,00:00:00,1,4,4,Early,4,1,"Aaron Skinner, Michael Castaño Diaz",None,Nublado,No,33.19386503067485,21.9
UBC-MB-VC-EH_06,MB-VC-EH_06,UBC-MB-VC-EH,Ubc,Ubc mbd,2025-12-02,25-26,2025,12,2,336,1,08:28:00,00:00:00,1,3,1,Early,1,1,"Aaron Skinner, Michael Castaño Diaz",None,Despejado,No,34.62221132630547,15.8
UBC-MB-VC-EH_06,MB-VC-EH_06,UBC-MB-VC-EH,Ubc,Ubc mbd,2025-12-03,25-26,2025,12,3,337,2,06:41:00,00:00:00,1,3,2,Early,2,1,"Aaron Skinner, Michael Castaño Diaz",Light,Nublado,No,34.62221132630547,15.8
UBC-MB-VC-EH_06,MB-VC-EH_06,UBC-MB-VC-EH,Ubc,Ubc mbd,2025-12-05,25-26,2025,12,5,339,4,10:42:00,00:00:00,1,3,3,Early,3,1,"Aaron Skinner, Michael Castaño Diaz",Light,Despejado,No,34.62221132630547,15.8
UBC-MB-VC-EH_07,MB-VC-EH_07,UBC-MB-VC-EH,Ubc,Ubc mbd,2025-12-02,25-26,2025,12,2,336,1,09:58:00,00:00:00,1,3,1,Early,1,1,"Aaron Skinner, Michael Castaño Diaz",Light,Despejado,No,47.30907302680108,11.2
UBC-MB-VC-EH_07,MB-VC-EH_07,UBC-MB-VC-EH,Ubc,Ubc mbd,2025-12-03,25-26,2025,12,3,337,2,08:22:00,00:00:00,1,3,2,Early,2,1,"Aaron Skinner, Michael Castaño Diaz",Moderate,Nublado,No,47.30907302680108,11.2
UBC-MB-VC-EH_07,MB-VC-EH_07,UBC-MB-VC-EH,Ubc,Ubc mbd,2025-12-04,25-26,2025,12,4,338,3,11:02:00,00:00:00,1,3,3,Early,3,1,"Aaron Skinner, Michael Castaño Diaz",Light,Brisa,No,47.30907302680108,11.2
UBC-MB-VC-EH_08,MB-VC-EH_08,UBC-MB-VC-EH,Ubc,Ubc mbd,2025-12-02,25-26,2025,12,2,336,1,11:29:00,00:00:00,1,3,1,Early,1,1,"Aaron Skinner, Michael Castaño Diaz",Moderate,Nublado,No,40.01814170139741,13
UBC-MB-VC-EH_08,MB-VC-EH_08,UBC-MB-VC-EH,Ubc,Ubc mbd,2025-12-03,25-26,2025,12,3,337,2,09:59:00,00:00:00,1,3,2,Early,2,1,"Aaron Skinner, Michael Castaño Diaz",light,Despejado,No,40.01814170139741,13
UBC-MB-VC-EH_08,MB-VC-EH_08,UBC-MB-VC-EH,Ubc,Ubc mbd,2025-12-04,25-26,2025,12,4,338,3,09:43:00,00:00:00,1,3,3,Early,3,1,"Aaron Skinner, Michael Castaño Diaz",Light,Despejado,No,40.01814170139741,13
UBC-MB-VC-EH_09,MB-VC-EH_09,UBC-MB-VC-EH,Ubc,Ubc mbd,2025-12-03,25-26,2025,12,3,337,2,10:58:00,00:00:00,1,3,1,Early,1,1,"Aaron Skinner, Michael Castaño Diaz",None,Despejado,No,43.07132352941176,25.9
UBC-MB-VC-EH_09,MB-VC-EH_09,UBC-MB-VC-EH,Ubc,Ubc mbd,2025-12-04,25-26,2025,12,4,338,3,06:36:00,00:00:00,1,3,2,Early,2,1,"Aaron Skinner, Michael Castaño Diaz",None,Nublado,No,43.07132352941176,25.9
UBC-MB-VC-EH_09,MB-VC-EH_09,UBC-MB-VC-EH,Ubc,Ubc mbd,2025-12-05,25-26,2025,12,5,339,4,08:05:00,00:00:00,1,3,3,Early,3,1,"Aaron Skinner, Michael Castaño Diaz",None,Nublado,No,43.07132352941176,25.9
UBC-MB-VC-EH_10,MB-VC-EH_10,UBC-MB-VC-EH,Ubc,Ubc mbd,2025-12-03,25-26,2025,12,3,337,2,11:45:00,00:00:00,1,3,1,Early,1,1,"Aaron Skinner, Michael Castaño Diaz",None,Despejado,No,44.62174766813942,25.8
UBC-MB-VC-EH_10,MB-VC-EH_10,UBC-MB-VC-EH,Ubc,Ubc mbd,2025-12-04,25-26,2025,12,4,338,3,07:44:00,00:00:00,1,3,2,Early,2,1,"Aaron Skinner, Michael Castaño Diaz",None,Nublado,No,44.62174766813942,25.8
UBC-MB-VC-EH_10,MB-VC-EH_10,UBC-MB-VC-EH,Ubc,Ubc mbd,2025-12-05,25-26,2025,12,5,339,4,07:21:00,00:00:00,1,3,3,Early,3,1,"Aaron Skinner, Michael Castaño Diaz",None,Nublado,No,44.62174766813942,25.8
UBC-MB-VC-EH_11,MB-VC-EH_11,UBC-MB-VC-EH,Ubc,Ubc mbd,2025-12-03,25-26,2025,12,3,337,2,11:21:00,00:00:00,1,3,1,Early,1,1,"Aaron Skinner, Michael Castaño Diaz",Light,Despejado,No,39.851779141104295,27.7
UBC-MB-VC-EH_11,MB-VC-EH_11,UBC-MB-VC-EH,Ubc,Ubc mbd,2025-12-04,25-26,2025,12,4,338,3,07:10:00,00:00:00,1,3,2,Early,2,1,"Aaron Skinner, Michael Castaño Diaz",Moderate,Despejado,No,39.851779141104295,27.7
UBC-MB-VC-EH_11,MB-VC-EH_11,UBC-MB-VC-EH,Ubc,Ubc mbd,2025-12-05,25-26,2025,12,5,339,4,06:49:00,00:00:00,1,3,3,Early,3,1,"Aaron Skinner, Michael Castaño Diaz",Light,Nublado,No,39.851779141104295,27.7
UBC-MB-VC-EH_12,MB-VC-EH_12,UBC-MB-VC-EH,Ubc,Ubc mbd,2025-12-04,25-26,2025,12,4,338,3,08:46:00,00:00:00,1,2,1,Early,1,1,"Aaron Skinner, Michael Castaño Diaz",None,Brisa,No,34.002453987730064,15.8
UBC-MB-VC-EH_12,MB-VC-EH_12,UBC-MB-VC-EH,Ubc,Ubc mbd,2025-12-05,25-26,2025,12,5,339,4,06:13:00,00:00:00,1,2,2,Early,2,1,"Aaron Skinner, Michael Castaño Diaz",None,Nublado,No,34.002453987730064,15.8
UBCG-MB-M-A_01-A,MB-M-A_01-A,UBCG-MB-M-A,Ubc gaica,Ubc gaica mbd,2024-08-27,24,2024,8,27,240,1,07:52:00,00:05:00,4,3,1,Early,1,1,"Yuri Rosero-Mora, Robert Rodriguez",Light,Despejado,No,33.660683550528645,18.5
UBCG-MB-M-A_01-A,MB-M-A_01-A,UBCG-MB-M-A,Ubc gaica,Ubc gaica mbd,2024-08-28,24,2024,8,28,241,2,10:02:00,00:05:00,4,3,2,Early,2,1,"Yuri Rosero-Mora, Robert Rodriguez",Light,Despejado,No,33.660683550528645,18.5
UBCG-MB-M-A_01-A,MB-M-A_01-A,UBCG-MB-M-A,Ubc gaica,Ubc gaica mbd,2024-08-29,24,2024,8,29,242,3,06:53:00,00:05:00,4,3,3,Early,3,1,"Yuri Rosero-Mora, Robert Rodriguez",Light,Nublado,No,33.660683550528645,18.5
UBCG-MB-M-A_01-B,MB-M-A_01-B,UBCG-MB-M-A,Ubc gaica,Ubc gaica mbd,2024-08-27,24,2024,8,27,240,1,05:37:00,00:05:00,4,3,1,Early,1,1,"Yuri Rosero-Mora, Robert Rodriguez",Light,Despejado,Yes,26.161029411764705,17.4
UBCG-MB-M-A_01-B,MB-M-A_01-B,UBCG-MB-M-A,Ubc gaica,Ubc gaica mbd,2024-08-28,24,2024,8,28,241,2,07:37:00,00:05:00,4,3,2,Early,2,1,"Yuri Rosero-Mora, Robert Rodriguez",Moderate,Nublado,Yes,26.161029411764705,17.4
UBCG-MB-M-A_01-B,MB-M-A_01-B,UBCG-MB-M-A,Ubc gaica,Ubc gaica mbd,2024-08-29,24,2024,8,29,242,3,09:15:00,00:05:00,4,3,3,Early,3,1,"Yuri Rosero-Mora, Robert Rodriguez",Loud,Brisa,Yes,26.161029411764705,17.4
UBCG-MB-M-A_02-A,MB-M-A_02-A,UBCG-MB-M-A,Ubc gaica,Ubc gaica mbd,2024-08-27,24,2024,8,27,240,1,08:16:00,00:05:00,4,3,1,Early,1,1,"Yuri Rosero-Mora, Robert Rodriguez",Moderate,Despejado,No,34.64262938435124,24.4
UBCG-MB-M-A_02-A,MB-M-A_02-A,UBCG-MB-M-A,Ubc gaica,Ubc gaica mbd,2024-08-28,24,2024,8,28,241,2,10:22:00,00:05:00,4,3,2,Early,2,1,"Yuri Rosero-Mora, Robert Rodriguez",Light,Nublado,No,34.64262938435124,24.4
UBCG-MB-M-A_02-A,MB-M-A_02-A,UBCG-MB-M-A,Ubc gaica,Ubc gaica mbd,2024-08-29,24,2024,8,29,242,3,07:15:00,00:05:00,4,3,3,Early,3,1,"Yuri Rosero-Mora, Robert Rodriguez",Light,Despejado,No,34.64262938435124,24.4
UBCG-MB-M-A_02-B,MB-M-A_02-B,UBCG-MB-M-A,Ubc gaica,Ubc gaica mbd,2024-08-27,24,2024,8,27,240,1,05:54:00,00:05:00,4,3,1,Early,1,1,"Yuri Rosero-Mora, Robert Rodriguez",None,Despejado,Yes,30.086550282763707,17
UBCG-MB-M-A_02-B,MB-M-A_02-B,UBCG-MB-M-A,Ubc gaica,Ubc gaica mbd,2024-08-28,24,2024,8,28,241,2,07:53:00,00:05:00,4,3,2,Early,2,1,"Yuri Rosero-Mora, Robert Rodriguez",None,Despejado,Yes,30.086550282763707,17
UBCG-MB-M-A_02-B,MB-M-A_02-B,UBCG-MB-M-A,Ubc gaica,Ubc gaica mbd,2024-08-29,24,2024,8,29,242,3,09:35:00,00:05:00,4,3,3,Early,3,1,"Yuri Rosero-Mora, Robert Rodriguez",None,Brisa,Yes,30.086550282763707,17
UBCG-MB-M-A_03-A,MB-M-A_03-A,UBCG-MB-M-A,Ubc gaica,Ubc gaica mbd,2024-08-27,24,2024,8,27,240,1,08:39:00,00:00:00,4,3,1,Early,1,1,"Yuri Rosero-Mora, Robert Rodriguez",Light,Despejado,No,37.35049019607843,24.2
UBCG-MB-M-A_03-A,MB-M-A_03-A,UBCG-MB-M-A,Ubc gaica,Ubc gaica mbd,2024-08-28,24,2024,8,28,241,2,06:01:00,00:05:00,4,3,2,Early,2,1,"Yuri Rosero-Mora, Robert Rodriguez",Light,Nublado,No,37.35049019607843,24.2
UBCG-MB-M-A_03-A,MB-M-A_03-A,UBCG-MB-M-A,Ubc gaica,Ubc gaica mbd,2024-08-29,24,2024,8,29,242,3,07:40:00,00:05:00,4,3,3,Early,3,1,"Yuri Rosero-Mora, Robert Rodriguez",Light,Despejado,No,37.35049019607843,24.2
UBCG-MB-M-A_03-B,MB-M-A_03-B,UBCG-MB-M-A,Ubc gaica,Ubc gaica mbd,2024-08-27,24,2024,8,27,240,1,06:14:00,00:05:00,4,3,1,Early,1,1,"Yuri Rosero-Mora, Robert Rodriguez",Light,Despejado,Yes,32.69242089771891,23.7
UBCG-MB-M-A_03-B,MB-M-A_03-B,UBCG-MB-M-A,Ubc gaica,Ubc gaica mbd,2024-08-28,24,2024,8,28,241,2,08:15:00,00:05:00,4,3,2,Early,2,1,"Yuri Rosero-Mora, Robert Rodriguez",Light,Despejado,No,32.69242089771891,23.7
UBCG-MB-M-A_03-B,MB-M-A_03-B,UBCG-MB-M-A,Ubc gaica,Ubc gaica mbd,2024-08-29,24,2024,8,29,242,3,10:00:00,00:05:00,4,3,3,Early,3,1,"Yuri Rosero-Mora, Robert Rodriguez",Light,Brisa,No,32.69242089771891,23.7
UBCG-MB-M-A_04-A,MB-M-A_04-A,UBCG-MB-M-A,Ubc gaica,Ubc gaica mbd,2024-08-27,24,2024,8,27,240,1,08:58:00,00:05:00,4,3,1,Early,1,1,"Yuri Rosero-Mora, Robert Rodriguez",Light,Despejado,No,35.81722276741904,23.8
UBCG-MB-M-A_04-A,MB-M-A_04-A,UBCG-MB-M-A,Ubc gaica,Ubc gaica mbd,2024-08-28,24,2024,8,28,241,2,06:19:00,00:05:00,4,3,2,Early,2,1,"Yuri Rosero-Mora, Robert Rodriguez",Light,Nublado,No,35.81722276741904,23.8
UBCG-MB-M-A_04-A,MB-M-A_04-A,UBCG-MB-M-A,Ubc gaica,Ubc gaica mbd,2024-08-29,24,2024,8,29,242,3,08:00:00,00:05:00,4,3,3,Early,3,1,"Yuri Rosero-Mora, Robert Rodriguez",Light,Despejado,No,35.81722276741904,23.8
UBCG-MB-M-A_04-B,MB-M-A_04-B,UBCG-MB-M-A,Ubc gaica,Ubc gaica mbd,2024-08-27,24,2024,8,27,240,1,06:44:00,00:05:00,4,3,1,Early,1,1,"Yuri Rosero-Mora, Robert Rodriguez",Light,Despejado,No,35.0681873926907,23.2
UBCG-MB-M-A_04-B,MB-M-A_04-B,UBCG-MB-M-A,Ubc gaica,Ubc gaica mbd,2024-08-28,24,2024,8,28,241,2,08:41:00,00:05:00,4,3,2,Early,2,1,"Yuri Rosero-Mora, Robert Rodriguez",Light,Nublado,No,35.0681873926907,23.2
UBCG-MB-M-A_04-B,MB-M-A_04-B,UBCG-MB-M-A,Ubc gaica,Ubc gaica mbd,2024-08-29,24,2024,8,29,242,3,10:24:00,00:05:00,4,3,3,Early,3,1,"Yuri Rosero-Mora, Robert Rodriguez",Light,Brisa,No,35.0681873926907,23.2
UBCG-MB-M-A_05-A,MB-M-A_05-A,UBCG-MB-M-A,Ubc gaica,Ubc gaica mbd,2024-08-27,24,2024,8,27,240,1,09:19:00,00:05:00,4,3,1,Early,1,1,"Yuri Rosero-Mora, Robert Rodriguez",None,Despejado,No,34.24307088545499,18.2
UBCG-MB-M-A_05-A,MB-M-A_05-A,UBCG-MB-M-A,Ubc gaica,Ubc gaica mbd,2024-08-28,24,2024,8,28,241,2,06:38:00,00:05:00,4,3,2,Early,2,1,"Yuri Rosero-Mora, Robert Rodriguez",Light,Nublado,No,34.24307088545499,18.2
UBCG-MB-M-A_05-A,MB-M-A_05-A,UBCG-MB-M-A,Ubc gaica,Ubc gaica mbd,2024-08-29,24,2024,8,29,242,3,08:20:00,00:05:00,4,3,3,Early,3,1,"Yuri Rosero-Mora, Robert Rodriguez",Light,Despejado,No,34.24307088545499,18.2
UBCG-MB-M-A_05-B,MB-M-A_05-B,UBCG-MB-M-A,Ubc gaica,Ubc gaica mbd,2024-08-27,24,2024,8,27,240,1,07:25:00,00:05:00,4,3,1,Early,1,1,"Yuri Rosero-Mora, Robert Rodriguez",Light,Despejado,No,37.36978911230995,23.6
UBCG-MB-M-A_05-B,MB-M-A_05-B,UBCG-MB-M-A,Ubc gaica,Ubc gaica mbd,2024-08-28,24,2024,8,28,241,2,09:32:00,00:05:00,4,3,2,Early,2,1,"Yuri Rosero-Mora, Robert Rodriguez",Light,Nublado,No,37.36978911230995,23.6
UBCG-MB-M-A_05-B,MB-M-A_05-B,UBCG-MB-M-A,Ubc gaica,Ubc gaica mbd,2024-08-29,24,2024,8,29,242,3,06:23:00,00:05:00,4,3,3,Early,3,1,"Yuri Rosero-Mora, Robert Rodriguez",None,Nublado,No,37.36978911230995,23.6
UBCG-MB-M-A_06-A,MB-M-A_06-A,UBCG-MB-M-A,Ubc gaica,Ubc gaica mbd,2024-08-27,24,2024,8,27,240,1,09:38:00,00:00:00,4,3,1,Early,1,1,"Yuri Rosero-Mora, Robert Rodriguez",Light,Despejado,No,33.01128003923492,24.4
UBCG-MB-M-A_06-A,MB-M-A_06-A,UBCG-MB-M-A,Ubc gaica,Ubc gaica mbd,2024-08-28,24,2024,8,28,241,2,06:59:00,00:05:00,4,3,2,Early,2,1,"Yuri Rosero-Mora, Robert Rodriguez",Light,Nublado,No,33.01128003923492,24.4
UBCG-MB-M-A_06-A,MB-M-A_06-A,UBCG-MB-M-A,Ubc gaica,Ubc gaica mbd,2024-08-29,24,2024,8,29,242,3,08:40:00,00:05:00,4,3,3,Early,3,1,"Yuri Rosero-Mora, Robert Rodriguez",Light,Brisa,No,33.01128003923492,24.4
UBCG-MB-M-A_06-B,MB-M-A_06-B,UBCG-MB-M-A,Ubc gaica,Ubc gaica mbd,2024-08-27,24,2024,8,27,240,1,07:06:00,00:05:00,4,3,1,Early,1,1,"Yuri Rosero-Mora, Robert Rodriguez",Light,Despejado,No,40.16670764691419,23.8
UBCG-MB-M-A_06-B,MB-M-A_06-B,UBCG-MB-M-A,Ubc gaica,Ubc gaica mbd,2024-08-28,24,2024,8,28,241,2,09:09:00,00:05:00,4,3,2,Early,2,1,"Yuri Rosero-Mora, Robert Rodriguez",Light,Nublado,No,40.16670764691419,23.8
UBCG-MB-M-A_06-B,MB-M-A_06-B,UBCG-MB-M-A,Ubc gaica,Ubc gaica mbd,2024-08-29,24,2024,8,29,242,3,06:03:00,00:05:00,4,3,3,Early,3,1,"Yuri Rosero-Mora, Robert Rodriguez",Light,Nublado,No,40.16670764691419,23.8
UBCG-MB-M-EPO1_01,MB-M-EPO1_01,UBCG-MB-M-EPO1,Ubc gaica,Ubc gaica mbd,2024-08-30,24,2024,8,30,243,4,06:13:00,00:05:00,4,3,1,Early,1,1,"Yuri Rosero-Mora, Robert Rodriguez",Light,Despejado,No,55.37797400049055,13.7
UBCG-MB-M-EPO1_01,MB-M-EPO1_01,UBCG-MB-M-EPO1,Ubc gaica,Ubc gaica mbd,2024-08-31,24,2024,8,31,244,5,08:30:00,00:05:00,4,3,2,Early,2,1,"Yuri Rosero-Mora, Robert Rodriguez",Light,Despejado,No,55.37797400049055,13.7
UBCG-MB-M-EPO1_01,MB-M-EPO1_01,UBCG-MB-M-EPO1,Ubc gaica,Ubc gaica mbd,2024-09-01,24,2024,9,1,245,6,07:50:00,00:05:00,4,3,3,Early,3,1,"Yuri Rosero-Mora, Robert Rodriguez",Light,Despejado,No,55.37797400049055,13.7
UBCG-MB-M-EPO1_02,MB-M-EPO1_02,UBCG-MB-M-EPO1,Ubc gaica,Ubc gaica mbd,2024-08-30,24,2024,8,30,243,4,06:32:00,00:05:00,4,3,1,Early,1,1,"Yuri Rosero-Mora, Robert Rodriguez",Light,Despejado,No,54.6551385822909,24
UBCG-MB-M-EPO1_02,MB-M-EPO1_02,UBCG-MB-M-EPO1,Ubc gaica,Ubc gaica mbd,2024-08-31,24,2024,8,31,244,5,08:50:00,00:05:00,4,3,2,Early,2,1,"Yuri Rosero-Mora, Robert Rodriguez",Light,Despejado,No,54.6551385822909,24
UBCG-MB-M-EPO1_02,MB-M-EPO1_02,UBCG-MB-M-EPO1,Ubc gaica,Ubc gaica mbd,2024-09-01,24,2024,9,1,245,6,08:10:00,00:05:00,4,3,3,Early,3,1,"Yuri Rosero-Mora, Robert Rodriguez",Light,Despejado,No,54.6551385822909,24
UBCG-MB-M-EPO1_03,MB-M-EPO1_03,UBCG-MB-M-EPO1,Ubc gaica,Ubc gaica mbd,2024-08-30,24,2024,8,30,243,4,08:32:00,00:05:00,3,3,1,Early,1,1,"Yuri Rosero-Mora, Robert Rodriguez",None,Despejado,No,52.257107843137256,24
UBCG-MB-M-EPO1_03,MB-M-EPO1_03,UBCG-MB-M-EPO1,Ubc gaica,Ubc gaica mbd,2024-08-31,24,2024,8,31,244,5,10:40:00,00:05:00,3,3,2,Early,2,1,"Yuri Rosero-Mora, Robert Rodriguez",Light,Brisa,No,52.257107843137256,24
UBCG-MB-M-EPO1_03,MB-M-EPO1_03,UBCG-MB-M-EPO1,Ubc gaica,Ubc gaica mbd,2024-09-01,24,2024,9,1,245,6,07:30:00,00:05:00,3,3,3,Early,3,1,"Yuri Rosero-Mora, Robert Rodriguez",Light,Despejado,No,52.257107843137256,24
UBCG-MB-M-EPO1_03_(1),MB-M-EPO1_03_(1),UBCG-MB-M-EPO1,Ubc gaica,Ubc gaica mbd,2024-08-30,24,2024,8,30,243,4,08:10:00,00:05:00,3,3,1,Early,1,1,"Yuri Rosero-Mora, Robert Rodriguez",Light,Despejado,No,48.2578431372549,13.8
UBCG-MB-M-EPO1_03_(1),MB-M-EPO1_03_(1),UBCG-MB-M-EPO1,Ubc gaica,Ubc gaica mbd,2024-08-31,24,2024,8,31,244,5,10:21:00,00:05:00,3,3,2,Early,2,1,"Yuri Rosero-Mora, Robert Rodriguez",Light,Despejado,No,48.2578431372549,13.8
UBCG-MB-M-EPO1_03_(1),MB-M-EPO1_03_(1),UBCG-MB-M-EPO1,Ubc gaica,Ubc gaica mbd,2024-09-01,24,2024,9,1,245,6,07:10:00,00:05:00,3,3,3,Early,3,1,"Yuri Rosero-Mora, Robert Rodriguez",Light,Despejado,No,48.2578431372549,13.8
UBCG-MB-M-EPO1_04,MB-M-EPO1_04,UBCG-MB-M-EPO1,Ubc gaica,Ubc gaica mbd,2024-08-30,24,2024,8,30,243,4,07:38:00,00:05:00,4,3,1,Early,1,1,"Yuri Rosero-Mora, Robert Rodriguez",Loud,Despejado,No,48.38111630194246,24.1
UBCG-MB-M-EPO1_04,MB-M-EPO1_04,UBCG-MB-M-EPO1,Ubc gaica,Ubc gaica mbd,2024-08-31,24,2024,8,31,244,5,09:50:00,00:05:00,4,3,2,Early,2,1,"Yuri Rosero-Mora, Robert Rodriguez",Loud,Despejado,No,48.38111630194246,24.1
UBCG-MB-M-EPO1_04,MB-M-EPO1_04,UBCG-MB-M-EPO1,Ubc gaica,Ubc gaica mbd,2024-09-01,24,2024,9,1,245,6,06:51:00,00:05:00,4,3,3,Early,3,1,"Yuri Rosero-Mora, Robert Rodriguez",Light,Despejado,No,48.38111630194246,24.1
UBCG-MB-M-EPO1_05,MB-M-EPO1_05,UBCG-MB-M-EPO1,Ubc gaica,Ubc gaica mbd,2024-08-30,24,2024,8,30,243,4,07:15:00,00:05:00,4,3,1,Early,1,1,"Yuri Rosero-Mora, Robert Rodriguez",Loud,Despejado,No,53.1037619867224,23.4
UBCG-MB-M-EPO1_05,MB-M-EPO1_05,UBCG-MB-M-EPO1,Ubc gaica,Ubc gaica mbd,2024-08-31,24,2024,8,31,244,5,09:35:00,00:00:00,4,3,2,Early,2,1,"Yuri Rosero-Mora, Robert Rodriguez",Loud,Despejado,No,53.1037619867224,23.4
UBCG-MB-M-EPO1_05,MB-M-EPO1_05,UBCG-MB-M-EPO1,Ubc gaica,Ubc gaica mbd,2024-09-01,24,2024,9,1,245,6,06:26:00,00:05:00,4,3,3,Early,3,1,"Yuri Rosero-Mora, Robert Rodriguez",Light,Despejado,No,53.1037619867224,23.4
UBCG-MB-M-EPO1_06,MB-M-EPO1_06,UBCG-MB-M-EPO1,Ubc gaica,Ubc gaica mbd,2024-08-30,24,2024,8,30,243,4,06:55:00,00:05:00,4,3,1,Early,1,1,"Yuri Rosero-Mora, Robert Rodriguez",None,Despejado,No,54.77598039215686,18.5
UBCG-MB-M-EPO1_06,MB-M-EPO1_06,UBCG-MB-M-EPO1,Ubc gaica,Ubc gaica mbd,2024-08-31,24,2024,8,31,244,5,09:10:00,00:05:00,4,3,2,Early,2,1,"Yuri Rosero-Mora, Robert Rodriguez",Light,Brisa,No,54.77598039215686,18.5
UBCG-MB-M-EPO1_06,MB-M-EPO1_06,UBCG-MB-M-EPO1,Ubc gaica,Ubc gaica mbd,2024-09-01,24,2024,9,1,245,6,08:35:00,00:05:00,4,3,3,Early,3,1,"Yuri Rosero-Mora, Robert Rodriguez",Light,Despejado,No,54.77598039215686,18.5
UBCG-MB-M-LCR_01,MB-M-LCR_01,UBCG-MB-M-LCR,Ubc gaica,Ubc gaica mbd,2024-08-30,24,2024,8,30,243,4,10:02:00,00:05:00,4,3,1,Early,1,1,"Yuri Rosero-Mora, Robert Rodriguez",Light,Despejado,No,52.26127450980392,12.8
UBCG-MB-M-LCR_01,MB-M-LCR_01,UBCG-MB-M-LCR,Ubc gaica,Ubc gaica mbd,2024-08-31,24,2024,8,31,244,5,05:53:00,00:05:00,4,3,2,Early,2,1,"Yuri Rosero-Mora, Robert Rodriguez",Light,Despejado,No,52.26127450980392,12.8
UBCG-MB-M-LCR_01,MB-M-LCR_01,UBCG-MB-M-LCR,Ubc gaica,Ubc gaica mbd,2024-09-01,24,2024,9,1,245,6,10:08:00,00:05:00,4,3,3,Early,3,1,"Yuri Rosero-Mora, Robert Rodriguez",Light,Despejado,No,52.26127450980392,12.8
UBCG-MB-M-LCR_03,MB-M-LCR_03,UBCG-MB-M-LCR,Ubc gaica,Ubc gaica mbd,2024-08-30,24,2024,8,30,243,4,10:33:00,00:05:00,4,3,1,Early,1,1,"Yuri Rosero-Mora, Robert Rodriguez",Light,Despejado,No,53.58372264568478,18.6
UBCG-MB-M-LCR_03,MB-M-LCR_03,UBCG-MB-M-LCR,Ubc gaica,Ubc gaica mbd,2024-08-31,24,2024,8,31,244,5,06:11:00,00:05:00,4,3,2,Early,2,1,"Yuri Rosero-Mora, Robert Rodriguez",Light,Despejado,No,53.58372264568478,18.6
UBCG-MB-M-LCR_03,MB-M-LCR_03,UBCG-MB-M-LCR,Ubc gaica,Ubc gaica mbd,2024-09-01,24,2024,9,1,245,6,10:29:00,00:05:00,4,3,3,Early,3,1,"Yuri Rosero-Mora, Robert Rodriguez",Light,Despejado,No,53.58372264568478,18.6
UBCG-MB-M-LCR_04,MB-M-LCR_04,UBCG-MB-M-LCR,Ubc gaica,Ubc gaica mbd,2024-08-30,24,2024,8,30,243,4,10:52:00,00:05:00,4,3,1,Early,1,1,"Yuri Rosero-Mora, Robert Rodriguez",Light,Brisa,No,52.58347676419966,19.9
UBCG-MB-M-LCR_04,MB-M-LCR_04,UBCG-MB-M-LCR,Ubc gaica,Ubc gaica mbd,2024-08-31,24,2024,8,31,244,5,06:37:00,00:05:00,4,3,2,Early,2,1,"Yuri Rosero-Mora, Robert Rodriguez",Light,Despejado,No,52.58347676419966,19.9
UBCG-MB-M-LCR_04,MB-M-LCR_04,UBCG-MB-M-LCR,Ubc gaica,Ubc gaica mbd,2024-09-01,24,2024,9,1,245,6,10:49:00,00:05:00,4,3,3,Early,3,1,"Yuri Rosero-Mora, Robert Rodriguez",Moderate,Brisa,No,52.58347676419966,19.9
UBCG-MB-M-LP1_01,MB-M-LP1_01,UBCG-MB-M-LP1,Ubc gaica,Ubc gaica mbd,2024-09-02,24,2024,9,2,246,7,06:58:00,00:05:00,3,3,1,Early,1,1,"Yuri Rosero-Mora, Robert Rodriguez",None,Nublado,No,28.533496932515337,23.8
UBCG-MB-M-LP1_01,MB-M-LP1_01,UBCG-MB-M-LP1,Ubc gaica,Ubc gaica mbd,2024-09-03,24,2024,9,3,247,8,08:15:00,00:05:00,3,3,2,Early,2,1,"Yuri Rosero-Mora, Robert Rodriguez",Light,Despejado,No,28.533496932515337,23.8
UBCG-MB-M-LP1_01,MB-M-LP1_01,UBCG-MB-M-LP1,Ubc gaica,Ubc gaica mbd,2024-09-04,24,2024,9,4,248,9,07:25:00,00:05:00,3,3,3,Early,3,1,"Yuri Rosero-Mora, Robert Rodriguez",Light,Despejado,No,28.533496932515337,23.8
UBCG-MB-M-LP1_02,MB-M-LP1_02,UBCG-MB-M-LP1,Ubc gaica,Ubc gaica mbd,2024-09-02,24,2024,9,2,246,7,07:26:00,00:05:00,3,3,1,Early,1,1,"Yuri Rosero-Mora, Robert Rodriguez",Light,Nublado,No,28.7631191760667,22.3
UBCG-MB-M-LP1_02,MB-M-LP1_02,UBCG-MB-M-LP1,Ubc gaica,Ubc gaica mbd,2024-09-03,24,2024,9,3,247,8,06:28:00,00:05:00,3,3,2,Early,2,1,"Yuri Rosero-Mora, Robert Rodriguez",Moderate,Despejado,No,28.7631191760667,22.3
UBCG-MB-M-LP1_02,MB-M-LP1_02,UBCG-MB-M-LP1,Ubc gaica,Ubc gaica mbd,2024-09-04,24,2024,9,4,248,9,07:44:00,00:05:00,3,3,3,Early,3,1,"Yuri Rosero-Mora, Robert Rodriguez",Light,Despejado,No,28.7631191760667,22.3
UBCG-MB-M-LP1_03,MB-M-LP1_03,UBCG-MB-M-LP1,Ubc gaica,Ubc gaica mbd,2024-09-02,24,2024,9,2,246,7,06:23:00,00:05:00,3,3,1,Early,1,1,"Yuri Rosero-Mora, Robert Rodriguez",Light,Nublado,No,27.986745213549337,18.1
UBCG-MB-M-LP1_03,MB-M-LP1_03,UBCG-MB-M-LP1,Ubc gaica,Ubc gaica mbd,2024-09-03,24,2024,9,3,247,8,07:51:00,00:05:00,3,3,2,Early,2,1,"Yuri Rosero-Mora, Robert Rodriguez",Light,Despejado,No,27.986745213549337,18.1
UBCG-MB-M-LP1_03,MB-M-LP1_03,UBCG-MB-M-LP1,Ubc gaica,Ubc gaica mbd,2024-09-04,24,2024,9,4,248,9,07:05:00,00:05:00,3,3,3,Early,3,1,"Yuri Rosero-Mora, Robert Rodriguez",Light,Despejado,No,27.986745213549337,18.1
UBCG-MB-M-LP1_04,MB-M-LP1_04,UBCG-MB-M-LP1,Ubc gaica,Ubc gaica mbd,2024-09-02,24,2024,9,2,246,7,07:52:00,00:05:00,3,3,1,Early,1,1,"Yuri Rosero-Mora, Robert Rodriguez",Light,Nublado,No,29.83165644171779,18.7
UBCG-MB-M-LP1_04,MB-M-LP1_04,UBCG-MB-M-LP1,Ubc gaica,Ubc gaica mbd,2024-09-03,24,2024,9,3,247,8,06:45:00,00:05:00,3,3,2,Early,2,1,"Yuri Rosero-Mora, Robert Rodriguez",Light,Despejado,No,29.83165644171779,18.7
UBCG-MB-M-LP1_04,MB-M-LP1_04,UBCG-MB-M-LP1,Ubc gaica,Ubc gaica mbd,2024-09-04,24,2024,9,4,248,9,08:03:00,00:05:00,3,3,3,Early,3,1,"Yuri Rosero-Mora, Robert Rodriguez",Light,Despejado,No,29.83165644171779,18.7
UBCG-MB-M-LP1_05,MB-M-LP1_05,UBCG-MB-M-LP1,Ubc gaica,Ubc gaica mbd,2024-09-02,24,2024,9,2,246,7,08:15:00,00:00:00,3,3,1,Early,1,1,"Yuri Rosero-Mora, Robert Rodriguez",Moderate,Despejado,No,29.539666993143975,20
UBCG-MB-M-LP1_05,MB-M-LP1_05,UBCG-MB-M-LP1,Ubc gaica,Ubc gaica mbd,2024-09-03,24,2024,9,3,247,8,07:02:00,00:05:00,3,3,2,Early,2,1,"Yuri Rosero-Mora, Robert Rodriguez",Moderate,Despejado,No,29.539666993143975,20
UBCG-MB-M-LP1_05,MB-M-LP1_05,UBCG-MB-M-LP1,Ubc gaica,Ubc gaica mbd,2024-09-04,24,2024,9,4,248,9,06:21:00,00:05:00,3,3,3,Early,3,1,"Yuri Rosero-Mora, Robert Rodriguez",Moderate,Despejado,No,29.539666993143975,20
UBCG-MB-M-LP1_06,MB-M-LP1_06,UBCG-MB-M-LP1,Ubc gaica,Ubc gaica mbd,2024-09-02,24,2024,9,2,246,7,08:43:00,00:00:00,3,3,1,Early,1,1,"Yuri Rosero-Mora, Robert Rodriguez",Moderate,Despejado,No,27.96645445641528,22.1
UBCG-MB-M-LP1_06,MB-M-LP1_06,UBCG-MB-M-LP1,Ubc gaica,Ubc gaica mbd,2024-09-03,24,2024,9,3,247,8,07:20:00,00:05:00,3,3,2,Early,2,1,"Yuri Rosero-Mora, Robert Rodriguez",Light,Despejado,No,27.96645445641528,22.1
UBCG-MB-M-LP1_06,MB-M-LP1_06,UBCG-MB-M-LP1,Ubc gaica,Ubc gaica mbd,2024-09-04,24,2024,9,4,248,9,06:40:00,00:05:00,3,3,3,Early,3,1,"Yuri Rosero-Mora, Robert Rodriguez",Light,Despejado,No,27.96645445641528,22.1
UBCG-MB-Q-ECOR_01,MB-Q-ECOR_01,UBCG-MB-Q-ECOR,Ubc gaica,Ubc gaica mbd,2024-06-01,24,2024,6,1,153,4,05:58:00,00:05:00,3,3,1,Early,1,1,"Yuri Rosero-Mora, Robert Rodriguez",Light,Despejado,No,67.3953431372549,19.8
UBCG-MB-Q-ECOR_01,MB-Q-ECOR_01,UBCG-MB-Q-ECOR,Ubc gaica,Ubc gaica mbd,2024-06-02,24,2024,6,2,154,5,09:22:00,00:05:00,3,3,2,Early,2,1,"Yuri Rosero-Mora, Robert Rodriguez",Light,Brisa,No,67.3953431372549,19.8
UBCG-MB-Q-ECOR_01,MB-Q-ECOR_01,UBCG-MB-Q-ECOR,Ubc gaica,Ubc gaica mbd,2024-06-03,24,2024,6,3,155,6,07:28:00,00:05:00,3,3,3,Early,3,1,"Yuri Rosero-Mora, Robert Rodriguez",Light,Nublado,No,67.3953431372549,19.8
UBCG-MB-Q-ECOR_02,MB-Q-ECOR_02,UBCG-MB-Q-ECOR,Ubc gaica,Ubc gaica mbd,2024-06-01,24,2024,6,1,153,4,06:40:00,00:05:00,3,3,1,Early,1,1,"Yuri Rosero-Mora, Robert Rodriguez",None,Despejado,No,67.73566878980891,26.4
UBCG-MB-Q-ECOR_02,MB-Q-ECOR_02,UBCG-MB-Q-ECOR,Ubc gaica,Ubc gaica mbd,2024-06-02,24,2024,6,2,154,5,08:42:00,00:05:00,3,3,2,Early,2,1,"Yuri Rosero-Mora, Robert Rodriguez",Light,Despejado,No,67.73566878980891,26.4
UBCG-MB-Q-ECOR_02,MB-Q-ECOR_02,UBCG-MB-Q-ECOR,Ubc gaica,Ubc gaica mbd,2024-06-03,24,2024,6,3,155,6,07:56:00,00:05:00,3,3,3,Early,3,1,"Yuri Rosero-Mora, Robert Rodriguez",None,Nublado,No,67.73566878980891,26.4
UBCG-MB-Q-ECOR_03,MB-Q-ECOR_03,UBCG-MB-Q-ECOR,Ubc gaica,Ubc gaica mbd,2024-06-01,24,2024,6,1,153,4,10:30:00,00:05:00,3,3,1,Early,1,1,"Yuri Rosero-Mora, Robert Rodriguez",Moderate,Brisa,No,70.81087702106811,23.7
UBCG-MB-Q-ECOR_03,MB-Q-ECOR_03,UBCG-MB-Q-ECOR,Ubc gaica,Ubc gaica mbd,2024-06-02,24,2024,6,2,154,5,07:36:00,00:08:00,3,3,2,Early,2,1,"Yuri Rosero-Mora, Robert Rodriguez",Light,Despejado,No,70.81087702106811,23.7
UBCG-MB-Q-ECOR_03,MB-Q-ECOR_03,UBCG-MB-Q-ECOR,Ubc gaica,Ubc gaica mbd,2024-06-03,24,2024,6,3,155,6,06:19:00,00:05:00,3,3,3,Early,3,1,"Yuri Rosero-Mora, Robert Rodriguez",Light,Nublado,No,70.81087702106811,23.7
UBCG-MB-Q-ECOR_04,MB-Q-ECOR_04,UBCG-MB-Q-ECOR,Ubc gaica,Ubc gaica mbd,2024-06-01,24,2024,6,1,153,4,09:55:00,00:05:00,3,3,1,Early,1,1,"Yuri Rosero-Mora, Robert Rodriguez",Loud,Brisa,No,73.60724779627816,26.4
UBCG-MB-Q-ECOR_04,MB-Q-ECOR_04,UBCG-MB-Q-ECOR,Ubc gaica,Ubc gaica mbd,2024-06-02,24,2024,6,2,154,5,08:02:00,00:05:00,3,3,2,Early,2,1,"Yuri Rosero-Mora, Robert Rodriguez",Moderate,Despejado,No,73.60724779627816,26.4
UBCG-MB-Q-ECOR_04,MB-Q-ECOR_04,UBCG-MB-Q-ECOR,Ubc gaica,Ubc gaica mbd,2024-06-03,24,2024,6,3,155,6,06:49:00,00:05:00,3,3,3,Early,3,1,"Yuri Rosero-Mora, Robert Rodriguez",Moderate,Nublado,No,73.60724779627816,26.4
UBCG-MB-Q-ECOR_05,MB-Q-ECOR_05,UBCG-MB-Q-ECOR,Ubc gaica,Ubc gaica mbd,2024-06-01,24,2024,6,1,153,4,08:13:00,00:05:00,3,3,1,Early,1,1,"Yuri Rosero-Mora, Robert Rodriguez",None,Despejado,No,68.42920137187653,21.2
UBCG-MB-Q-ECOR_05,MB-Q-ECOR_05,UBCG-MB-Q-ECOR,Ubc gaica,Ubc gaica mbd,2024-06-02,24,2024,6,2,154,5,06:52:00,00:05:00,3,3,2,Early,2,1,"Yuri Rosero-Mora, Robert Rodriguez",None,Despejado,No,68.42920137187653,21.2
UBCG-MB-Q-ECOR_05,MB-Q-ECOR_05,UBCG-MB-Q-ECOR,Ubc gaica,Ubc gaica mbd,2024-06-03,24,2024,6,3,155,6,09:08:00,00:05:00,3,3,3,Early,3,1,"Yuri Rosero-Mora, Robert Rodriguez",None,Despejado,No,68.42920137187653,21.2
UBCG-MB-Q-ECOR_06,MB-Q-ECOR_06,UBCG-MB-Q-ECOR,Ubc gaica,Ubc gaica mbd,2024-06-01,24,2024,6,1,153,4,07:23:00,00:05:00,3,3,1,Early,1,1,"Yuri Rosero-Mora, Robert Rodriguez",Light,Despejado,No,68.15605095541402,20
UBCG-MB-Q-ECOR_06,MB-Q-ECOR_06,UBCG-MB-Q-ECOR,Ubc gaica,Ubc gaica mbd,2024-06-02,24,2024,6,2,154,5,06:07:00,00:05:00,3,3,2,Early,2,1,"Yuri Rosero-Mora, Robert Rodriguez",Light,Despejado,No,68.15605095541402,20
UBCG-MB-Q-ECOR_06,MB-Q-ECOR_06,UBCG-MB-Q-ECOR,Ubc gaica,Ubc gaica mbd,2024-06-03,24,2024,6,3,155,6,08:26:00,00:05:00,3,3,3,Early,3,1,"Yuri Rosero-Mora, Robert Rodriguez",Light,Despejado,No,68.15605095541402,20
UBCG-MB-Q-LCA_01,MB-Q-LCA_01,UBCG-MB-Q-LCA,Ubc gaica,Ubc gaica mbd,2024-05-30,24,2024,5,30,151,2,10:35:00,00:05:00,3,3,1,Early,1,1,"Yuri Rosero-Mora, Robert Rodriguez",Moderate,Brisa,Yes,65.05533790401567,19.7
UBCG-MB-Q-LCA_01,MB-Q-LCA_01,UBCG-MB-Q-LCA,Ubc gaica,Ubc gaica mbd,2024-05-31,24,2024,5,31,152,3,08:55:00,00:05:00,3,3,2,Early,2,1,"Yuri Rosero-Mora, Robert Rodriguez",Loud,Despejado,Yes,65.05533790401567,19.7
UBCG-MB-Q-LCA_01,MB-Q-LCA_01,UBCG-MB-Q-LCA,Ubc gaica,Ubc gaica mbd,2024-06-07,24,2024,6,7,159,10,06:38:00,00:05:00,3,3,3,Early,3,1,"Yuri Rosero-Mora, Robert Rodriguez",Moderate,Despejado,No,65.05533790401567,19.7
UBCG-MB-Q-LCA_02,MB-Q-LCA_02,UBCG-MB-Q-LCA,Ubc gaica,Ubc gaica mbd,2024-05-30,24,2024,5,30,151,2,10:03:00,00:05:00,3,3,1,Early,1,1,"Yuri Rosero-Mora, Robert Rodriguez",Light,Brisa,No,65.16029411764706,27.5
UBCG-MB-Q-LCA_02,MB-Q-LCA_02,UBCG-MB-Q-LCA,Ubc gaica,Ubc gaica mbd,2024-05-31,24,2024,5,31,152,3,08:29:00,00:07:00,3,3,2,Early,2,1,"Yuri Rosero-Mora, Robert Rodriguez",Light,Brisa,No,65.16029411764706,27.5
UBCG-MB-Q-LCA_02,MB-Q-LCA_02,UBCG-MB-Q-LCA,Ubc gaica,Ubc gaica mbd,2024-06-07,24,2024,6,7,159,10,07:07:00,00:05:00,3,3,3,Early,3,1,"Yuri Rosero-Mora, Robert Rodriguez",Light,Despejado,No,65.16029411764706,27.5
UBCG-MB-Q-PORT_01,MB-Q-PORT_01,UBCG-MB-Q-PORT,Ubc gaica,Ubc gaica mbd,2024-05-29,24,2024,5,29,150,1,07:32:00,00:05:00,3,3,1,Early,1,1,"Yuri Rosero-Mora, Robert Rodriguez",NA,Despejado,NA,66.37463271302644,20.9
UBCG-MB-Q-PORT_01,MB-Q-PORT_01,UBCG-MB-Q-PORT,Ubc gaica,Ubc gaica mbd,2024-05-30,24,2024,5,30,151,2,05:44:00,00:05:00,3,3,2,Early,2,1,"Yuri Rosero-Mora, Robert Rodriguez",Moderate,Nublado,Yes,66.37463271302644,20.9
UBCG-MB-Q-PORT_01,MB-Q-PORT_01,UBCG-MB-Q-PORT,Ubc gaica,Ubc gaica mbd,2024-05-31,24,2024,5,31,152,3,09:50:00,00:05:00,3,3,3,Early,3,1,"Yuri Rosero-Mora, Robert Rodriguez",Light,Llovizna,Yes,66.37463271302644,20.9
UBCG-MB-Q-PORT_02,MB-Q-PORT_02,UBCG-MB-Q-PORT,Ubc gaica,Ubc gaica mbd,2024-05-29,24,2024,5,29,150,1,08:02:00,00:00:00,3,3,1,Early,1,1,"Yuri Rosero-Mora, Robert Rodriguez",NA,NA,NA,67.02431237721022,26.6
UBCG-MB-Q-PORT_02,MB-Q-PORT_02,UBCG-MB-Q-PORT,Ubc gaica,Ubc gaica mbd,2024-05-30,24,2024,5,30,151,2,06:10:00,00:05:00,3,3,2,Early,2,1,"Yuri Rosero-Mora, Robert Rodriguez",Light,Nublado,No,67.02431237721022,26.6
UBCG-MB-Q-PORT_02,MB-Q-PORT_02,UBCG-MB-Q-PORT,Ubc gaica,Ubc gaica mbd,2024-05-31,24,2024,5,31,152,3,10:10:00,00:05:00,3,3,3,Early,3,1,"Yuri Rosero-Mora, Robert Rodriguez",Light,Brisa,No,67.02431237721022,26.6
UBCG-MB-Q-PORT_03,MB-Q-PORT_03,UBCG-MB-Q-PORT,Ubc gaica,Ubc gaica mbd,2024-05-29,24,2024,5,29,150,1,08:23:00,00:05:00,3,3,1,Early,1,1,"Yuri Rosero-Mora, Robert Rodriguez",NA,Despejado,NA,66.45102840352595,26.7
UBCG-MB-Q-PORT_03,MB-Q-PORT_03,UBCG-MB-Q-PORT,Ubc gaica,Ubc gaica mbd,2024-05-30,24,2024,5,30,151,2,06:46:00,00:05:00,3,3,2,Early,2,1,"Yuri Rosero-Mora, Robert Rodriguez",Light,Nublado,No,66.45102840352595,26.7
UBCG-MB-Q-PORT_03,MB-Q-PORT_03,UBCG-MB-Q-PORT,Ubc gaica,Ubc gaica mbd,2024-05-31,24,2024,5,31,152,3,10:30:00,00:00:00,3,3,3,Early,3,1,"Yuri Rosero-Mora, Robert Rodriguez",Moderate,Brisa,No,66.45102840352595,26.7
UBCG-MB-Q-PORT_04,MB-Q-PORT_04,UBCG-MB-Q-PORT,Ubc gaica,Ubc gaica mbd,2024-05-29,24,2024,5,29,150,1,08:52:00,00:05:00,3,3,1,Early,1,1,"Yuri Rosero-Mora, Robert Rodriguez",NA,Despejado,NA,68.00245158126992,26.6
UBCG-MB-Q-PORT_04,MB-Q-PORT_04,UBCG-MB-Q-PORT,Ubc gaica,Ubc gaica mbd,2024-05-30,24,2024,5,30,151,2,07:16:00,00:05:00,3,3,2,Early,2,1,"Yuri Rosero-Mora, Robert Rodriguez",Light,Nublado,No,68.00245158126992,26.6
UBCG-MB-Q-PORT_04,MB-Q-PORT_04,UBCG-MB-Q-PORT,Ubc gaica,Ubc gaica mbd,2024-05-31,24,2024,5,31,152,3,07:19:00,00:05:00,3,3,3,Early,3,1,"Yuri Rosero-Mora, Robert Rodriguez",Light,Nublado,No,68.00245158126992,26.6
UBCG-MB-Q-PORT_05,MB-Q-PORT_05,UBCG-MB-Q-PORT,Ubc gaica,Ubc gaica mbd,2024-05-29,24,2024,5,29,150,1,09:18:00,00:05:00,3,3,1,Early,1,1,"Yuri Rosero-Mora, Robert Rodriguez",NA,Despejado,NA,71.25979431929481,27.1
UBCG-MB-Q-PORT_05,MB-Q-PORT_05,UBCG-MB-Q-PORT,Ubc gaica,Ubc gaica mbd,2024-05-30,24,2024,5,30,151,2,07:42:00,00:05:00,3,3,2,Early,2,1,"Yuri Rosero-Mora, Robert Rodriguez",Light,Nublado,No,71.25979431929481,27.1
UBCG-MB-Q-PORT_05,MB-Q-PORT_05,UBCG-MB-Q-PORT,Ubc gaica,Ubc gaica mbd,2024-05-31,24,2024,5,31,152,3,06:58:00,00:05:00,3,3,3,Early,3,1,"Yuri Rosero-Mora, Robert Rodriguez",Light,Brisa,No,71.25979431929481,27.1
UBCG-MB-Q-PORT_06,MB-Q-PORT_06,UBCG-MB-Q-PORT,Ubc gaica,Ubc gaica mbd,2024-05-29,24,2024,5,29,150,1,10:11:00,00:05:00,3,3,1,Early,1,1,"Yuri Rosero-Mora, Robert Rodriguez",NA,Despejado,NA,72.68471337579618,27.5
UBCG-MB-Q-PORT_06,MB-Q-PORT_06,UBCG-MB-Q-PORT,Ubc gaica,Ubc gaica mbd,2024-05-30,24,2024,5,30,151,2,08:18:00,00:13:00,3,3,2,Early,2,1,"Yuri Rosero-Mora, Robert Rodriguez",Light,Nublado,No,72.68471337579618,27.5
UBCG-MB-Q-PORT_06,MB-Q-PORT_06,UBCG-MB-Q-PORT,Ubc gaica,Ubc gaica mbd,2024-05-31,24,2024,5,31,152,3,06:15:00,00:05:00,3,3,3,Early,3,1,"Yuri Rosero-Mora, Robert Rodriguez",Light,Nublado,No,72.68471337579618,27.5
UBCG-MB-R-OQ_01,MB-R-OQ_01,UBCG-MB-R-OQ,Ubc gaica,Ubc gaica mbd,2024-06-04,24,2024,6,4,156,7,06:32:00,00:05:00,1,3,1,Early,1,1,"Yuri Rosero-Mora, Robert Rodriguez",Light,Nublado,No,95.65873988722726,26.2
UBCG-MB-R-OQ_01,MB-R-OQ_01,UBCG-MB-R-OQ,Ubc gaica,Ubc gaica mbd,2024-06-05,24,2024,6,5,157,8,09:43:00,00:05:00,1,3,2,Early,2,1,"Yuri Rosero-Mora, Robert Rodriguez",Light,Nublado,No,95.65873988722726,26.2
UBCG-MB-R-OQ_01,MB-R-OQ_01,UBCG-MB-R-OQ,Ubc gaica,Ubc gaica mbd,2024-06-06,24,2024,6,6,158,9,09:09:00,00:05:00,1,3,3,Early,3,1,"Yuri Rosero-Mora, Robert Rodriguez",Light,Nublado,No,95.65873988722726,26.2
UBCG-MB-R-OQ_02,MB-R-OQ_02,UBCG-MB-R-OQ,Ubc gaica,Ubc gaica mbd,2024-06-04,24,2024,6,4,156,7,07:03:00,00:05:00,1,3,1,Early,1,1,"Yuri Rosero-Mora, Robert Rodriguez",Moderate,Llovizna,No,95.61391474767272,22.8
UBCG-MB-R-OQ_02,MB-R-OQ_02,UBCG-MB-R-OQ,Ubc gaica,Ubc gaica mbd,2024-06-05,24,2024,6,5,157,8,10:04:00,00:05:00,1,3,2,Early,2,1,"Yuri Rosero-Mora, Robert Rodriguez",Light,Llovizna,No,95.61391474767272,22.8
UBCG-MB-R-OQ_02,MB-R-OQ_02,UBCG-MB-R-OQ,Ubc gaica,Ubc gaica mbd,2024-06-06,24,2024,6,6,158,9,08:49:00,00:05:00,1,3,3,Early,3,1,"Yuri Rosero-Mora, Robert Rodriguez",None,Nublado,No,95.61391474767272,22.8
UBCG-MB-R-OQ_03,MB-R-OQ_03,UBCG-MB-R-OQ,Ubc gaica,Ubc gaica mbd,2024-06-04,24,2024,6,4,156,7,07:38:00,00:05:00,1,3,1,Early,1,1,"Yuri Rosero-Mora, Robert Rodriguez",Light,Nublado,No,95.4985315712188,24.5
UBCG-MB-R-OQ_03,MB-R-OQ_03,UBCG-MB-R-OQ,Ubc gaica,Ubc gaica mbd,2024-06-05,24,2024,6,5,157,8,10:53:00,00:05:00,1,3,2,Early,2,1,"Yuri Rosero-Mora, Robert Rodriguez",Moderate,Nublado,No,95.4985315712188,24.5
UBCG-MB-R-OQ_03,MB-R-OQ_03,UBCG-MB-R-OQ,Ubc gaica,Ubc gaica mbd,2024-06-06,24,2024,6,6,158,9,09:33:00,00:05:00,1,3,3,Early,3,1,"Yuri Rosero-Mora, Robert Rodriguez",Light,Nublado,No,95.4985315712188,24.5
UBCG-MB-R-OQ_04,MB-R-OQ_04,UBCG-MB-R-OQ,Ubc gaica,Ubc gaica mbd,2024-06-04,24,2024,6,4,156,7,08:13:00,00:05:00,1,3,1,Early,1,1,"Yuri Rosero-Mora, Robert Rodriguez",Moderate,Nublado,No,94.9154204461878,25
UBCG-MB-R-OQ_04,MB-R-OQ_04,UBCG-MB-R-OQ,Ubc gaica,Ubc gaica mbd,2024-06-05,24,2024,6,5,157,8,05:52:00,00:05:00,1,3,2,Early,2,1,"Yuri Rosero-Mora, Robert Rodriguez",Light,Nublado,No,94.9154204461878,25
UBCG-MB-R-OQ_04,MB-R-OQ_04,UBCG-MB-R-OQ,Ubc gaica,Ubc gaica mbd,2024-06-06,24,2024,6,6,158,9,11:07:00,00:05:00,1,3,3,Early,3,1,"Yuri Rosero-Mora, Robert Rodriguez",Moderate,Llovizna,No,94.9154204461878,25
UBCG-MB-R-OQ_05,MB-R-OQ_05,UBCG-MB-R-OQ,Ubc gaica,Ubc gaica mbd,2024-06-04,24,2024,6,4,156,7,08:40:00,00:05:00,1,3,1,Early,1,1,"Yuri Rosero-Mora, Robert Rodriguez",Light,Despejado,No,95.30950048971596,22.3
UBCG-MB-R-OQ_05,MB-R-OQ_05,UBCG-MB-R-OQ,Ubc gaica,Ubc gaica mbd,2024-06-05,24,2024,6,5,157,8,06:20:00,00:05:00,1,3,2,Early,2,1,"Yuri Rosero-Mora, Robert Rodriguez",Light,Nublado,No,95.30950048971596,22.3
UBCG-MB-R-OQ_05,MB-R-OQ_05,UBCG-MB-R-OQ,Ubc gaica,Ubc gaica mbd,2024-06-06,24,2024,6,6,158,9,10:20:00,00:05:00,1,3,3,Early,3,1,"Yuri Rosero-Mora, Robert Rodriguez",Light,Nublado,No,95.30950048971596,22.3
UBCG-MB-R-OQ_06,MB-R-OQ_06,UBCG-MB-R-OQ,Ubc gaica,Ubc gaica mbd,2024-06-04,24,2024,6,4,156,7,09:46:00,00:05:00,1,3,1,Early,1,1,"Yuri Rosero-Mora, Robert Rodriguez",Moderate,Nublado,No,95.7938220151998,26.6
UBCG-MB-R-OQ_06,MB-R-OQ_06,UBCG-MB-R-OQ,Ubc gaica,Ubc gaica mbd,2024-06-05,24,2024,6,5,157,8,07:01:00,00:05:00,1,3,2,Early,2,1,"Yuri Rosero-Mora, Robert Rodriguez",Light,Nublado,No,95.7938220151998,26.6
UBCG-MB-R-OQ_06,MB-R-OQ_06,UBCG-MB-R-OQ,Ubc gaica,Ubc gaica mbd,2024-06-06,24,2024,6,6,158,9,05:44:00,00:05:00,1,3,3,Early,3,1,"Yuri Rosero-Mora, Robert Rodriguez",Light,Nublado,No,95.7938220151998,26.6
UBCG-MB-R-OQ_07,MB-R-OQ_07,UBCG-MB-R-OQ,Ubc gaica,Ubc gaica mbd,2024-06-04,24,2024,6,4,156,7,10:10:00,00:05:00,1,3,1,Early,1,1,"Yuri Rosero-Mora, Robert Rodriguez",Light,Brisa,No,95.55304518664047,23.2
UBCG-MB-R-OQ_07,MB-R-OQ_07,UBCG-MB-R-OQ,Ubc gaica,Ubc gaica mbd,2024-06-05,24,2024,6,5,157,8,07:22:00,00:05:00,1,3,2,Early,2,1,"Yuri Rosero-Mora, Robert Rodriguez",Light,Nublado,No,95.55304518664047,23.2
UBCG-MB-R-OQ_07,MB-R-OQ_07,UBCG-MB-R-OQ,Ubc gaica,Ubc gaica mbd,2024-06-06,24,2024,6,6,158,9,06:11:00,00:05:00,1,3,3,Early,3,1,"Yuri Rosero-Mora, Robert Rodriguez",Light,Nublado,No,95.55304518664047,23.2
UBCG-MB-R-OQ_08,MB-R-OQ_08,UBCG-MB-R-OQ,Ubc gaica,Ubc gaica mbd,2024-06-04,24,2024,6,4,156,7,10:33:00,00:05:00,1,3,1,Early,1,1,"Yuri Rosero-Mora, Robert Rodriguez",Moderate,Nublado,No,95.4904458598726,24.8
UBCG-MB-R-OQ_08,MB-R-OQ_08,UBCG-MB-R-OQ,Ubc gaica,Ubc gaica mbd,2024-06-05,24,2024,6,5,157,8,07:52:00,00:05:00,1,3,2,Early,2,1,"Yuri Rosero-Mora, Robert Rodriguez",Light,Nublado,No,95.4904458598726,24.8
UBCG-MB-R-OQ_08,MB-R-OQ_08,UBCG-MB-R-OQ,Ubc gaica,Ubc gaica mbd,2024-06-06,24,2024,6,6,158,9,06:45:00,00:05:00,1,3,3,Early,3,1,"Yuri Rosero-Mora, Robert Rodriguez",Light,Nublado,No,95.4904458598726,24.8
UBCG-MB-R-OQ_09,MB-R-OQ_09,UBCG-MB-R-OQ,Ubc gaica,Ubc gaica mbd,2024-06-04,24,2024,6,4,156,7,10:55:00,00:05:00,1,3,1,Early,1,1,"Yuri Rosero-Mora, Robert Rodriguez",Moderate,Nublado,No,95.2784717119765,24.1
UBCG-MB-R-OQ_09,MB-R-OQ_09,UBCG-MB-R-OQ,Ubc gaica,Ubc gaica mbd,2024-06-05,24,2024,6,5,157,8,08:15:00,00:05:00,1,3,2,Early,2,1,"Yuri Rosero-Mora, Robert Rodriguez",Light,Nublado,No,95.2784717119765,24.1
UBCG-MB-R-OQ_09,MB-R-OQ_09,UBCG-MB-R-OQ,Ubc gaica,Ubc gaica mbd,2024-06-06,24,2024,6,6,158,9,07:14:00,00:05:00,1,3,3,Early,3,1,"Yuri Rosero-Mora, Robert Rodriguez",Light,Nublado,No,95.2784717119765,24.1
