Species_ayerbe,Species_bl,Total.individuals,Complete.measures,Beak.Length_Culmen,Beak.Length_Nares,Beak.Width,Beak.Depth,Tarsus.Length,Wing.Length,Kipps.Distance,Secondary,Hand-Wing.Index,Tail.Length,Mass,Habitat,Habitat.Density,Trophic.Level,Trophic.Niche,Primary.Lifestyle,Min.Latitude,Max.Latitude,Centroid.Latitude,Centroid.Longitude,Range.Size,Migration_avo,Forest_bin,primary_diet,Diet_breadth,Habitat_breadth,Ecological_specialization,Migration_bb,clutch_min,clutch_max,clutch_mean,Elev_range_final,Source_elev,iucn_red_list,gen_length
Amazona ochrocephala,Amazona ochrocephala,9,4,38.3,32.6,19.7,32.9,22,212.9,60.8,154.8,28.3,116.5,476.94,Forest,Semi_open,Herbivore,Omnivore,Insessorial,-17.01,12.46,-1.78,-64.37,6626117.83,Sedentary,Forest,Herbivore,3,6,0.7447274948966939,Irregular,2,4,3,1000,Ayerbe,LC,16.48285725
Campylorhynchus griseus,Campylorhynchus griseus,4,4,29.6,19,4.5,6,29,83.8,10.6,73.2,12.6,82.2,42.4,Shrubland,Semi_open,Carnivore,Invertivore,Insessorial,1.21,12.46,7.65,-68.94,982980.09,Sedentary,Non-forest,Invertebrate,2,2,1.3979400086720377,Sedentary,3,5,4,2200,Ayerbe,LC,2.604889661
Columbina squammata,Columbina squammata,10,4,15.7,9.3,2.8,3.6,15.8,95,19.8,74.5,20.9,90.7,52.9,Human Modified,Open,Herbivore,Granivore,Terrestrial,-27.98,12.46,-11.81,-50.4,4814670.86,Sedentary,Non-forest,Seed,2,4,1.0969100130080565,Sedentary,2,2,2,1300,Ayerbe,LC,3.222785685
Columbina talpacoti,Columbina talpacoti,66,4,14.2,8.3,3.1,3.6,16.4,86.8,17.7,70.1,19.9,65.8,46.04,Human Modified,Open,Herbivore,Granivore,Terrestrial,-35.43,28.04,-7.62,-60.71,14617238.71,Partial,Non-forest,Seed,1,5,1.3010299956639813,Sedentary,1,3,2,2600,QJ,LC,2.668992315
Dendroplex picus,Dendroplex picus,20,4,28.6,22.6,4.8,6.5,20.7,98.2,18,83,17.8,83.4,41.34,Forest,Semi_open,Carnivore,Invertivore,Insessorial,-21.87,12.46,-4.68,-59.42,9856567.73,Sedentary,Forest,Invertebrate,2,6,0.9208187539523752,Sedentary,2,3,2.5,600,Ayerbe,LC,3.640409969
Elaenia flavogaster,Elaenia flavogaster,80,12,12.7,7.2,5,4,21.4,77.4,12.7,64.5,16.4,70.6,24.8,Woodland,Open,Omnivore,Invertivore,Insessorial,-31,21.61,-6.86,-58.37,10327940.88,Sedentary,Forest,Invertebrate,2,5,1,Sedentary,1,3,2,2800,Multiple,LC,3.564263024
Eupsittula pertinax,Eupsittula pertinax,5,4,24.5,19.6,11.7,19.9,12.3,136.4,56.1,79.9,41.2,109,83.99,Woodland,Semi_open,Herbivore,Omnivore,Insessorial,-9.58,12.63,6.29,-66.15,1467382.65,Sedentary,Forest,Herbivore,3,6,0.7447274948966939,Altitudinal,2,7,4.5,1600,QJ,LC,2.716883955
Milvago chimachima,Milvago chimachima,10,4,30.5,20.3,11.3,14.5,49.4,285.9,85.5,199.9,29.9,198.4,315.21,Grassland,Open,Carnivore,Omnivore,Terrestrial,-33.21,12.46,-9.32,-58.06,13624390.7,Sedentary,Non-forest,Carnivore,4,6,0.619788758288394,Sedentary,1,4,2.5,2500,Ayerbe,LC,5.884648169
Crotophaga sulcirostris,Crotophaga sulcirostris,15,4,26.9,17.7,9.5,16.5,33.8,129.3,24.8,103,19.3,162.7,82.04,Human Modified,Open,Carnivore,Invertivore,Terrestrial,-23.6,30.19,12.58,-85.96,2696933.46,Sedentary,Non-forest,Invertebrate,3,3,1.045757490560675,Irregular,3,4,3.5,1200,Multiple,LC,3.192426485
Megaceryle torquata,Megaceryle torquata,22,4,83.6,65.2,14.9,21.1,14.3,191.3,46.5,143,24.5,120.2,317,Riverine,Open,Carnivore,Aquatic predator,Insessorial,-55.98,27.12,-12.31,-61.64,16295521.19,Sedentary,Forest,Fish,3,5,0.8239087409443188,Migratory,3,6,4.5,2500,Ayerbe,LC,4.48502311
Jacana jacana,Jacana jacana,13,7,34,18.4,4.1,6.4,53.9,129,25.8,104.1,20,43.1,106.24,Wetland,Open,Omnivore,Omnivore,Terrestrial,-37.84,12.49,-10.23,-58,13881637.25,Sedentary,Non-forest,Invertebrate,5,2,1,Irregular,4,4,4,2700,QJ,LC,3.294872734
Egretta caerulea,Egretta caerulea,11,10,78.1,60.6,9.5,12.6,92,257.8,98.3,160.2,38,88,338.61,Wetland,Open,Carnivore,Aquatic predator,Terrestrial,-27.37,42.25,6.61,-72.72,5634382.17,Sedentary,Non-forest,Carnivore,3,3,1.045757490560675,Irregular,2,5,3.5,3200,Ayerbe,LC,3.463573215
Tyrannus melancholicus,Tyrannus melancholicus,55,4,23.5,17.4,9.7,7.4,18.7,108.8,25.5,81.6,23.7,91.9,37.4,Human Modified,Open,Carnivore,Invertivore,Insessorial,-41.17,33.3,-8.87,-62.17,16505803.88,Sedentary,Non-forest,Invertebrate,2,4,1.0969100130080565,Migratory,1,4,2.5,3400,Ayerbe,LC,2.553791151
Ortalis garrula,Ortalis garrula,7,7,28.8,14.8,8.9,10.4,60.6,213.6,25.3,188.3,11.9,249.1,532,Shrubland,Dense,Herbivore,Frugivore,Insessorial,6.9,11.36,8.91,-74.91,109708.02,Sedentary,Non-forest,Fruit,2,4,1.0969100130080565,Sedentary,3,3,3,1600,Ayerbe,LC,4.345856726
Egretta thula,Egretta thula,8,4,86.3,69.2,9.4,12,93.3,252.8,79.8,167.3,31.9,110.3,371,Wetland,Open,Carnivore,Aquatic predator,Terrestrial,-43.4,45.35,3.56,-70.78,19270773.23,Partial,Non-forest,Fish,2,4,1.0969100130080565,Sedentary,2,6,4,3000,Ayerbe,LC,4.106743696
Myiarchus tuberculifer,Myiarchus tuberculifer,49,10,21.1,12.9,7.1,5.2,20.1,80.4,15.5,66.8,18.8,76.5,17.7,Forest,Dense,Carnivore,Invertivore,Insessorial,-26.87,34.88,-0.3,-68.52,10588401.3,Sedentary,Forest,Invertebrate,2,4,1.0969100130080565,Altitudinal,3,4,3.5,1800,Ayerbe,LC,2.87880942
Volatinia jacarina,Volatinia jacarina,159,4,10.4,7.1,4.3,5.6,16.8,47.8,7.1,43.2,14.1,42.8,9.94,Human Modified,Open,Herbivore,Granivore,Terrestrial,-34.7,28.32,-7.41,-61.58,15248241.41,Sedentary,Non-forest,Seed,3,3,1.045757490560675,Altitudinal,1,4,2.5,2200,Ayerbe,LC,2.364836628
Ardea alba,Ardea alba,16,8,126.3,90.4,12,18.1,141.6,378.8,120.7,257.2,32.1,140.5,871.33,Wetland,Open,Carnivore,Aquatic predator,Terrestrial,-52.61,57.34,10.02,28.87,74898555.49,Partial,Non-forest,Fish,3,4,0.9208187539523752,Migratory,1,6,3.5,3800,QJ,LC,6.036657469
Psarocolius decumanus,Psarocolius decumanus,14,4,51.8,34.1,11.2,17.8,46.5,198.6,49.1,146.2,24.8,170.3,206.3,Forest,Dense,Omnivore,Omnivore,Insessorial,-28.54,12.46,-7.1,-59.87,10475235.8,Sedentary,Forest,Omnivore,4,5,0.6989700043360189,Irregular,2,2,2,2700,Ayerbe,LC,4.960828231
Pitangus sulphuratus,Pitangus sulphuratus,53,8,29.3,21.1,10.1,9.1,25.8,111.9,20.6,92.5,18.1,84.8,62.85,Human Modified,Open,Carnivore,Omnivore,Insessorial,-44.52,29.41,-9.51,-61.83,16133982.75,Sedentary,Non-forest,Omnivore,4,7,0.5528419686577808,Irregular,2,5,3.5,2700,Ayerbe,LC,2.985169291
Rupornis magnirostris,Rupornis magnirostris,35,4,26.4,17.4,10.4,13.4,61.5,220.9,64.9,164.6,28,159.1,269,Forest,Dense,Carnivore,Vertivore,Insessorial,-38.24,25.35,-8.51,-60.46,15043360.16,Sedentary,Forest,Vertebrate,2,5,1,Sedentary,1,2,1.5,2600,Multiple,LC,5.616660256
Chloroceryle americana,Chloroceryle americana,28,12,42,34.2,6.2,8.7,7.8,76.8,19.7,57.3,25.6,57.8,33.73,Riverine,Open,Carnivore,Aquatic predator,Insessorial,-36.5,32.45,-5.49,-64.46,16946715.06,Sedentary,Forest,Fish,2,5,1,Sedentary,2,6,4,1500,Ayerbe,LC,2.714784873
Crotophaga major,Crotophaga major,10,8,47.2,32.8,13.7,21.5,41,193.6,46,147.8,23.7,252.2,148.25,Forest,Dense,Omnivore,Omnivore,Insessorial,-31.98,12.46,-8.14,-57.45,12117795.17,Sedentary,Forest,Invertebrate,4,6,0.619788758288394,Sedentary,3,7,5,2700,Multiple,LC,4.072937691
Tolmomyias sulphurescens,Tolmomyias sulphurescens,46,4,13.4,7.4,5.4,4,18.6,63,10,54,15.7,55.5,14.3,Forest,Dense,Carnivore,Invertivore,Insessorial,-30.92,21.34,-6.44,-61.06,12413249.74,Sedentary,Forest,Invertebrate,1,5,1.3010299956639813,Sedentary,2,3,2.5,2200,Multiple,LC,2.665050787
Todirostrum nigriceps,Todirostrum nigriceps,4,4,14.4,8.1,4.9,2.7,15.2,37.9,6.2,31.6,16.4,23.8,6.5,Forest,Dense,Carnivore,Invertivore,Insessorial,-2.8,11.36,7.02,-76.05,401251.44,Sedentary,Forest,Invertebrate,1,4,1.3979400086720377,Sedentary,1,1,1,1600,Multiple,LC,2.583294362
Dryocopus lineatus,Hylatomus lineatus,30,12,41.6,30.8,11,10.2,28.5,185.9,40.9,146.9,21.7,123.6,183.19,Forest,Semi_open,Carnivore,Invertivore,Insessorial,-32.17,29.68,-5.73,-60.98,13770543.52,Sedentary,Forest,Invertebrate,3,5,0.8239087409443188,Sedentary,2,4,3,2200,Ayerbe,LC,4.052540691
Campylorhynchus nuchalis,Campylorhynchus nuchalis,4,4,20.3,12.6,3.8,4.2,22.2,72.1,10.4,61.8,14.4,77.2,23.2,Woodland,Open,Carnivore,Invertivore,Insessorial,6.39,11.59,8.72,-68.15,506629.36,Sedentary,Forest,Invertebrate,1,5,1.3010299956639813,Sedentary,4,4,4,1100,Ayerbe,LC,2.950250032
Machetornis rixosa,Machetornis rixosa,6,4,22.2,13.8,5.6,5,29.8,93.8,16.9,76.7,18,77.4,29.6,Grassland,Open,Carnivore,Invertivore,Terrestrial,-36.95,12.45,-16.02,-55.56,6805756.6,Sedentary,Non-forest,Invertebrate,1,5,1.3010299956639813,Sedentary,3,4,3.5,3300,Ayerbe,LC,3.114968038
Icterus nigrogularis,Icterus nigrogularis,9,9,25.3,15.7,6.3,8.3,24.9,93.4,17.7,75.7,18.9,84.7,40.2,Woodland,Semi_open,Omnivore,Omnivore,Insessorial,-1.13,12.63,6.93,-65.32,1368029.34,Sedentary,Forest,Invertebrate,3,7,0.6777807052660807,Sedentary,1,4,2.5,1500,Hilty,LC,3.557577288
Megarynchus pitangua,Megarynchus pitangua,42,7,33.7,24.7,13.9,10.4,19.2,113.5,26.6,87.5,23.3,85.8,69.91,Woodland,Semi_open,Carnivore,Invertivore,Insessorial,-30.09,24.06,-6.11,-60.2,13243099.5,Sedentary,Forest,Invertebrate,3,4,0.9208187539523752,Migratory,2,4,3,1400,Multiple,LC,3.544856751
Coragyps atratus,Coragyps atratus,8,4,60,35,14.8,16.1,76.1,410.1,58.4,352.6,14.3,180,1881.69,Human Modified,Open,Omnivore,Scavenger,Terrestrial,-50.31,41.66,-4.79,-67.36,21173636.93,Partial,Non-forest,Scavenger,1,5,1.3010299956639813,Irregular,2,4,3,3600,Ayerbe,LC,14.19923167
Stelgidopteryx ruficollis,Stelgidopteryx ruficollis,36,4,11.5,5,4.5,2.9,11,104.2,54.4,51.1,51.6,50.8,16.1,Shrubland,Open,Carnivore,Invertivore,Aerial,-36.3,15.93,-8.9,-58.53,13831495.26,Sedentary,Non-forest,Invertebrate,1,3,1.5228787452803376,Migratory,3,6,4.5,2200,Ayerbe,LC,1.92088556
Galbula ruficauda,Galbula ruficauda,14,4,53.8,46.8,5.4,7,11.3,78.3,16.6,62.2,21.1,100.9,26.5,Forest,Semi_open,Carnivore,Invertivore,Insessorial,-23.62,19.06,-8.28,-54.99,7606947.12,Sedentary,Forest,Invertebrate,1,7,1.1549019599857433,Sedentary,2,4,3,1300,Ayerbe,LC,2.851099246
Cathartes aura,Cathartes aura,6,4,51.5,27.6,14.3,17.2,54,508.5,135.6,369,26.9,244,1518.24,Human Modified,Open,Scavenger,Scavenger,Terrestrial,-55.72,54.31,6.76,-77.26,28126442.74,Partial,Non-forest,Scavenger,1,10,1,Irregular,1,2,1.5,3000,Ayerbe,LC,6.805193786
Thraupis glaucocolpa,Tangara glaucocolpa,5,4,17.3,10.1,6.5,7.5,20.5,88,19.7,68,22.4,60.6,31.6,Forest,Semi_open,Omnivore,Omnivore,Insessorial,7.11,12.46,9.86,-69.02,236044.28,Sedentary,Forest,Fruit,2,3,1.2218487496163564,Sedentary,NA,2,2,600,Ayerbe,LC,3.359791899
Coereba flaveola,Coereba flaveola,111,12,13.2,9.9,3.6,3.9,16.9,54.6,11,45.9,19.2,34.1,10.01,Shrubland,Semi_open,Herbivore,Nectarivore,Insessorial,-33.01,27.23,-6.67,-60.02,10806908.19,Sedentary,Non-forest,Nectar,3,5,0.8239087409443188,Irregular,2,4,3,2000,QJ,LC,2.371433439
Cathartes burrovianus,Cathartes burrovianus,5,4,50.4,25.2,13.1,15.4,49,485.8,133.4,351.1,27.5,240.4,935,Grassland,Open,Scavenger,Scavenger,Terrestrial,-34.98,22.8,-7.88,-57.4,7839868.54,Sedentary,Non-forest,Scavenger,1,5,1.3010299956639813,Sedentary,2,2,2,1200,Ayerbe,LC,5.985835628
Melanerpes rubricapillus,Melanerpes rubricapillus,9,4,23.2,17.3,5.7,6.4,20.2,104.9,27,81.7,24.8,59.5,52.33,Woodland,Semi_open,Omnivore,Invertivore,Insessorial,2.47,12.46,8.48,-69.65,877834.62,Sedentary,Forest,Invertebrate,2,5,1,Sedentary,3,4,3.5,2100,Ayerbe,LC,2.563018894
Vanellus chilensis,Vanellus chilensis,16,4,35.1,19.2,6.4,7.1,74.6,226,72.7,153.7,31,101.3,327,Grassland,Open,Carnivore,Omnivore,Terrestrial,-55.98,14.75,-16.84,-58.64,13321164.29,Sedentary,Non-forest,Invertebrate,2,5,1,Sedentary,3,4,3.5,3300,Multiple,LC,4.428666995
Zonotrichia capensis,Zonotrichia capensis,169,22,13.6,8.7,5.3,6.5,23.8,63.9,11.4,56.8,16.8,59.4,20.31,Shrubland,Open,Herbivore,Omnivore,Generalist,-55.72,19.19,-19.35,-58.42,12703362.39,Sedentary,Non-forest,Omnivore,3,3,1.045757490560675,Migratory,2,5,3.5,3550,Multiple,LC,2.175487183
Myiozetetes similis,Myiozetetes similis,34,4,17.4,9.7,5.5,4.9,19.6,87,14.5,73.8,16.4,69.1,28,Shrubland,Semi_open,Carnivore,Invertivore,Insessorial,-27.92,27.34,-4.5,-62.23,10242322.01,Partial,Non-forest,Invertebrate,2,5,1,Sedentary,2,4,3,1800,Multiple,LC,2.827903373
Thraupis episcopus,Tangara episcopus,148,8,14.2,9.5,6.4,6.7,22.3,87.3,20.7,69.9,22.8,64,35,Forest,Semi_open,Omnivore,Omnivore,Insessorial,-17.17,21.61,-0.06,-66.15,7925679.12,Sedentary,Forest,Omnivore,3,5,0.8239087409443188,Irregular,1,3,2,2700,Multiple,LC,3.819609187
Turdus fuscater,Turdus fuscater,36,11,30.3,17,6.9,8.2,43.6,151.3,28.8,122.7,19,143,143,Forest,Semi_open,Omnivore,Invertivore,Generalist,-17.66,11.1,-3.16,-74.8,411278.64,Sedentary,Forest,Omnivore,2,4,1.0969100130080565,Sedentary,2,2,2,2300,Ayerbe,LC,6.54097279
Mimus gilvus,Mimus gilvus,12,7,22.9,13.9,5.1,5.8,33,105.8,23.9,80.7,22.8,115.7,51.99,Shrubland,Semi_open,Carnivore,Invertivore,Generalist,-23.07,21.61,5.98,-67.33,2161965.65,Sedentary,Non-forest,Omnivore,2,3,1.2218487496163564,Sedentary,2,4,3,2900,Multiple,LC,2.754888379
Elanus leucurus,Elanus leucurus,6,4,25.3,15.3,8.8,10.9,31.8,294,120.3,168.4,41.5,170.3,346,Human Modified,Open,Carnivore,Vertivore,Aerial,-43.45,46.27,-8.72,-64.01,12522294.39,Partial,Non-forest,Vertebrate,1,5,1.3010299956639813,Irregular,3,5,4,3000,Ayerbe,LC,4.286761197
Zenaida auriculata,Zenaida auriculata,25,8,19,11.3,3.7,4,21,136.2,45.2,91.7,32.7,92.9,110.2,Human Modified,Open,Herbivore,Granivore,Terrestrial,-55.05,14.1,-20.36,-59.3,11530888.21,Sedentary,Non-forest,Seed,1,5,1.3010299956639813,Irregular,1,3,2,4700,Ayerbe,LC,3.042419061
Phyllomyias nigrocapillus,Phyllomyias nigrocapillus,10,4,8.5,4.1,2.7,2.8,15.7,60.1,10.7,49,18,47.5,9.5,Forest,Dense,Omnivore,Invertivore,Insessorial,-13.18,11.19,-0.49,-75.87,254835.7,Sedentary,Forest,Invertebrate,2,2,1.3979400086720377,Sedentary,NA,NA,NA,1600,Freeman,LC,2.349362544
Anisognathus igniventris,Anisognathus lunulatus,0,0,14.8,8.1,5.6,6.8,25.1,87.8,14.8,73,16.8,75.2,34,Forest,Semi_open,Herbivore,Frugivore,Insessorial,-11.29,7.78,-2.03,-76.56,181453.31,Sedentary,Forest,Fruit,5,3,0.8239087409443188,Sedentary,2,2,2,1200,Multiple,LC,2.534393376
Catamenia analis,Catamenia analis,12,6,10.6,6.4,4.3,6,17.3,65.5,10.2,55.5,15.5,54.4,12,Shrubland,Semi_open,Herbivore,Granivore,Generalist,-38.84,11.09,-21.57,-69.57,1027720.64,Sedentary,Non-forest,Seed,3,3,1.045757490560675,Altitudinal,2,4,3,2050,Multiple,LC,1.940126292
Spinus psaltria,Spinus psaltria,40,8,10.2,7.8,4.7,6.3,12.4,60.9,16.2,46.2,26,40.4,8.77,Shrubland,Semi_open,Herbivore,Granivore,Insessorial,-8.61,46.31,30.17,-106.31,3951950.33,Sedentary,Non-forest,Seed,3,3,1.045757490560675,Altitudinal,2,5,3.5,3400,Multiple,LC,2.089842577
Falco sparverius,Falco sparverius,7,4,17.1,11,8.4,10.1,33.7,182.4,77.9,100.1,43.7,126.5,114.61,Grassland,Open,Carnivore,Omnivore,Insessorial,-54.28,68.66,22.05,-87.91,26638648.91,Long_distance,Non-forest,Invertebrate,2,5,1,Migratory,1,7,4,4600,Ayerbe,LC,3.029874828
Crotophaga ani,Crotophaga ani,22,8,30.6,18.4,9.9,21.1,35.8,144,35.5,107.3,24.8,180.6,110.09,Human Modified,Open,Carnivore,Omnivore,Insessorial,-33.47,28.67,-8.83,-58.65,14110810.9,Sedentary,Non-forest,Omnivore,4,4,0.7958800173440752,Irregular,3,7,5,3100,Ayerbe,LC,4.226881546
Pheucticus aureoventris,Pheucticus aureoventris,20,4,22.5,18,11.1,15.7,25.4,110.4,24.5,86,22.2,88.7,49,Forest,Semi_open,Herbivore,Omnivore,Insessorial,-33.5,8.94,-18.57,-68.19,810017.32,Sedentary,Forest,Herbivore,3,4,0.9208187539523752,Altitudinal,2,3,2.5,1500,Ayerbe,LC,2.533632238
Patagioenas fasciata,Patagioenas fasciata,5,4,24.9,18.9,7.5,6.6,25.9,206.9,74.7,131.2,36.2,141.5,366.3,Forest,Semi_open,Herbivore,Granivore,Terrestrial,12.67,51.73,32.56,-109.86,2624630.54,Sedentary,Forest,Seed,3,4,0.9208187539523752,Altitudinal,1,3,2,2700,Multiple,LC,4.394132128
Plegadis falcinellus,Plegadis falcinellus,8,4,117.2,102.8,10.4,13.9,86.4,274.8,104.7,165.3,38.9,102.7,626.61,Wetland,Open,Carnivore,Aquatic predator,Terrestrial,-39.14,49.67,-2.86,50.72,23712479.58,Partial,Non-forest,Invertebrate,4,4,0.7958800173440752,Migratory,2,6,4,1000,Ayerbe,LC,7.246297223
Buteogallus meridionalis,Buteogallus meridionalis,8,4,36,24.2,11.6,18.1,93.4,416.4,130.9,287.4,31.1,217.4,807.99,Grassland,Open,Carnivore,Vertivore,Insessorial,-44.24,12.46,-12.06,-55.31,10432463.33,Sedentary,Non-forest,Vertebrate,2,6,0.9208187539523752,Migratory,1,1,1,1000,Ayerbe,LC,6.734421854
Myiarchus cephalotes,Myiarchus cephalotes,21,4,21.7,12.4,6.5,5.7,21.3,88.8,14.4,74.5,16.2,87.4,26.25,Forest,Semi_open,Carnivore,Invertivore,Insessorial,-17.71,10.63,-3.67,-73.89,292641.44,Sedentary,Forest,Invertebrate,3,2,1.2218487496163564,Sedentary,NA,NA,NA,1200,Multiple,LC,3.50328662
Pionus chalcopterus,Pionus chalcopterus,4,4,33.5,24.6,14.7,24.7,15.9,189.8,59.2,130.6,31.1,77.5,210,Forest,Dense,Herbivore,Frugivore,Insessorial,-4.29,10.99,2.12,-77.46,158502.65,Sedentary,Forest,Fruit,1,1,2,Irregular,2,2,2,2680,Multiple,LC,5.098021692
Chlorostilbon melanorhynchus,Chlorostilbon mellisugus,40,7,16.3,14.6,2.2,1.9,3.9,45.2,30.6,15,67.1,26.7,2.61,Forest,Semi_open,Herbivore,Nectarivore,Aerial,-18.42,11.98,-2.51,-66.49,4103961.43,Partial,Forest,Nectar,1,2,1.6989700043360187,Altitudinal,NA,2,2,2200,Multiple,LC,1.740473648
Amazilia tzacatl,Amazilia tzacatl,106,4,21.9,18.9,3.1,2.4,5.7,56.4,34.4,21.3,61.7,34.2,4.79,Forest,Dense,Herbivore,Nectarivore,Aerial,-4.19,19.92,10.7,-81.8,1019992.01,Sedentary,Forest,Nectar,2,3,1.2218487496163564,Altitudinal,2,2,2,2000,Multiple,LC,2.104370681
Thamnophilus multistriatus,Thamnophilus multistriatus,14,4,20,11.7,5.7,6.1,25.3,71.6,6.7,66.1,9.4,66.5,27.5,Woodland,Semi_open,Carnivore,Invertivore,Insessorial,0.96,10.81,4.8,-75.36,121617.79,Sedentary,Forest,Invertebrate,1,4,1.3979400086720377,Sedentary,NA,NA,NA,1300,Ayerbe,LC,3.315943106
Myiozetetes cayanensis,Myiozetetes cayanensis,21,4,14.4,9.8,5.4,4.6,20.4,84.1,12.8,70,15.4,71.4,25.9,Shrubland,Semi_open,Carnivore,Invertivore,Insessorial,-23.1,12.46,-4.9,-58.04,7536061.77,Sedentary,Non-forest,Invertebrate,2,3,1.2218487496163564,Irregular,2,4,3,2300,Multiple,LC,2.9869418
Patagioenas speciosa,Patagioenas speciosa,6,4,24.5,12.3,4.8,6,23.7,184.7,65.5,114,36.5,98.3,258.47,Forest,Dense,Herbivore,Frugivore,Insessorial,-27.14,21.36,-4.09,-63.71,7713359.51,Sedentary,Forest,Fruit,1,3,1.5228787452803376,Sedentary,1,2,1.5,1500,Multiple,LC,3.543045373
Sicalis flaveola,Sicalis flaveola,23,4,11.2,8.3,5.4,7,19.5,69.5,14.5,55.8,20.6,53.4,16.89,Shrubland,Semi_open,Herbivore,Granivore,Terrestrial,-39.12,12.46,-17.3,-55.3,8090601.18,Sedentary,Non-forest,Seed,2,5,1,Sedentary,2,4,3,2700,Multiple,LC,2.574935788
Pionus menstruus,Pionus menstruus,15,4,27.4,25,14.5,24.5,16.4,181.1,63.4,122.6,34,74.6,251,Forest,Semi_open,Herbivore,Omnivore,Insessorial,-18.01,11.84,-4.26,-62.5,8375262.88,Sedentary,Forest,Herbivore,4,5,0.6989700043360189,Irregular,2,4,3,2100,Ayerbe,LC,5.321607341
Melanerpes formicivorus,Melanerpes formicivorus,8,4,26.9,20.6,8.2,7.4,21.8,139.8,40.1,103.6,28,84.5,79.62,Woodland,Semi_open,Herbivore,Granivore,Insessorial,1.45,45.7,25.79,-104.16,1502706.45,Sedentary,Forest,Omnivore,3,4,0.9208187539523752,Irregular,4,6,5,1600,Ayerbe,LC,4.71306791
Leptopogon superciliaris,Leptopogon superciliaris,17,1,13.4,8.9,4,3.9,16.1,64.6,12.1,54.6,18.1,58.4,11.7,Forest,Dense,Carnivore,Invertivore,Insessorial,-13.61,10.88,1.36,-75.5,474222.71,Sedentary,Forest,Invertebrate,2,1,1.6989700043360187,Altitudinal,2,2,2,1600,Freeman,LC,2.608730631
Sporophila angolensis,Sporophila angolensis,31,4,12.9,9.4,6.8,10,16,57.7,8.9,48.4,15.5,51.9,13,Shrubland,Semi_open,Omnivore,Granivore,Insessorial,-31.07,12.2,-8.2,-57.15,11882418.15,Sedentary,Non-forest,Seed,2,3,1.2218487496163564,Sedentary,2,3,2.5,1600,QJ,LC,2.174274042
Spinus xanthogastrus,Spinus xanthogastrus,9,4,10.5,7.8,4.3,5.8,13.5,65.2,18.9,46.1,29.1,40.5,12.7,Forest,Semi_open,Herbivore,Granivore,Insessorial,-18.69,10.5,-2.17,-72.25,161327.43,Sedentary,Forest,Seed,1,3,1.5228787452803376,Irregular,2,3,2.5,2000,Freeman,LC,2.303099028
Synallaxis azarae,Synallaxis azarae,102,40,15.8,8.4,3.1,3.7,21.2,54,7.6,46.1,14.2,90.6,16.9,Forest,Semi_open,Carnivore,Invertivore,Insessorial,-27.45,10.26,-8.99,-72.34,477890.57,Sedentary,Forest,Invertebrate,2,4,1.0969100130080565,Sedentary,2,4,3,1600,Multiple,LC,2.610104249
Tiaris olivaceus,Tiaris olivaceus,129,4,9.1,6.7,4.1,5.7,16.9,49.9,9.6,40.9,18.9,41.4,8.5,Human Modified,Semi_open,Herbivore,Granivore,Insessorial,-0.42,25.5,15.14,-84.11,966505.17,Partial,Non-forest,Seed,4,4,0.7958800173440752,Sedentary,2,4,3,1800,Ayerbe,LC,2.030688555
Molothrus oryzivorus,Molothrus oryzivorus,13,4,35.5,21.4,9.3,11.5,41.9,173.6,56.3,119.5,31.9,130.9,181.85,Forest,Dense,Omnivore,Omnivore,Terrestrial,-28.66,19.24,-5.71,-62.05,10872496.45,Sedentary,Forest,Omnivore,3,2,1.2218487496163564,Sedentary,2,2,2,2200,Multiple,LC,3.68490551
Quiscalus lugubris,Quiscalus lugubris,10,9,28,18.3,5.8,7.8,28.7,106,22.3,82.4,21.2,82.4,63.03,Human Modified,Open,Omnivore,Omnivore,Generalist,-0.44,16.82,7.24,-67.36,916403.68,Sedentary,Non-forest,Omnivore,4,3,0.9208187539523752,Irregular,2,4,3,3100,QJ,LC,3.287439119
Columbina minuta,Columbina minuta,26,4,12.4,7.1,2.4,3,15.5,76,14.8,64.6,18.7,52.4,32.59,Shrubland,Semi_open,Herbivore,Granivore,Terrestrial,-28.07,20.11,-8.23,-55.16,7050160.84,Sedentary,Non-forest,Seed,1,5,1.3010299956639813,Sedentary,2,2,2,1400,Multiple,LC,2.515194476
Myiarchus tyrannulus,Myiarchus tyrannulus,23,11,23.2,15.1,8.2,6.5,21.9,92,15.4,76.8,16.6,85.7,35.45,Woodland,Semi_open,Carnivore,Invertivore,Insessorial,-32.56,37.51,-6.54,-61.37,10591424.15,Partial,Forest,Invertebrate,2,4,1.0969100130080565,Sedentary,2,4,3,1000,Ayerbe,LC,3.281657418
Columbina passerina,Columbina passerina,18,4,13.9,8.2,2.5,3.2,15.2,81.6,21.6,63.6,25.4,59.6,35.36,Shrubland,Semi_open,Herbivore,Omnivore,Terrestrial,-19.03,35.29,8.64,-71.22,7241733.36,Sedentary,Non-forest,Seed,3,4,0.9208187539523752,Irregular,2,2,2,2500,Multiple,LC,2.931066034
Gampsonyx swainsonii,Gampsonyx swainsonii,13,4,16.2,10.4,7.1,8.4,26,147.7,55.9,96.8,36.5,97.9,92.9,Forest,Semi_open,Carnivore,Vertivore,Insessorial,-27.6,13.9,-8.71,-56.23,10266134.72,Sedentary,Forest,Vertebrate,2,4,1.0969100130080565,Sedentary,2,3,2.5,1350,Ayerbe,LC,3.905668085
Herpetotheres cachinnans,Herpetotheres cachinnans,9,8,33.2,18.3,12.6,20.7,58.9,272.4,51,217.8,18.9,219,623.58,Forest,Semi_open,Carnivore,Vertivore,Insessorial,-29.26,28.93,-5.54,-60.9,13330796.59,Sedentary,Forest,Vertebrate,1,4,1.3979400086720377,Sedentary,1,2,1.5,2600,Ayerbe,LC,7.105915181
Theristicus caudatus,Theristicus caudatus,5,4,151.7,124.3,13,15.9,80.3,393,127.5,266.8,32.2,215.4,1726,Grassland,Open,Carnivore,Omnivore,Terrestrial,-33.82,11.73,-14.89,-55.23,5146136.12,Partial,Non-forest,Invertebrate,2,4,1.0969100130080565,Sedentary,1,3,2,2100,Multiple,LC,7.986837771
Forpus conspicillatus,Forpus conspicillatus,13,4,13.5,11.5,9.6,11.5,9.9,77.2,30.5,49,38.4,38.8,26.4,Woodland,Semi_open,Herbivore,Omnivore,Generalist,1.37,10.7,6.3,-73.8,321378.79,Sedentary,Forest,Herbivore,3,3,1.045757490560675,Sedentary,1,6,3.5,2000,Ayerbe,LC,2.962202698
Sporophila schistacea,Sporophila schistacea,5,4,12.9,7.3,5.4,7.3,14.1,61.5,15.4,46.2,24.9,40.2,12.7,Forest,Dense,Herbivore,Granivore,Generalist,-17.21,17.73,-3.25,-67.12,1554851.82,Partial,Forest,Seed,1,4,1.3979400086720377,Irregular,2,3,2.5,2000,Multiple,LC,2.147327585
Patagioenas cayennensis,Patagioenas cayennensis,13,6,24.5,12.1,4.6,5.5,23.4,180.3,62.8,115.9,35.1,112.7,229,Forest,Open,Herbivore,Frugivore,Insessorial,-32.2,20.43,-7.62,-59.02,13517479.29,Sedentary,Forest,Fruit,2,5,1,Sedentary,1,2,1.5,2100,Hilty,LC,4.387992218
Sporophila luctuosa,Sporophila luctuosa,17,4,9.4,6.1,5.5,6.9,17.3,56.1,13,44,22.7,44.1,12.5,Shrubland,Open,Herbivore,Granivore,Insessorial,-17.83,11.29,-4.82,-74.49,524736.69,Partial,Non-forest,Seed,1,3,1.5228787452803376,Altitudinal,NA,NA,NA,1000,Freeman,LC,2.146239091
Parabuteo unicinctus,Parabuteo unicinctus,5,4,34.4,21.4,11.4,16.6,81.6,320.8,99.8,223.2,30.8,222,850.28,Shrubland,Semi_open,Carnivore,Vertivore,Insessorial,-43.93,34.37,-10.52,-65.99,9015595.35,Partial,Non-forest,Vertebrate,1,5,1.3010299956639813,Irregular,2,4,3,1700,Multiple,LC,6.591665147
Florisuga mellivora,Florisuga mellivora,46,9,23.6,16.7,2.6,2.7,5,67.8,43.8,22.6,66.1,36.8,7.4,Forest,Dense,Herbivore,Nectarivore,Aerial,-18.57,18.72,-2,-64.64,8105538.69,Sedentary,Forest,Nectar,2,3,1.2218487496163564,Irregular,1,3,2,2100,Multiple,LC,2.239834915
Brotogeris jugularis,Brotogeris jugularis,7,5,21.1,16.1,9.2,14.8,12.1,110.7,46.4,64.3,42,66.2,63.2,Woodland,Semi_open,Herbivore,Omnivore,Insessorial,2.99,16.43,9.32,-75.49,781311.17,Sedentary,Forest,Herbivore,4,3,0.9208187539523752,Irregular,4,7,5.5,1600,Multiple,LC,3.567151408
Buteo nitidus,Buteo nitidus,10,2,30.3,18.5,11.2,15.3,64.6,247.3,71.9,189.5,27.5,170.6,519.04,Forest,Dense,Carnivore,Vertivore,Insessorial,-27.61,12.46,-6.6,-57.82,10412658.23,Sedentary,Forest,Vertebrate,2,2,1.3979400086720377,Sedentary,1,3,2,900,Multiple,LC,6.158468924
Thraupis palmarum,Tangara palmarum,77,4,15,9.4,5.9,6.5,20.7,92.5,20.4,72.8,21.9,70.4,39,Forest,Semi_open,Omnivore,Omnivore,Insessorial,-32.24,12.96,-6.86,-58.28,12189499.37,Sedentary,Forest,Omnivore,3,5,0.8239087409443188,Sedentary,2,2,2,2700,Ayerbe,LC,3.414037276
Leptotila verreauxi,Leptotila verreauxi,38,8,19.5,10,3.6,4,27.7,136.7,29.8,104.6,22.1,102.1,146.88,Shrubland,Dense,Herbivore,Granivore,Terrestrial,-36.95,30.78,-7.54,-61.63,15542979.81,Sedentary,Non-forest,Seed,3,5,0.8239087409443188,Sedentary,2,2,2,2900,Multiple,LC,4.306651531
Pilherodius pileatus,Pilherodius pileatus,12,8,89.1,68.9,12.6,17.5,91.8,272.8,71,203.3,25.9,96,568.59,Wetland,Open,Carnivore,Aquatic predator,Terrestrial,-26.85,11.9,-6.53,-59.39,10271266.32,Sedentary,Non-forest,Fish,3,5,0.8239087409443188,Sedentary,2,4,3,2700,Ayerbe,LC,5.634150731
Momotus subrufescens,Momotus subrufescens,6,4,41.1,28.3,9.3,11.4,28.2,124.3,22.3,100.1,18.2,215,97.1,Forest,Dense,Carnivore,Omnivore,Insessorial,-6.6,12.33,6.25,-75.58,341747.75,Sedentary,Forest,Invertebrate,3,5,0.8239087409443188,Sedentary,NA,3.5,3.5,1400,Multiple,LC,2.464825941
Todirostrum cinereum,Todirostrum cinereum,55,4,14.8,9.9,4.8,3,19.1,42.5,6.3,35.9,15,33.8,6.29,Shrubland,Semi_open,Carnivore,Invertivore,Insessorial,-26.27,21.62,-5.99,-60.95,8243668.88,Sedentary,Non-forest,Invertebrate,2,4,1.0969100130080565,Sedentary,2,3,2.5,1900,Ayerbe,LC,2.196875479
Pyrrhura melanura,Pyrrhura melanura,15,4,20.8,15.8,10.7,18.3,13.3,129.1,51.9,71.6,42,118.1,70.54,Forest,Dense,Herbivore,Frugivore,Insessorial,-11.01,5.85,-1.04,-70.48,1490802.93,Sedentary,Forest,Fruit,1,1,2,Irregular,4,4,4,1900,Multiple,LC,2.987818667
Glaucidium brasilianum,Glaucidium brasilianum,11,4,15.1,10.3,6.1,10.7,17.2,93.8,16.6,77.1,17.7,62.8,63.3,Shrubland,Semi_open,Carnivore,Invertivore,Insessorial,-34.98,33.43,-6.96,-61.15,14375175.98,Sedentary,Non-forest,Carnivore,2,5,1,Sedentary,2,5,3.5,1200,Ayerbe,LC,2.930105264
Burhinus bistriatus,Burhinus bistriatus,4,4,49.8,25.4,10.4,12.2,110.2,241.8,105.7,136.1,43.6,119.5,787,Grassland,Open,Carnivore,Invertivore,Terrestrial,-0.1,19.93,9.09,-70.7,787421.54,Sedentary,Non-forest,Invertebrate,2,4,1.0969100130080565,Sedentary,2,2,2,1100,Ayerbe,LC,8.468173366
Dendrocygna autumnalis,Dendrocygna autumnalis,6,4,50.8,34.6,18.3,16.1,52.7,240.8,79.1,163.4,32.7,66,755.3,Wetland,Open,Herbivore,Herbivore terrestrial,Terrestrial,-28.64,32.34,-4.7,-62.43,9443719.89,Partial,Non-forest,Herbivore,3,3,1.045757490560675,Sedentary,9,18,13.5,2700,QJ,LC,2.362207056
Molothrus bonariensis,Molothrus bonariensis,25,4,19.7,12.5,6.5,8.3,25.5,109.9,29.5,78.2,27.3,82.7,41.49,Woodland,Semi_open,Omnivore,Invertivore,Terrestrial,-44.17,28.13,-10.72,-59.54,13210499.69,Sedentary,Forest,Invertebrate,2,5,1,Migratory,1,5,3,2600,Multiple,LC,2.91219839
Phimosus infuscatus,Phimosus infuscatus,6,4,115.2,100.4,10.2,14.7,58.1,265.3,92.4,175.1,34.5,109.3,559,Wetland,Open,Carnivore,Aquatic predator,Terrestrial,-36.89,11.36,-16.48,-56.27,6585514.18,Partial,Non-forest,Invertebrate,1,5,1.3010299956639813,Irregular,1,8,4.5,2600,Ayerbe,LC,5.617822305
Ara militaris,Ara militaris,7,3,56.6,49.3,27.2,57.2,28.8,366.7,151.2,216.8,41.1,366.1,1134,Forest,Semi_open,Herbivore,Frugivore,Insessorial,-23.73,29.54,-3.31,-74.31,281783.13,Sedentary,Forest,Herbivore,3,1,1.5228787452803376,Altitudinal,2,3,2.5,2000,Ayerbe,VU,12.92212445
Buteo brachyurus,Buteo brachyurus,5,4,31.1,17,10.4,14.9,53.8,307.6,90,213.3,29.7,171,496.01,Forest,Dense,Carnivore,Vertivore,Aerial,-30.69,29.85,-5.09,-62.04,14372802.04,Sedentary,Forest,Vertebrate,1,3,1.5228787452803376,Irregular,1,3,2,3100,Multiple,LC,6.410114842
Forpus passerinus,Forpus passerinus,11,9,15.9,12.6,8.3,12.8,9.8,79.5,31.9,47.7,40.1,37.7,23,Woodland,Semi_open,Herbivore,Granivore,Generalist,-3.53,12.46,5.77,-61.48,1060411.64,Sedentary,Forest,Seed,3,4,0.9208187539523752,Altitudinal,5,5,5,500,Ayerbe,LC,2.991287825
Ara ararauna,Ara ararauna,13,8,66,61.9,30.2,55.1,31.9,381.3,115.4,264.6,30.1,492.5,1125,Forest,Dense,Herbivore,Omnivore,Insessorial,-23.47,11.32,-6.59,-60.82,7780066.73,Sedentary,Forest,Herbivore,4,4,0.7958800173440752,Irregular,1,3,2,500,Ayerbe,LC,12.12364583
Conirostrum leucogenys,Conirostrum leucogenys,4,3,11.1,6.9,2.9,3,14.1,53.8,11.9,41.9,22.1,32.5,7,Forest,Semi_open,Omnivore,Invertivore,Insessorial,2.15,11.36,8.81,-73.1,271279.35,Sedentary,Forest,Invertebrate,2,3,1.2218487496163564,Sedentary,NA,NA,NA,800,Multiple,LC,2.172545766
Pachysylvia decurtata,Pachysylvia decurtata,34,5,14.6,8.4,3.5,3.7,16.9,52.5,6.8,46.7,12.8,36,8.49,Forest,Semi_open,Carnivore,Invertivore,Insessorial,-4.29,21.58,12.53,-85.99,856443.06,Sedentary,Forest,Invertebrate,2,2,1.3979400086720377,Sedentary,2,2,2,1000,Ayerbe,LC,2.456496786
Eubucco richardsoni,Eubucco richardsoni,8,4,21.2,12.6,6.1,7.4,18.2,67.8,10.5,57.3,15.5,44.6,33.9,Forest,Dense,Herbivore,Frugivore,Insessorial,-5.43,6.49,-0.65,-74.32,636638.07,Sedentary,Forest,Fruit,2,3,1.2218487496163564,Sedentary,NA,NA,NA,1200,Ayerbe,LC,3.185061006
Turdus albicollis,Turdus albicollis,51,8,22.7,11,4.8,6,29.6,110.3,23.7,87.5,21.3,88.7,54,Forest,Dense,Omnivore,Invertivore,Generalist,-34.95,12.46,-7.67,-60.51,8533196.81,Sedentary,Forest,Invertebrate,2,2,1.3979400086720377,Altitudinal,2,3,2.5,1500,Ayerbe,LC,3.332455563
Dendrocolaptes picumnus,Dendrocolaptes picumnus,19,4,40.5,28.4,8.3,8.3,28.5,129.6,23.3,108.2,17.7,121.7,76.6,Forest,Dense,Carnivore,Invertivore,Insessorial,-27.03,17.18,-4.18,-64.56,5749616.39,Sedentary,Forest,Invertebrate,2,3,1.2218487496163564,Altitudinal,2,2,2,2700,Ayerbe,LC,4.073509605
Sporophila minuta,Sporophila minuta,23,9,9.2,6.2,5,6.2,15.7,49.3,8.8,40.8,17.8,39.6,7.8,Grassland,Open,Herbivore,Granivore,Insessorial,-3.97,22.06,5.68,-67.18,2243040.21,Sedentary,Non-forest,Seed,1,4,1.3979400086720377,Irregular,2,3,2.5,1200,Ayerbe,LC,2.14423309
Sirystes albocinereus,Sirystes albocinereus,4,1,24.8,13.2,8.4,6.6,19.8,99.8,18,82.7,17.8,83.5,38,Forest,Dense,Carnivore,Invertivore,Insessorial,-17.73,8.98,-7.14,-70.08,1894993.29,Sedentary,Forest,Invertebrate,2,2,1.3979400086720377,Sedentary,NA,NA,NA,1100,Ayerbe,LC,2.534393376
Saltator maximus,Saltator maximus,51,4,20.7,14.7,8.9,10.4,25.3,96.1,16.1,79.2,16.9,88.9,47.62,Shrubland,Semi_open,Herbivore,Frugivore,Insessorial,-23.1,19.85,-3.81,-62.15,9544602.66,Sedentary,Non-forest,Herbivore,5,4,0.6989700043360189,Sedentary,2,3,2.5,1800,Multiple,LC,3.738067154
Arremonops tocuyensis,Arremonops tocuyensis,3,3,15.1,9.7,4.1,6.4,21.4,63.8,4.4,59.4,6.8,50.5,29.36,Woodland,Semi_open,Omnivore,Omnivore,Generalist,9.72,12.46,10.98,-70.65,72802.63,Sedentary,Forest,Omnivore,3,3,1.045757490560675,Sedentary,2,3,2.5,400,Ayerbe,LC,3.017020017
Thectocercus acuticaudatus,Psittacara acuticaudatus,5,4,31.9,27.4,17.5,33.6,15.5,187,85,102.2,45.4,176.4,171,Shrubland,Semi_open,Herbivore,Frugivore,Insessorial,-39.19,12.46,-17.6,-59.05,3345328.67,Sedentary,Non-forest,Fruit,2,3,1.2218487496163564,Irregular,2,2,2,700,Ayerbe,LC,6.074132947
Ictinia plumbea,Ictinia plumbea,5,4,23.9,15.1,10.8,13.4,33.2,285.6,117.8,164.9,41.8,134.8,249.9,Forest,Semi_open,Carnivore,Invertivore,Generalist,-29.27,23.69,-7.01,-60.39,12719722.18,Sedentary,Forest,Invertebrate,1,2,1.6989700043360187,Migratory,1,2,1.5,2600,Ayerbe,LC,5.081551727
Tachyphonus rufus,Tachyphonus rufus,46,2,18.7,13.4,6.1,7.6,22.1,83,13.4,69.6,16.2,77.2,34.4,Shrubland,Semi_open,Omnivore,Invertivore,Insessorial,-34.99,11.36,-9.22,-53.41,5942265.97,Sedentary,Non-forest,Fruit,3,3,1.045757490560675,Sedentary,2,3,2.5,2300,Multiple,LC,2.964453238
Atalotriccus pilaris,Atalotriccus pilaris,4,4,13.6,6.3,3.4,2.6,15.4,41.2,3.6,37.6,8.8,33.4,6.8,Woodland,Semi_open,Carnivore,Invertivore,Insessorial,2.29,12.46,7.68,-69.45,813969.64,Sedentary,Forest,Invertebrate,2,2,1.3979400086720377,Sedentary,NA,NA,NA,1200,QJ,LC,2.078386069
Cnemotriccus fuscatus,Cnemotriccus fuscatus,89,4,13.8,9.8,5.4,4,18.3,66.7,9,54.7,14.1,62.6,13.6,Forest,Semi_open,Carnivore,Invertivore,Insessorial,-30.42,12.49,-8.42,-57.2,12243851.43,Partial,Forest,Invertebrate,1,4,1.3979400086720377,Sedentary,3,3,3,1200,Multiple,LC,2.311679867
Psittacara leucophthalmus,Psittacara leucophthalmus,8,4,25.7,26.7,16.5,29.7,15.4,172.3,71.3,101,41.5,145.6,158,Forest,Semi_open,Herbivore,Omnivore,Insessorial,-34.57,10.76,-12.19,-58.18,8731069.11,Sedentary,Forest,Fruit,4,6,0.619788758288394,Irregular,3,4,3.5,1100,Ayerbe,LC,5.212025016
Gymnomystax mexicanus,Gymnomystax mexicanus,5,4,32.4,20.6,6.7,9.8,33.2,125.2,25.8,98.5,20.7,105,98,Forest,Open,Omnivore,Omnivore,Terrestrial,-9.93,11.41,1.5,-64.48,1563861.27,Sedentary,Forest,Omnivore,4,6,0.619788758288394,Sedentary,3,3,3,1000,Ayerbe,LC,3.658248211
Syrigma sibilatrix,Syrigma sibilatrix,4,4,69.2,49.2,10.4,13.3,87.8,290,87.2,202.8,30.1,103.8,463,Wetland,Open,Carnivore,Omnivore,Terrestrial,-37.58,10.14,-21.02,-58.85,4235220.19,Partial,Non-forest,Invertebrate,2,4,1.0969100130080565,Sedentary,3,4,3.5,500,Ayerbe,LC,5.090067553
Cyanocorax violaceus,Cyanocorax violaceus,12,4,39,24.9,12.6,14.6,48,193.6,28.5,165,14.8,163.8,262,Forest,Dense,Omnivore,Omnivore,Insessorial,-14.77,10.07,-1.78,-69.31,3381230.34,Sedentary,Forest,Omnivore,3,4,0.9208187539523752,Sedentary,5,5,5,1450,Ayerbe,LC,6.5080052329999996
Psarocolius bifasciatus,Psarocolius yuracares,5,4,68.8,42.5,12.1,17.6,51.8,238.6,54.1,175.9,23.3,169.6,335.7,Forest,Dense,Omnivore,Omnivore,Insessorial,-18.1,7.08,-6.04,-64.3,4426817.44,Sedentary,Forest,Omnivore,4,5,0.6989700043360189,Sedentary,3,3,3,700,Ayerbe,LC,2.534393376
Sporophila intermedia,Sporophila intermedia,45,4,10.3,7.2,5.4,7.4,15.1,54.6,9.4,47.4,16.5,45.1,12.1,Shrubland,Open,Herbivore,Granivore,Insessorial,1.27,12.49,6.99,-67.7,1371520.28,Sedentary,Non-forest,Seed,3,6,0.7447274948966939,Sedentary,2,3,2.5,2200,Multiple,LC,2.140538
Euphonia laniirostris,Euphonia laniirostris,91,9,10.1,6.5,5.6,5.7,17.3,61,14,45.9,23.4,37.1,15,Forest,Semi_open,Herbivore,Frugivore,Insessorial,-19.51,11.52,-5.66,-67.05,4464958.75,Sedentary,Forest,Fruit,1,5,1.3010299956639813,Sedentary,2,5,3.5,2300,QJ,LC,2.184948531
Melanerpes cruentatus,Melanerpes cruentatus,13,8,26.3,20.3,6.7,6.6,18.6,113.8,31.7,82.2,27.8,56.1,58.1,Forest,Dense,Omnivore,Invertivore,Insessorial,-17.95,9.2,-4.36,-62.44,7237147.71,Sedentary,Forest,Omnivore,2,4,1.0969100130080565,Sedentary,NA,NA,NA,1600,Ayerbe,LC,2.593271669
Cacicus cela,Cacicus cela,12,4,33.7,24,7.9,11.8,29.8,145.3,39.5,104.1,27.2,97.8,85.45,Forest,Dense,Omnivore,Omnivore,Insessorial,-19.67,12.46,-4.5,-61.25,8569297.31,Sedentary,Forest,Omnivore,4,6,0.619788758288394,Sedentary,2,3,2.5,1000,Multiple,LC,3.562632436
Euphonia xanthogaster,Euphonia xanthogaster,35,16,10.7,6,4.8,4.8,16.4,61.4,13.7,47.7,22.4,36,13,Forest,Semi_open,Herbivore,Frugivore,Insessorial,-22.99,10.91,-4.78,-67.31,3715684.5,Sedentary,Forest,Fruit,3,4,0.9208187539523752,Irregular,4,4,4,2700,Ayerbe,LC,2.117811425
Euphonia chrysopasta,Euphonia chrysopasta,9,4,11.5,6.2,5,5.3,14.6,56.9,12,45,21,35.1,14,Forest,Semi_open,Omnivore,Frugivore,Insessorial,-17.74,7.78,-3.51,-64.52,5478664.3,Sedentary,Forest,Fruit,2,2,1.3979400086720377,Sedentary,NA,NA,NA,1300,Ayerbe,LC,2.484419385
Dacnis cayana,Dacnis cayana,30,4,13.7,8,3.7,4.2,15.5,61.8,15.5,47.3,24.7,43.9,13,Forest,Semi_open,Herbivore,Frugivore,Insessorial,-30.88,15.88,-7.09,-58.05,12058770.43,Sedentary,Forest,Omnivore,3,4,0.9208187539523752,Altitudinal,2,3,2.5,1100,Multiple,LC,2.499936265
Ortalis columbiana,Ortalis columbiana,10,4,30.7,11.4,7.8,9.4,62.6,225.6,27,197.9,11.9,269.9,547.72,Shrubland,Dense,Herbivore,Frugivore,Insessorial,1.5,7.39,4.58,-75.14,117133.45,Sedentary,Non-forest,Fruit,2,1,1.6989700043360187,Sedentary,3,4,3.5,2600,Ayerbe,LC,3.640601316
Cyanerpes caeruleus,Cyanerpes caeruleus,16,4,19.5,14.7,3.4,3.3,13.8,56.7,14.4,42.4,25.5,32.1,12,Forest,Dense,Omnivore,Omnivore,Insessorial,-17.67,11.43,-2.76,-63.48,6673757.38,Sedentary,Forest,Omnivore,3,4,0.9208187539523752,Irregular,3,3,3,1500,Ayerbe,LC,3.346650484
Manacus manacus,Manacus manacus,74,12,11.5,6.8,4.4,4.2,20.9,52.2,8.4,44.5,15.9,32.8,16.7,Forest,Dense,Herbivore,Frugivore,Insessorial,-28.87,12.46,-4.94,-60.3,7524946.19,Sedentary,Forest,Fruit,2,3,1.2218487496163564,Sedentary,2,2,2,1500,Multiple,LC,3.626485585
Leptotila rufaxilla,Leptotila rufaxilla,21,4,20.3,10.4,3.4,4.5,27.3,135.5,32.9,101.6,24.5,94.3,157,Forest,Dense,Herbivore,Granivore,Terrestrial,-33.53,10.84,-8.97,-56.85,11668214.68,Sedentary,Forest,Seed,2,3,1.2218487496163564,Sedentary,1,2,1.5,800,Ayerbe,LC,4.572896378
Mesembrinibis cayennensis,Mesembrinibis cayennensis,9,4,116.6,92.5,11.8,16.3,60.3,296.1,76.6,229.5,25,153.3,756,Forest,Semi_open,Carnivore,Aquatic predator,Terrestrial,-29.1,15.41,-7.9,-59.11,10576805.93,Sedentary,Forest,Invertebrate,3,5,0.8239087409443188,Irregular,2,4,3,800,Ayerbe,LC,5.759972748
Pionites melanocephalus,Pionites melanocephalus,5,4,29.6,23.8,13.3,23.4,14.6,135.4,46.7,87.6,34.8,68.6,148.78,Forest,Dense,Herbivore,Granivore,Insessorial,-10.09,10.1,1.31,-64.3,2920163.54,Sedentary,Forest,Herbivore,4,2,1.0969100130080565,Irregular,2,2,2,900,Ayerbe,LC,5.899535755
Ara severus,Ara severus,15,8,39.7,36.1,20.5,36.9,20.7,239.4,86.3,153.3,35.9,242.6,343,Forest,Dense,Herbivore,Omnivore,Insessorial,-17.01,10.99,-4.21,-64.83,5824492.61,Sedentary,Forest,Seed,2,4,1.0969100130080565,Altitudinal,2,2,2,800,Ayerbe,LC,7.173747385
Orthopsittaca manilatus,Orthopsittaca manilatus,11,8,30.5,27.7,17,30.8,20.6,239.8,99.9,139.9,41.5,214.5,372,Woodland,Semi_open,Herbivore,Frugivore,Insessorial,-20.63,10.84,-6.22,-58.81,7148717.74,Partial,Forest,Fruit,1,4,1.3979400086720377,Migratory,2,2,2,600,Ayerbe,LC,5.422732525
Tapera naevia,Tapera naevia,12,8,19.8,12.4,5.1,7.2,28,106,24.1,81.3,22.8,146.8,48.42,Human Modified,Open,Carnivore,Invertivore,Generalist,-34.98,19.79,-8.55,-58.6,12346242.13,Sedentary,Non-forest,Invertebrate,1,1,2,Sedentary,NA,NA,NA,2100,Multiple,LC,3.164090109
Hemitriccus zosterops,Hemitriccus zosterops,4,4,12.9,7.2,4,2.9,15.9,50.1,5.1,45.1,10.1,47.1,8.72,Forest,Dense,Carnivore,Invertivore,Insessorial,-10.59,6,-0.46,-64.99,2154385.69,Sedentary,Forest,Invertebrate,1,1,2,Sedentary,NA,NA,NA,950,Ayerbe,LC,2.312350952
Crypturellus cinereus,Crypturellus cinereus,8,3,31,10.4,5.2,5.4,49.8,162.4,30.1,132,18.7,55.9,506.63,Forest,Dense,Herbivore,Omnivore,Terrestrial,-16.68,7.94,-3.75,-63.4,5924779.18,Sedentary,Forest,Omnivore,3,5,0.8239087409443188,Sedentary,2,2,2,800,Ayerbe,LC,6.164260205
Psarocolius viridis,Psarocolius viridis,6,4,57.4,35.7,10.2,15.1,50.3,219.7,51.7,167.1,23.4,152.8,286.95,Forest,Dense,Omnivore,Invertivore,Insessorial,-11.89,10.77,-1.31,-63.09,5050471.2,Sedentary,Forest,Omnivore,2,1,1.6989700043360187,Sedentary,2,2,2,600,Ayerbe,LC,5.02787623
Pteroglossus pluricinctus,Pteroglossus pluricinctus,5,4,109.6,101.8,27.1,34.9,35.6,148.5,24.4,125.4,16.2,167.1,261.69,Forest,Dense,Omnivore,Frugivore,Insessorial,-6.32,8.77,0.36,-68.98,1636986.61,Sedentary,Forest,Fruit,2,2,1.3979400086720377,Sedentary,NA,NA,NA,1300,QJ,LC,5.08405119
Athene cunicularia,Athene cunicularia,5,4,24.1,15.5,7.9,13.7,43.4,180,51,128.9,28.3,80.2,150.61,Grassland,Open,Carnivore,Vertivore,Generalist,-53.49,53.84,3.15,-79.83,14303129.42,Sedentary,Non-forest,Vertebrate,2,4,1.0969100130080565,Migratory,6,11,8.5,1000,Ayerbe,LC,3.059077808
Pteroglossus inscriptus,Pteroglossus humboldti,5,3,91,82,22.4,29.8,30.7,125.9,25.1,101.2,19.8,142,125.82,Forest,Dense,Herbivore,Frugivore,Insessorial,-14.78,3.57,-6.03,-69.84,1961660.05,Sedentary,Forest,Fruit,2,2,1.3979400086720377,Sedentary,NA,2.9,2.9,1100,Ayerbe,LC,2.353423875
Tyrannus savana,Tyrannus savana,11,4,20.1,11.5,6.5,5.4,17.9,105.6,34.2,71.9,32,215,31.9,Grassland,Open,Carnivore,Invertivore,Insessorial,-43.34,18.89,-16.29,-58.8,8167916.45,Long_distance,Non-forest,Invertebrate,2,5,1,Migratory,1,3,2,2600,Ayerbe,LC,2.835616027
Cacicus solitarius,Cacicus solitarius,5,4,32.1,24.5,7,11.3,29,118.1,13.3,107.2,11,110.4,79.76,Forest,Dense,Carnivore,Invertivore,Insessorial,-35.41,8.83,-11.97,-57.69,8791817.69,Sedentary,Forest,Omnivore,4,4,0.7958800173440752,Sedentary,2,2,2,700,Ayerbe,LC,3.487699317
Cnemathraupis eximia,Cnemathraupis eximia,12,4,20.2,10.4,7.1,9.6,30.3,116.7,21.5,95.3,18.3,91.6,62.7,Forest,Dense,Herbivore,Frugivore,Insessorial,-5.38,7.59,0.56,-77.43,60098.85,Sedentary,Forest,Fruit,4,1,1.3979400086720377,Sedentary,NA,NA,NA,900,Freeman,LC,3.607602053
Atlapetes albinucha,Atlapetes albinucha,14,4,17.2,10.6,6.6,8,27,73.3,7.2,69.2,9.5,83.7,33.84,Forest,Dense,Omnivore,Omnivore,Generalist,0.35,21.54,11.21,-85.18,275050.2,Sedentary,Forest,Invertebrate,2,2,1.3979400086720377,Sedentary,2,3,2.5,1100,Multiple,LC,3.34781139
Tangara arthus,Tangara aurulenta,15,6,13.4,7.3,4.6,5.2,19.1,75.8,17.4,58.5,23,54.1,22,Forest,Dense,Herbivore,Frugivore,Insessorial,-17.64,11.01,-3.07,-74.45,378423.75,Sedentary,Forest,Omnivore,2,2,1.3979400086720377,Sedentary,1,2,1.5,1700,Freeman,LC,3.024530808
Sporophila funerea,Sporophila funerea,33,4,12.6,9.3,6.9,10.2,17.4,55,8.8,48.5,15.4,48.7,13,Human Modified,Semi_open,Herbivore,Granivore,Insessorial,-3.57,18.9,10.12,-81.24,730927.96,Partial,Non-forest,Seed,1,4,1.3979400086720377,Sedentary,2,3,2.5,1800,Multiple,LC,2.584420851
Phyllomyias griseiceps,Phyllomyias griseiceps,5,4,9,4.9,3.7,3.1,14.2,51.6,9.2,42,18,45.2,7.2,Forest,Dense,Omnivore,Invertivore,Insessorial,-12.12,11.36,3.46,-68.77,707633.09,Sedentary,Forest,Invertebrate,2,1,1.6989700043360187,Sedentary,NA,NA,NA,1800,Ayerbe,LC,2.119763454
Camptostoma obsoletum,Camptostoma obsoletum,37,15,9.8,5.8,3.2,3.1,13.9,52.3,8.7,43.6,16.5,40.9,8.1,Shrubland,Semi_open,Carnivore,Invertivore,Insessorial,-34.98,12.46,-9.88,-58.73,14428561.74,Sedentary,Non-forest,Invertebrate,2,5,1,Sedentary,2,3,2.5,2900,Multiple,LC,2.124295243
Synallaxis brachyura,Synallaxis brachyura,22,4,16.3,10,3.4,4,21.3,57.9,7.5,51.4,12.6,76.7,18.3,Shrubland,Semi_open,Carnivore,Invertivore,Insessorial,-4.01,16.03,6.71,-79.9,403853.13,Sedentary,Non-forest,Invertebrate,2,6,0.9208187539523752,Sedentary,2,3,2.5,2000,Multiple,LC,2.796525573
Progne tapera,Progne tapera,13,4,15.8,8.1,6,4.5,13.2,128.3,63.4,65.2,49.3,62.7,32,Grassland,Open,Carnivore,Invertivore,Aerial,-39.04,12.46,-15.64,-57.17,8235521.18,Sedentary,Non-forest,Invertebrate,1,3,1.5228787452803376,Migratory,3,5,4,2700,Ayerbe,LC,2.528436547
Ixothraupis guttata,Tangara guttata,8,4,13.9,7.8,4.1,4.9,18.6,67.2,14.9,52.3,22.1,48.1,18.4,Forest,Dense,Herbivore,Frugivore,Insessorial,0.8,11.16,5.65,-67.4,376030.94,Sedentary,Forest,Fruit,2,3,1.2218487496163564,Sedentary,2,2,2,800,Ayerbe,LC,3.028689307
Myiodynastes maculatus,Myiodynastes maculatus,10,5,25.6,18.4,10.5,8.4,19.5,107.9,21.8,85,20.3,79,43.2,Forest,Semi_open,Carnivore,Invertivore,Insessorial,-6.02,23.38,3.7,-67.6,4626474.72,Long_distance,Forest,Invertebrate,3,5,0.8239087409443188,Migratory,2,4,3,2000,Ayerbe,LC,2.390185369
Icterus chrysater,Icterus chrysater,10,4,25.7,15.9,6.1,8.2,26.4,96.2,17.7,78.5,18.4,97.6,53.4,Woodland,Semi_open,Omnivore,Omnivore,Insessorial,0.76,21.61,10.74,-80.28,777224.61,Sedentary,Forest,Invertebrate,3,4,0.9208187539523752,Altitudinal,2,3,2.5,3000,Ayerbe,LC,4.520715799
Ramphocelus dimidiatus,Ramphocelus dimidiatus,24,7,16.8,11.8,6.6,7.7,21.5,76.2,12.3,64.4,16,71.3,28,Shrubland,Semi_open,Omnivore,Omnivore,Insessorial,1.52,11.57,7.54,-75.35,475288.52,Sedentary,Non-forest,Omnivore,3,3,1.045757490560675,Sedentary,2,2,2,2200,QJ,LC,3.404725323
Elaenia chiriquensis,Elaenia chiriquensis,6,4,12.8,7.8,4.3,4.1,16.4,72.4,15,57.3,20.8,62,15.4,Shrubland,Open,Omnivore,Omnivore,Insessorial,-26.93,12.46,-6.64,-56.58,7208019.86,Partial,Non-forest,Fruit,2,4,1.0969100130080565,Migratory,1,4,2.5,2100,Multiple,LC,3.573346476
Saltator striatipectus,Saltator striatipectus,29,4,19.5,13.1,8.6,11.8,27.3,90.8,13.9,77.6,15.3,87.4,39,Shrubland,Semi_open,Omnivore,Omnivore,Insessorial,-15.44,12.46,4.47,-74.4,889950.27,Sedentary,Non-forest,Omnivore,4,4,0.7958800173440752,Sedentary,2,3,2.5,2800,Ayerbe,LC,3.498077641
Sporophila nigricollis,Sporophila nigricollis,113,4,9.1,6,5,6.5,13.8,52.4,7.9,45.6,14.7,43,9.6,Shrubland,Open,Herbivore,Granivore,Insessorial,-26.55,12.53,-6.92,-54.88,7194514.7,Sedentary,Non-forest,Seed,1,4,1.3979400086720377,Irregular,2,3,2.5,2400,Multiple,LC,2.298278569
Setophaga pitiayumi,Setophaga pitiayumi,42,4,12,7.5,3,3.2,16.1,52.7,10.8,42.7,20.1,41.1,6.82,Forest,Semi_open,Carnivore,Invertivore,Insessorial,-35.58,27.75,-12.53,-57.9,8364955.27,Sedentary,Forest,Invertebrate,3,4,0.9208187539523752,Migratory,2,5,3.5,2800,Ayerbe,LC,2.021721074
Emberizoides herbicola,Emberizoides herbicola,10,4,14.9,8.3,4.8,6.5,23.6,70.1,7.4,60.9,10.8,97,27.55,Grassland,Open,Omnivore,Granivore,Terrestrial,-32.53,10.22,-14.41,-54.25,5561384.25,Sedentary,Non-forest,Invertebrate,2,2,1.3979400086720377,Sedentary,2,3,2.5,1500,Multiple,LC,3.394035153
Chiroxiphia lanceolata,Chiroxiphia lanceolata,6,5,12.2,6.6,4.1,4.2,18.1,70.2,7.8,62.4,11.1,48.7,18.5,Woodland,Dense,Herbivore,Frugivore,Insessorial,4.24,12.49,9.43,-71.36,420162.32,Sedentary,Forest,Fruit,2,4,1.0969100130080565,Sedentary,2,2,2,700,Ayerbe,LC,2.843241951
Doryfera johannae,Doryfera johannae,9,4,30.6,25.6,1.9,1.9,5.3,52.8,34.5,18.2,65.5,28.2,4.81,Forest,Dense,Herbivore,Nectarivore,Aerial,-10.71,7.28,1.49,-69.26,459646.35,Sedentary,Forest,Nectar,2,3,1.2218487496163564,Altitudinal,2,2,2,1200,Ayerbe,LC,2.028658178
Anthracothorax nigricollis,Anthracothorax nigricollis,27,6,25.7,20.8,2.4,2.4,4.5,66.3,41.2,23,64.1,37.2,7,Shrubland,Semi_open,Herbivore,Nectarivore,Aerial,-32.17,12.46,-9.16,-59.03,9808667.81,Sedentary,Non-forest,Nectar,2,2,1.3979400086720377,Migratory,2,2,2,1900,Ayerbe,LC,2.119016945
Icterus cayanensis,Icterus chrysocephalus,0,0,23.2,14.4,4.3,5.8,23.2,98.6,15.3,83.2,15.6,97.4,35.44,Forest,Semi_open,Carnivore,Invertivore,Insessorial,-10.26,10.53,1.5,-67.04,2598702.32,Sedentary,Forest,Invertebrate,3,4,0.9208187539523752,Sedentary,2,2,2,1100,Ayerbe,LC,2.934784157
Cyanocorax affinis,Cyanocorax affinis,10,4,38.4,23.1,12.2,13.5,50.1,167.8,17.1,150.7,10.2,160,212,Forest,Dense,Omnivore,Frugivore,Insessorial,1.94,12.46,8.39,-74.71,473163.74,Sedentary,Forest,Fruit,3,4,0.9208187539523752,Sedentary,3,5,4,2500,QJ,LC,6.683268293
Zimmerius gracilipes,Zimmerius gracilipes,7,4,10,5.1,3.4,2.8,14.8,46.7,6.1,40.6,13.3,41.8,7.13,Forest,Dense,Carnivore,Invertivore,Insessorial,-17.23,8.06,-4.86,-66.45,3855220.6,Sedentary,Forest,Invertebrate,2,1,1.6989700043360187,Sedentary,2,2,2,700,Ayerbe,LC,2.375531572
Ramphocelus carbo,Ramphocelus carbo,29,4,18.3,11.8,7.4,7.9,21.6,78.1,12.4,66.1,15.8,79.9,25.92,Human Modified,Semi_open,Omnivore,Omnivore,Insessorial,-24.78,11.54,-6.98,-58.6,10498944.34,Sedentary,Non-forest,Omnivore,2,4,1.0969100130080565,Sedentary,1,3,2,1500,Ayerbe,LC,3.2648681
Falco rufigularis,Falco rufigularis,8,8,19.6,12,9.7,11,32.8,198.8,80,118.7,40.3,108,163.64,Forest,Semi_open,Carnivore,Vertivore,Aerial,-27.05,28.05,-5.35,-61.19,13377698.05,Sedentary,Forest,Vertebrate,2,1,1.6989700043360187,Irregular,2,4,3,2700,QJ,LC,3.279412288
Chrysomus icterocephalus,Chrysomus icterocephalus,5,4,20,14,5.1,7,27.4,85.6,14.8,69.9,17.6,68.8,30.68,Wetland,Semi_open,Omnivore,Granivore,Insessorial,-8.63,12.49,4.36,-65.57,1581439.98,Partial,Non-forest,Seed,2,5,1,Irregular,2,4,3,2800,Ayerbe,LC,2.930985653
Coccycua pumila,Coccycua pumila,4,3,20.7,11.9,5.3,6,23.1,98,26.2,71.8,26.8,100.8,37.1,Woodland,Semi_open,Carnivore,Invertivore,Insessorial,1.48,11.49,7.49,-69.44,647667.46,Sedentary,Forest,Invertebrate,1,3,1.5228787452803376,Irregular,2,3,2.5,1000,QJ,LC,3.297153069
Myiopagis viridicata,Myiopagis viridicata,18,8,11.8,7.1,3.8,3.6,16.9,60,11.3,47.8,19,55.3,11.51,Forest,Semi_open,Omnivore,Invertivore,Insessorial,-30.62,23.88,-6.66,-61.24,7389845.28,Long_distance,Forest,Invertebrate,3,4,0.9208187539523752,Migratory,2,2,2,1200,Ayerbe,LC,2.559138386
Fluvicola pica,Fluvicola pica,12,9,16.4,9.6,4.7,3.4,20.7,63.9,10.8,53.6,16.8,48.6,12.3,Wetland,Open,Carnivore,Invertivore,Insessorial,1.58,12.46,6.48,-66.17,1658423.81,Partial,Non-forest,Invertebrate,1,2,1.6989700043360187,Sedentary,2,3,2.5,1000,Ayerbe,LC,2.504861573
Tangara vassorii,Tangara vassorii,11,0,12.1,5.9,4.8,4.6,17.1,74.3,17.2,58,22.8,53.2,18,Forest,Dense,Herbivore,Frugivore,Insessorial,-7.75,9.97,0.9,-76.48,206740.24,Sedentary,Forest,Fruit,2,2,1.3979400086720377,Sedentary,2,2,2,2300,Multiple,LC,2.917527921
Myioborus ornatus,Myioborus ornatus,6,3,12.6,7.1,4.1,3.8,19,70.2,10.1,58.8,14.7,71.3,11.7,Forest,Dense,Carnivore,Invertivore,Insessorial,4,7.7,5.73,-73.2,39629.13,Sedentary,Forest,Invertebrate,1,1,2,Sedentary,NA,NA,NA,2000,Freeman,LC,2.262258433
Ochthoeca rufipectoralis,Ochthoeca rufipectoralis,49,26,13.7,6.5,3.5,3,19.8,66.3,13,53.3,19.6,61.5,9.98,Forest,Semi_open,Carnivore,Invertivore,Insessorial,-17.64,11.09,-4.98,-74.79,333647.74,Sedentary,Forest,Invertebrate,1,4,1.3979400086720377,Sedentary,NA,NA,NA,1600,Multiple,LC,2.345338218
Ampelion rubrocristatus,Ampelion rubrocristatus,17,4,20.5,9.2,5.6,6.8,24.9,113.3,27.8,85.8,24.5,86.2,66.29,Forest,Semi_open,Herbivore,Frugivore,Insessorial,-18.1,11.22,-4.07,-74.7,413439.19,Sedentary,Forest,Fruit,2,3,1.2218487496163564,Sedentary,NA,NA,NA,1500,Multiple,LC,3.67125481
Diglossa humeralis,Diglossa humeralis,14,4,13.9,8.1,2.3,4.4,22.4,67.4,11.7,57.6,16.9,59.2,13.14,Shrubland,Semi_open,Herbivore,Nectarivore,Insessorial,-6.23,11.16,1.94,-76.34,155425.66,Sedentary,Non-forest,Nectar,2,3,1.2218487496163564,Irregular,2,2,2,1600,Ayerbe,LC,2.782722666
Turdus serranus,Turdus serranus,28,6,26.9,14.6,6,6.7,34.4,124.7,23.1,102.4,18.4,112.3,84.9,Forest,Dense,Omnivore,Invertivore,Generalist,-25.18,10.8,-4.64,-73.24,408915.41,Sedentary,Forest,Fruit,1,2,1.6989700043360187,Altitudinal,2,2,2,1400,Multiple,LC,5.394410268
Margarornis squamiger,Margarornis squamiger,54,13,15.3,7.4,3.2,3.6,20.1,75,14.2,60.5,19,74.6,17.3,Forest,Dense,Carnivore,Invertivore,Insessorial,-17.85,10.78,-3.19,-74.66,469622.44,Sedentary,Forest,Invertebrate,1,2,1.6989700043360187,Sedentary,NA,NA,NA,2700,Multiple,LC,2.705417308
Colaptes punctigula,Colaptes punctigula,16,7,24.9,17.4,7,7.4,21.2,108.1,19.6,85.5,18.6,68.9,61.96,Forest,Semi_open,Carnivore,Invertivore,Insessorial,-18.22,12.49,-2.06,-68.18,3394047.54,Sedentary,Forest,Invertebrate,1,6,1.2218487496163564,Sedentary,NA,NA,NA,1500,Multiple,LC,2.659707757
Poecilotriccus sylvia,Poecilotriccus sylvia,6,4,13.8,8.6,4.9,3.2,19.6,46.8,5.1,40.1,11.3,32.2,7.1,Forest,Dense,Carnivore,Invertivore,Insessorial,-7.67,21.25,6.32,-68.06,1909899.71,Sedentary,Forest,Invertebrate,1,3,1.5228787452803376,Sedentary,2,2,2,1400,Ayerbe,LC,2.373593328
Myiarchus apicalis,Myiarchus apicalis,5,4,21.6,13.7,7.4,5.8,22.3,87.4,7.3,79.4,8.4,88.8,29.2,Shrubland,Semi_open,Omnivore,Invertivore,Insessorial,1.18,6.52,4.1,-75.08,41557.9,Sedentary,Non-forest,Invertebrate,2,5,1,Sedentary,2.6,2.6,2.6,2300,Multiple,LC,3.512847939
Sayornis nigricans,Sayornis nigricans,23,4,18.1,9.9,5.9,4,17.4,86.3,19.4,68.9,22,77.2,18.63,Rock,Semi_open,Carnivore,Invertivore,Insessorial,-29.12,42.94,17.12,-95.45,2967593.66,Sedentary,Non-forest,Invertebrate,1,3,1.5228787452803376,Altitudinal,1,6,3.5,2700,Multiple,LC,2.106409313
Sporophila castaneiventris,Sporophila castaneiventris,4,4,11,6.9,4.6,5.7,13.8,48.5,8.2,40.3,16.8,37.5,7.8,Shrubland,Semi_open,Herbivore,Granivore,Insessorial,-17.31,8.37,-3.77,-66.92,3489887.6,Sedentary,Non-forest,Seed,2,4,1.0969100130080565,Sedentary,2,3,2.5,1500,Ayerbe,LC,1.930291884
Pygochelidon cyanoleuca,Pygochelidon cyanoleuca,24,4,8.6,4.1,3.6,2.2,10.1,92.3,44.4,48.8,47.6,48.8,9.7,Human Modified,Open,Carnivore,Invertivore,Aerial,-55.6,12.46,-21.2,-59.36,10370376.43,Partial,Non-forest,Invertebrate,1,3,1.5228787452803376,Migratory,2,6,4,3000,Multiple,LC,2.150203112
Arremonops conirostris,Arremonops conirostris,20,8,18,11.7,6.2,8.5,28.1,73.7,6.3,70.1,8.2,67.6,35.89,Forest,Semi_open,Omnivore,Omnivore,Terrestrial,-4.15,15.59,7.33,-71.38,1132799.46,Sedentary,Forest,Omnivore,4,3,0.9208187539523752,Altitudinal,1,3,2,1750,Ayerbe,LC,3.307221287
Ramphocelus flammigerus,Ramphocelus flammigerus,11,4,18.4,13,8.2,8.6,25.8,88.6,13.6,76.2,15.1,74.8,33,Forest,Semi_open,Omnivore,Frugivore,Insessorial,2.29,7.09,4.84,-76,31694.68,Sedentary,Forest,Fruit,2,2,1.3979400086720377,Irregular,2,2,2,2300,Ayerbe,LC,3.21407128
Lepidocolaptes souleyetii,Lepidocolaptes souleyetii,34,4,32.7,23.6,4.1,5.4,19.5,92.3,19.2,71.7,21.1,84.5,25.7,Woodland,Semi_open,Carnivore,Invertivore,Insessorial,-7.24,18.86,9.31,-75.61,1484080.31,Sedentary,Forest,Invertebrate,2,4,1.0969100130080565,Sedentary,2,2,2,1900,Multiple,LC,2.999783512
Picumnus granadensis,Picumnus granadensis,5,4,11.4,9,4.3,5,12.3,56.1,8.9,46.2,16.2,31.2,12.2,Forest,Semi_open,Carnivore,Invertivore,Insessorial,1.46,6.15,3.76,-76.45,27384.64,Sedentary,Forest,Invertebrate,1,3,1.5228787452803376,Sedentary,NA,NA,NA,1900,Freeman,LC,2.440940025
Tangara gyrola,Tangara gyrola,41,4,12.7,7.2,4.8,5.2,18.6,73.5,15.2,57.1,21.1,51.4,21,Forest,Dense,Herbivore,Frugivore,Insessorial,-17.93,13.8,-2.77,-64.73,4181131.62,Sedentary,Forest,Fruit,2,3,1.2218487496163564,Altitudinal,2,2,2,2100,Ayerbe,LC,3.499416369
Trogon viridis,Trogon viridis,16,8,25.2,15,10.1,11.7,14.2,146.1,50.6,95.6,34.6,158.4,89.69,Forest,Dense,Omnivore,Frugivore,Insessorial,-26.94,10.84,-4.75,-60.54,7907953.76,Sedentary,Forest,Fruit,3,6,0.7447274948966939,Sedentary,2,3,2.5,1400,Ayerbe,LC,3.770239404
Streptoprocne zonaris,Streptoprocne zonaris,5,4,14.4,7.7,5.3,4,22.4,212.5,139.6,73,65.7,67.2,86.79,Forest,Dense,Carnivore,Invertivore,Aerial,-51.75,23.88,-7.35,-64.9,8315095.89,Partial,Forest,Invertebrate,1,2,1.6989700043360187,Irregular,2,2,2,3500,Ayerbe,LC,3.986746634
Nyctidromus albicollis,Nyctidromus albicollis,26,8,16.2,7.2,5,3.5,22.1,150.9,53,95.6,35.8,136.2,57.84,Woodland,Semi_open,Carnivore,Invertivore,Insessorial,-31.43,27.65,-5.71,-60.92,13748689.24,Sedentary,Forest,Invertebrate,1,4,1.3979400086720377,Sedentary,1,2,1.5,2600,QJ,LC,3.603698927
Ramphastos tucanus,Ramphastos cuvieri,9,6,175.8,172.9,38.1,52.5,52.3,236.9,31.4,202.1,13.4,156.4,659.58,Forest,Dense,Herbivore,Frugivore,Insessorial,-18.41,6.01,-6.79,-65.07,5001340.98,Sedentary,Forest,Fruit,3,5,0.8239087409443188,Irregular,2,3,2.5,1300,QJ,LC,3.184400104
Pteroglossus castanotis,Pteroglossus castanotis,9,4,115.9,104.9,26.9,33.7,35,154.4,25.3,129,16.4,144.4,258.09,Forest,Dense,Herbivore,Frugivore,Insessorial,-27.78,6.59,-10.99,-62.3,5071451.43,Sedentary,Forest,Fruit,4,5,0.6989700043360189,Irregular,2,4,3,1500,Ayerbe,LC,5.258519065
Amazona amazonica,Amazona amazonica,9,4,37.1,29.6,18.4,29.1,21.4,202.2,56.9,144.8,28.2,99.2,370,Forest,Semi_open,Herbivore,Frugivore,Insessorial,-23.18,11.34,-5.01,-58.9,7377327.39,Sedentary,Forest,Fruit,2,7,0.853871964321762,Sedentary,2,5,3.5,1600,Ayerbe,LC,10.23394999
Tachornis squamata,Tachornis squamata,13,8,6.1,3,2.8,2.1,7.7,103.7,69.1,34.7,66.5,67.3,10.97,Woodland,Dense,Carnivore,Invertivore,Aerial,-22.2,11.39,-5.42,-59.4,9486321.14,Sedentary,Forest,Invertebrate,1,4,1.3979400086720377,Sedentary,2,4,3,1000,Ayerbe,LC,2.325878412
Progne chalybea,Progne chalybea,14,4,15.3,7.8,5.6,4.5,13.5,130.6,69.2,57.3,54.8,66.4,50,Shrubland,Semi_open,Carnivore,Invertivore,Aerial,-38.84,25.35,-9.09,-60.79,15629572.14,Sedentary,Non-forest,Invertebrate,1,7,1.1549019599857433,Migratory,2,4,3,1200,Ayerbe,LC,2.89781837
Eurypyga helias,Eurypyga helias,6,4,62.7,41,3,8.7,49,216.5,33.5,176.2,16,142.3,210,Wetland,Semi_open,Carnivore,Aquatic predator,Terrestrial,-19.4,16.73,-3.86,-62.85,8423208.45,Sedentary,Non-forest,Carnivore,3,3,1.045757490560675,Sedentary,2,3,2.5,800,Ayerbe,LC,5.084054302
Campephilus melanoleucos,Campephilus melanoleucos,14,6,45.6,34.5,12.2,12.5,32.8,184,40.7,144.8,21.9,119.4,256,Forest,Dense,Carnivore,Invertivore,Insessorial,-26.06,12.46,-5.87,-59.21,11099024.68,Sedentary,Forest,Invertebrate,2,5,1,Sedentary,2,3,2.5,2000,Multiple,LC,5.078178284
Mionectes oleagineus,Mionectes oleagineus,202,22,11.8,8.2,4.2,3.4,16,60.5,10.5,50.8,17.1,48.2,11.17,Forest,Dense,Herbivore,Frugivore,Insessorial,-22.99,21.4,-2.23,-64.38,8947569.12,Sedentary,Forest,Invertebrate,2,1,1.6989700043360187,Sedentary,2,3,2.5,1900,Multiple,LC,2.216676095
Dendrocincla fuliginosa,Dendrocincla fuliginosa,44,11,29.9,20,6.4,6.6,24.7,104.9,18.9,84.1,18.3,86.7,38.7,Forest,Dense,Carnivore,Invertivore,Insessorial,-17.42,15.75,-3.3,-62.98,8483632.64,Sedentary,Forest,Invertebrate,2,6,0.9208187539523752,Sedentary,1,3,2,1800,Multiple,LC,3.843211395
Buteo albonotatus,Buteo albonotatus,5,3,35.1,21.1,12.7,16.9,70.4,398,159.7,236.7,40.3,217,745.92,Forest,Dense,Carnivore,Vertivore,Aerial,-28.09,36.47,0.47,-69.62,7192504.19,Sedentary,Forest,Vertebrate,1,6,1.2218487496163564,Migratory,1,3,2,3100,Ayerbe,LC,6.688781903
Phaethornis hispidus,Phaethornis hispidus,9,8,34.4,27.8,2.6,2.5,4.4,54.1,32.3,21.9,59.7,56.4,5,Forest,Dense,Herbivore,Nectarivore,Aerial,-18.43,8.71,-5.41,-67.36,4008483.06,Sedentary,Forest,Nectar,2,5,1,Sedentary,2,2,2,1300,Ayerbe,LC,2.045296579
Falco femoralis,Falco femoralis,9,2,21.4,14.8,10.8,13.2,40.5,245.1,112.7,139.7,44.6,167.6,335.76,Grassland,Open,Carnivore,Vertivore,Aerial,-54.08,34.97,-16.37,-60.53,12113135.74,Partial,Non-forest,Vertebrate,2,4,1.0969100130080565,Irregular,2,4,3,2800,Ayerbe,LC,4.158521747
Amazona farinosa,Amazona farinosa,11,6,42.3,35.6,20.5,35.4,26.6,244.9,68.7,177.2,27.9,135,625.99,Forest,Dense,Herbivore,Omnivore,Insessorial,-25.28,12.46,-3.6,-63.4,6793599.57,Sedentary,Forest,Herbivore,3,3,1.045757490560675,Irregular,3,3,3,1700,Ayerbe,LC,13.33676293
Momotus momota,Momotus momota,8,4,42.5,29.4,9.7,12.6,28.4,142.3,26.4,115.8,18.6,253.9,114.96,Forest,Dense,Carnivore,Omnivore,Insessorial,-23.69,8.64,-6.18,-60.8,8096018.25,Sedentary,Forest,Invertebrate,2,5,1,Sedentary,3,5,4,1400,QJ,LC,3.697332211
Cantorchilus leucotis,Cantorchilus leucotis,15,5,18.8,12.4,3.5,3.8,22,62.1,7.6,54.8,12.2,48.1,19.44,Forest,Semi_open,Carnivore,Invertivore,Insessorial,-24.04,12.46,-4.75,-59.96,8709608.57,Sedentary,Forest,Invertebrate,1,5,1.3010299956639813,Sedentary,2,3,2.5,600,Multiple,LC,2.829224471
Brachygalba lugubris,Brachygalba lugubris,5,4,47.7,40,4.9,5.3,9.1,68.4,16.8,51.5,24.6,50,15.9,Forest,Semi_open,Carnivore,Invertivore,Insessorial,-21.42,8.17,-5.11,-58.52,4798770.73,Sedentary,Forest,Invertebrate,1,4,1.3979400086720377,Sedentary,2,4,3,1100,QJ,LC,2.578304733
Crypturellus soui,Crypturellus soui,18,5,24.2,8,4.2,3.9,36.4,127.5,32.9,96.4,25.4,47.9,216.16,Forest,Dense,Herbivore,Omnivore,Terrestrial,-22.54,19.13,-4.47,-60.51,11151222.76,Sedentary,Forest,Omnivore,3,4,0.9208187539523752,Sedentary,1,2,1.5,2100,Multiple,LC,5.081209652
Dacnis albiventris,Dacnis albiventris,7,4,11.7,6.5,3.6,3.1,13.1,58.9,15,43.5,25.6,36,11.2,Forest,Semi_open,Omnivore,Frugivore,Insessorial,-10.12,6.01,-1.14,-72.1,1044010.16,Sedentary,Forest,Omnivore,3,3,1.045757490560675,Sedentary,NA,NA,NA,600,Hilty,LC,2.224207448
Turdus leucomelas,Turdus leucomelas,27,4,22.2,13.4,5.1,6,32.4,111.6,24.8,85.8,22.4,92.1,69.1,Forest,Dense,Herbivore,Frugivore,Insessorial,-31.47,12.46,-9.57,-53.26,7690463.38,Sedentary,Forest,Fruit,2,5,1,Sedentary,2,4,3,1900,QJ,LC,3.354711217
Phaethornis augusti,Phaethornis augusti,5,4,35.4,29.2,2.2,2.2,5.1,57,35.9,21.1,62.9,78.6,6,Forest,Dense,Herbivore,Nectarivore,Aerial,2.3,11.15,7.4,-65.99,557848.62,Sedentary,Forest,Nectar,2,3,1.2218487496163564,Altitudinal,2,2,2,1300,Ayerbe,LC,2.166577933
Dendrocygna viduata,Dendrocygna viduata,11,2,48.1,30.7,15.7,14.1,47.9,214.3,58.6,151.6,28,67.1,689.99,Wetland,Open,Herbivore,Herbivore aquatic,Aquatic,-39.24,18.31,-6.68,-0.49,27415311.66,Partial,Non-forest,Omnivore,4,2,1.0969100130080565,Migratory,4,16,10,2700,QJ,LC,3.149514342
Geranospiza caerulescens,Geranospiza caerulescens,9,4,25.9,16.5,9.6,12.9,71.7,269.1,65.1,205.4,24.4,211.4,302.5,Woodland,Semi_open,Carnivore,Vertivore,Insessorial,-33.91,28.85,-6.64,-60.96,14333669.12,Sedentary,Forest,Vertebrate,3,8,0.619788758288394,Irregular,2,2,2,900,Multiple,LC,5.457137099
Rostrhamus sociabilis,Rostrhamus sociabilis,7,5,33.1,23.8,11.1,11.3,49.9,344.8,134.8,206.7,39.1,169.3,366.94,Wetland,Semi_open,Carnivore,Aquatic predator,Insessorial,-37.65,29.74,-10.02,-58.23,11603405.03,Partial,Non-forest,Invertebrate,1,2,1.6989700043360187,Irregular,2,3,2.5,2700,QJ,LC,6.950263444
Heliomaster longirostris,Heliomaster longirostris,16,8,35,29,2.7,2.7,4.4,58.4,37,19.7,65.3,30.7,6.6,Forest,Dense,Herbivore,Nectarivore,Aerial,-17.07,18.73,-2.32,-64.89,8290213.63,Sedentary,Forest,Nectar,2,4,1.0969100130080565,Irregular,2,2,2,1500,Multiple,LC,2.211749388
Daptrius ater,Daptrius ater,8,6,33.1,21.1,12,15,48.3,310.7,98.5,215.2,31.4,199.4,351.75,Forest,Semi_open,Carnivore,Omnivore,Terrestrial,-17.58,10.26,-4.01,-62.86,6702133.37,Partial,Forest,Carnivore,5,4,0.6989700043360189,Sedentary,2,3,2.5,900,QJ,LC,5.332419972
Thryophilus rufalbus,Thryophilus rufalbus,11,5,19.6,12.2,3.3,4.4,22.8,69.1,8.5,62.3,12,51.8,24.87,Forest,Dense,Carnivore,Invertivore,Insessorial,2.47,16.4,8.75,-73.46,821636.36,Sedentary,Forest,Invertebrate,2,4,1.0969100130080565,Altitudinal,2,4,3,1600,Ayerbe,LC,2.681013332
Opisthocomus hoazin,Opisthocomus hoazin,6,4,32.6,15.7,10.2,13.7,51.3,322,47.7,275.3,14.8,290.7,696,Riverine,Semi_open,Herbivore,Herbivore terrestrial,Insessorial,-18.23,10.49,-3.65,-61.99,7559878.74,Sedentary,Forest,Plant,2,4,1.0969100130080565,Irregular,1,3,2,700,QJ,LC,6.232173582
Capito auratus,Capito auratus,10,4,26.2,16,7,10.4,22.6,84.3,15.5,68.9,18.4,54,57.37,Forest,Dense,Herbivore,Frugivore,Insessorial,-16.71,7.91,-3.43,-68.98,3118574.61,Sedentary,Forest,Fruit,2,4,1.0969100130080565,Sedentary,3,4,3.5,1700,Ayerbe,LC,3.573726884
Tityra cayana,Tityra cayana,17,9,28.4,19.9,11.5,10.7,25,117.2,30.6,86.9,26.1,72.2,68.1,Forest,Semi_open,Herbivore,Frugivore,Insessorial,-14.3,12.2,-0.59,-65.59,5115788.26,Sedentary,Forest,Fruit,2,5,1,Sedentary,2,3,2.5,1300,Hilty,LC,3.19942945
Schistochlamys melanopis,Schistochlamys melanopis,14,4,16.8,10.2,6.6,8.4,22.9,83.9,12.4,71.4,14.7,79.8,33,Shrubland,Semi_open,Herbivore,Omnivore,Insessorial,-24.45,11.76,-7.33,-57.35,6472149.56,Partial,Non-forest,Omnivore,3,4,0.9208187539523752,Irregular,2,3,2.5,1700,Multiple,LC,3.335325219
Myiarchus ferox,Myiarchus ferox,24,4,21.7,14.4,7.7,5.8,21.8,85.8,12.2,73.4,14.2,86.9,27.5,Forest,Semi_open,Omnivore,Invertivore,Insessorial,-30.33,10.41,-8.38,-57.25,11854121.16,Sedentary,Forest,Invertebrate,2,5,1,Sedentary,2,3,2.5,1100,Ayerbe,LC,4.038552118
Legatus leucophaius,Legatus leucophaius,16,6,13,8.3,6.3,4.6,15.1,78.5,20.1,59.2,25.5,55.2,22.2,Forest,Dense,Herbivore,Frugivore,Insessorial,-29.7,21.59,-6.02,-61.43,11371457.31,Sedentary,Forest,Fruit,2,4,1.0969100130080565,Irregular,2,4,3,1700,Ayerbe,LC,2.453151866
Amazona mercenarius,Amazona mercenarius,11,6,32.6,27,15.3,26.1,20.8,214,69.3,144.8,32.4,100.8,340,Forest,Dense,Herbivore,Frugivore,Insessorial,-17.95,11.04,-3.41,-74.07,432626.42,Sedentary,Forest,Herbivore,3,1,1.5228787452803376,Altitudinal,NA,NA,NA,2100,Freeman,LC,13.77769869
Mecocerculus minor,Mecocerculus minor,4,4,11.1,5.7,2.9,2.7,17,57.5,10.7,46.9,18.5,51,11,Forest,Dense,Carnivore,Invertivore,Insessorial,-10.18,7.6,-3.2,-77.09,62120.59,Sedentary,Forest,Invertebrate,2,2,1.3979400086720377,Sedentary,NA,NA,NA,1700,Ayerbe,LC,2.398220619
Cercomacroides tyrannina,Cercomacroides tyrannina,39,10,18.2,10.6,4.9,4.5,22.4,62.7,5.6,56,9.3,60.4,16.3,Forest,Dense,Carnivore,Invertivore,Insessorial,-4.02,18.52,4.18,-66.68,3170819.2,Sedentary,Forest,Invertebrate,1,4,1.3979400086720377,Sedentary,2,2,2,2000,Multiple,LC,3.214232959
Elaenia frantzii,Elaenia frantzii,22,7,12.6,7,4.4,3.6,16.6,74.6,15,62.5,19.3,65.4,19.6,Forest,Open,Herbivore,Frugivore,Insessorial,0.94,15.47,8.08,-77.18,259467.27,Sedentary,Forest,Fruit,2,4,1.0969100130080565,Altitudinal,2,2,2,3250,Freeman,LC,3.067234646
Buteogallus urubitinga,Buteogallus urubitinga,9,6,46,29.2,14.6,21.9,118.4,399.7,87.3,309.4,22,255.6,1152.87,Woodland,Semi_open,Carnivore,Vertivore,Insessorial,-35.14,28.11,-7.52,-61.52,13126253.65,Sedentary,Forest,Vertebrate,1,3,1.5228787452803376,Irregular,1,2,1.5,1000,Ayerbe,LC,7.104516818
Nyctibius griseus,Nyctibius griseus,9,4,28.6,11.9,5.1,6.3,10.4,256.4,111,143,43.8,181.8,172.04,Forest,Dense,Carnivore,Invertivore,Insessorial,-33.43,13.96,-9.17,-58.43,13806169.86,Sedentary,Forest,Invertebrate,1,4,1.3979400086720377,Sedentary,1,1,1,2200,Multiple,LC,5.220992114
Megascops choliba,Megascops choliba,22,4,21.8,12.1,7,11.7,30,162.8,33.6,124.5,21,91.3,132,Human Modified,Semi_open,Carnivore,Invertivore,Insessorial,-34.98,12.46,-9.8,-57.67,13065137.78,Sedentary,Non-forest,Invertebrate,2,3,1.2218487496163564,Sedentary,1,4,2.5,2900,Ayerbe,LC,3.421574252
Sporophila lineola,Sporophila lineola,7,4,8.7,5.8,4.6,5.8,14.2,57.9,10.1,47.9,17.4,47.6,9.8,Shrubland,Open,Herbivore,Granivore,Generalist,-29.58,-2.37,-16.63,-49.25,2753229.63,Long_distance,Non-forest,Seed,1,3,1.5228787452803376,Migratory,2,3,2.5,NA,Ayerbe,LC,2.089059491
Chloroceryle amazona,Chloroceryle amazona,6,4,69.4,57.6,11.6,15.3,12.6,130.5,39.9,93.4,29.9,76.8,126.38,Riverine,Open,Carnivore,Aquatic predator,Insessorial,-34.98,24.02,-8.36,-59.89,14157184.63,Sedentary,Forest,Carnivore,2,4,1.0969100130080565,Sedentary,3,4,3.5,1200,Ayerbe,LC,4.21921206
Tersina viridis,Tersina viridis,17,4,14.5,7.6,6.1,5.2,16.1,85.4,25.1,61.1,29.1,53.6,29,Forest,Semi_open,Herbivore,Frugivore,Insessorial,-29.29,11.53,-9.83,-59.81,8757523.61,Sedentary,Forest,Fruit,2,4,1.0969100130080565,Migratory,3,4,3.5,2000,Multiple,LC,2.626483235
Leptopogon amaurocephalus,Leptopogon amaurocephalus,38,7,13.8,8.9,3.8,4,14.5,62.7,11.7,50.9,18.7,55.3,11.7,Forest,Dense,Carnivore,Invertivore,Insessorial,-29.94,19.14,-10.23,-58.6,8060136.76,Sedentary,Forest,Invertebrate,2,3,1.2218487496163564,Sedentary,2,3,2.5,900,Ayerbe,LC,2.481155536
Chaetura brachyura,Chaetura brachyura,11,8,8.1,3.4,2.6,2.1,11.4,118.5,80.7,38.8,67.5,29.4,18.3,Human Modified,Dense,Carnivore,Invertivore,Aerial,-19.02,13.38,-3.04,-64.08,7468188.25,Sedentary,Non-forest,Invertebrate,1,5,1.3010299956639813,Irregular,2,7,4.5,1300,QJ,LC,2.33629927
Hylophilus flavipes,Hylophilus flavipes,7,0,13.3,7.9,4.1,4.5,19.8,57.3,6.5,50.6,11.3,44,11.66,Shrubland,Semi_open,Carnivore,Invertivore,Insessorial,1.87,12.46,8.18,-69.62,798172.55,Sedentary,Non-forest,Invertebrate,3,6,0.7447274948966939,Sedentary,2,3,2.5,1600,Multiple,LC,2.534393376
Galbula tombacea,Galbula tombacea,5,4,47.2,40.9,5,6.1,11.7,77,11.6,64.9,15.2,86,23.18,Forest,Dense,Carnivore,Invertivore,Insessorial,-5.9,4.68,-1.41,-68.85,969424.78,Sedentary,Forest,Invertebrate,1,3,1.5228787452803376,Sedentary,2,2,2,1300,Ayerbe,LC,2.616178807
Thamnophilus amazonicus,Thamnophilus amazonicus,13,8,19.9,11.2,5.2,5.8,20.1,69.7,7.4,63.6,10.4,59.2,18.68,Forest,Dense,Carnivore,Invertivore,Insessorial,-16.05,7.11,-4.65,-60.79,6192801.73,Sedentary,Forest,Invertebrate,1,5,1.3010299956639813,Sedentary,2,2,2,500,QJ,LC,3.210914364
Phaethornis griseogularis,Phaethornis griseogularis,8,4,23.9,19.2,1.6,1.6,3.6,34.3,23.2,11.1,67.7,34.2,2.3,Forest,Dense,Herbivore,Nectarivore,Aerial,-6.37,10.41,2.24,-69.96,363135.55,Sedentary,Forest,Nectar,2,4,1.0969100130080565,Sedentary,2,2,2,1800,Ayerbe,LC,1.67952034
Crypturellus undulatus,Crypturellus undulatus,7,4,34,12.4,6,5.8,48,172.5,35,137.8,20.3,56.6,564.42,Forest,Dense,Herbivore,Omnivore,Terrestrial,-27.8,8.4,-8.43,-59.56,8533511.59,Sedentary,Forest,Omnivore,3,5,0.8239087409443188,Irregular,4,5,4.5,1300,QJ,LC,4.771455533
Pachyramphus polychopterus,Pachyramphus polychopterus,45,12,14.9,10.4,7,5.7,18.7,72,16.4,58.5,21.8,55.7,20.8,Forest,Semi_open,Omnivore,Invertivore,Insessorial,-35.01,16.68,-9.65,-58.37,13935213.9,Sedentary,Forest,Invertebrate,2,5,1,Sedentary,2,4,3,2300,Multiple,LC,2.746301306
Turdus nudigenis,Turdus nudigenis,12,4,23.1,13.2,5,6.2,30.9,113.4,22.3,90.8,19.7,91.2,63.89,Woodland,Semi_open,Omnivore,Invertivore,Insessorial,-4.69,14.88,4.79,-61.2,1554169.64,Sedentary,Forest,Fruit,2,6,0.9208187539523752,Sedentary,3,4,3.5,1700,Ayerbe,LC,3.561257524
Glaucis hirsutus,Glaucis hirsutus,24,6,33.1,28.6,3.2,3.5,4.1,58.8,34.8,23.4,59.8,39.1,6.76,Forest,Dense,Herbivore,Nectarivore,Aerial,-24.03,12.23,-4.08,-62.8,7820159.95,Sedentary,Forest,Nectar,2,6,0.9208187539523752,Sedentary,2,2,2,1300,Ayerbe,LC,2.223206629
Eucometis penicillata,Eucometis penicillata,13,6,18,11.6,6.4,6.9,20.4,88.7,16.3,73.2,18.2,76.8,27,Forest,Dense,Carnivore,Invertivore,Insessorial,-24.57,21.4,-5.93,-63.49,5712449.56,Sedentary,Forest,Invertebrate,2,6,0.9208187539523752,Sedentary,1,3,2,1800,Multiple,LC,3.268187507
Ammodramus humeralis,Ammodramus humeralis,12,4,12.6,8.1,4.5,6.3,18.7,56.4,2.4,53.9,4.3,45.6,15.99,Grassland,Open,Herbivore,Granivore,Terrestrial,-41.17,12.46,-16.41,-54.84,9115374.38,Sedentary,Non-forest,Seed,2,4,1.0969100130080565,Sedentary,3,4,3.5,1000,Ayerbe,LC,2.183637
Penelope jacquacu,Penelope jacquacu,8,4,38.4,14.8,8.8,10.4,79.7,296.4,30.3,268.4,10.3,322.4,1487.9,Forest,Dense,Herbivore,Frugivore,Insessorial,-18.28,8.63,-4.44,-66.36,5007343.09,Sedentary,Forest,Fruit,2,3,1.2218487496163564,Sedentary,2,3,2.5,500,Ayerbe,LC,7.440677483
Arundinicola leucocephala,Arundinicola leucocephala,5,4,17,11.5,5.8,5,16.9,60.1,8.1,52.1,13.3,46.9,13.8,Wetland,Open,Carnivore,Invertivore,Insessorial,-31.39,12.46,-8.67,-54.62,9087776.96,Sedentary,Non-forest,Invertebrate,1,2,1.6989700043360187,Irregular,2,4,3,800,Multiple,LC,2.432625991
Cercomacroides parkeri,Cercomacroides parkeri,10,6,17.8,10.5,4.5,4.4,22.8,63.2,6.4,58,10.1,65.2,17.2,Forest,Dense,Carnivore,Invertivore,Insessorial,3.2,8.33,5.42,-75.19,60670.31,Sedentary,Forest,Invertebrate,1,1,2,Sedentary,NA,NA,NA,1070,Multiple,LC,2.892388115
Ardea cocoi,Ardea cocoi,9,4,146.9,120.1,18.7,28.2,186.4,466.3,147.5,316.5,31.8,178.3,1752.44,Wetland,Open,Carnivore,Aquatic predator,Terrestrial,-47.49,12.17,-12.35,-58.55,14742289.16,Sedentary,Non-forest,Fish,3,4,0.9208187539523752,Migratory,2,5,3.5,1500,Ayerbe,LC,6.402787337
Platalea ajaja,Platalea ajaja,9,2,159.8,126.6,27.6,17.1,97.7,349,119.3,235.9,33.6,93.6,1490,Wetland,Open,Carnivore,Aquatic predator,Terrestrial,-40.09,30.37,-13.91,-60.03,7917712.48,Partial,Non-forest,Fish,2,4,1.0969100130080565,Migratory,1,7,4,1100,Ayerbe,LC,7.852077571
Geranoaetus albicaudatus,Geranoaetus albicaudatus,4,4,37.4,22.3,13.8,16.4,87.3,427,148.1,279,34.8,199,885,Grassland,Open,Carnivore,Vertivore,Generalist,-40.32,29.69,-11.82,-58.97,9466789.11,Sedentary,Non-forest,Vertebrate,2,3,1.2218487496163564,Irregular,1,4,2.5,2600,Multiple,LC,6.56131443
Eudocimus ruber,Eudocimus ruber,5,4,144.9,118.8,11.9,16.6,82.2,260.4,94.3,159.9,37.1,87,660.08,Wetland,Open,Carnivore,Aquatic predator,Terrestrial,-27.8,12.49,2.95,-60.24,816290.78,Partial,Non-forest,Invertebrate,3,4,0.9208187539523752,Irregular,1,3,2,500,Ayerbe,LC,8.073872817
Ochthornis littoralis,Ochthornis littoralis,5,4,14.5,8.2,4.6,3.2,17.2,70.2,12.3,57.5,17.6,54.6,13.4,Riverine,Open,Carnivore,Invertivore,Insessorial,-17.65,7.54,-3.78,-65.95,4562555.95,Sedentary,Forest,Invertebrate,1,1,2,Sedentary,3,4,3.5,700,Ayerbe,LC,2.294226826
Circus buffoni,Circus buffoni,4,4,41.4,20.9,12.7,16.6,85.3,436,210,226,48.2,265,507.4,Grassland,Open,Carnivore,Vertivore,Aerial,-41.17,10.7,-22.38,-55.29,4327364.53,Partial,Non-forest,Vertebrate,1,4,1.3979400086720377,Migratory,2,4,3,1100,Ayerbe,LC,5.740005863
Aramus guarauna,Aramus guarauna,8,3,130.4,84.9,8.8,13.4,84.6,241.2,24.4,196.6,11.1,225.8,1080,Wetland,Open,Carnivore,Aquatic predator,Terrestrial,-39.32,31.24,-10.49,-58.48,12182050.36,Sedentary,Non-forest,Invertebrate,2,5,1,Irregular,3,8,5.5,1600,Ayerbe,LC,3.850647088
Sicalis luteola,Sicalis luteola,21,4,9.3,7,4.6,6.2,14.7,67,14.1,52.7,21.1,45.4,15.9,Grassland,Open,Herbivore,Granivore,Terrestrial,-44.44,19.17,-23.92,-64.24,2746259.59,Partial,Non-forest,Seed,2,4,1.0969100130080565,Migratory,2,5,3.5,3800,Multiple,LC,2.096774744
Ammodramus aurifrons,Ammodramus aurifrons,9,4,14,8.6,4.2,5.4,21.7,58.3,5.7,52.5,9.7,47,17.8,Shrubland,Open,Herbivore,Granivore,Terrestrial,-17.92,10.18,-3.98,-66.53,3867543.93,Sedentary,Non-forest,Seed,2,4,1.0969100130080565,Sedentary,2,3,2.5,1800,Ayerbe,LC,2.307261799
Mycteria americana,Mycteria americana,5,4,224.5,187.7,34.6,44.7,191,455.9,165.1,281.8,37,190.8,2554.47,Wetland,Open,Carnivore,Aquatic predator,Terrestrial,-37.08,33.1,-8.15,-60.1,14553444.64,Partial,Non-forest,Fish,3,4,0.9208187539523752,Irregular,2,5,3.5,2200,QJ,LC,8.840286446
Ramphastos sulfuratus,Ramphastos sulfuratus,19,8,129.2,132.3,33.7,45.8,48.7,200.4,29.6,170.3,14.8,163.1,409.69,Forest,Dense,Omnivore,Frugivore,Insessorial,6.94,21.79,14.77,-86.17,679911.57,Sedentary,Forest,Fruit,3,5,0.8239087409443188,Sedentary,1,4,2.5,1600,Hilty,NT,5.457539994
Synallaxis candei,Synallaxis candei,6,2,13.6,9.6,3.3,4,21.2,58.4,6.8,51.6,11.5,68.8,15.3,Woodland,Semi_open,Carnivore,Invertivore,Terrestrial,7.88,12.46,10.35,-72.47,156033.91,Sedentary,Forest,Invertebrate,1,4,1.3979400086720377,Sedentary,2,4,3,500,Ayerbe,LC,2.355425722
Picumnus cinnamomeus,Picumnus cinnamomeus,7,3,12.3,10.4,3.2,4.6,13.9,55.6,8.2,47.4,14.8,27.2,11.32,Woodland,Semi_open,Carnivore,Invertivore,Insessorial,7.63,12.46,9.95,-73.56,130928.2,Sedentary,Forest,Invertebrate,1,6,1.2218487496163564,Sedentary,NA,NA,NA,300,Ayerbe,LC,2.372496947
Chlorostilbon gibsoni,Chlorostilbon gibsoni,15,4,19.2,13.6,1.9,1.5,5,49.4,31.2,15.5,66.9,28.1,2.61,Woodland,Semi_open,Herbivore,Nectarivore,Aerial,1.71,12.46,8.72,-73.01,309533.13,Partial,Forest,Nectar,2,3,1.2218487496163564,Irregular,2,2,2,2400,Multiple,LC,1.778672871
Crypturellus erythropus,Crypturellus erythropus,5,4,29,10.7,4.9,4.4,47,158.2,48.1,110.6,30.1,48.4,485,Shrubland,Semi_open,Herbivore,Omnivore,Terrestrial,-1.46,11.65,5.09,-62.6,1242529.51,Sedentary,Non-forest,Omnivore,3,4,0.9208187539523752,Sedentary,3,3,3,1000,Ayerbe,LC,5.828200564
Claravis pretiosa,Claravis pretiosa,13,8,16.6,9.8,3.2,3.6,16.3,110.8,29.5,81.4,26.7,76.1,68.2,Forest,Dense,Herbivore,Granivore,Generalist,-28.02,23.8,-6.4,-59.59,12977823.95,Partial,Forest,Seed,2,3,1.2218487496163564,Sedentary,2,2,2,1900,QJ,LC,3.569853922
Inezia caudata,Inezia caudata,5,5,10,6.4,3.6,3.1,16.8,48.5,5.1,43.4,10.5,49.5,7.5,Forest,Dense,Carnivore,Invertivore,Insessorial,3.01,12.46,8.35,-65.62,597282.08,Sedentary,Forest,Invertebrate,1,5,1.3010299956639813,Sedentary,NA,NA,NA,600,QJ,LC,2.203048422
Tachycineta albiventer,Tachycineta albiventer,8,4,12.7,6.4,5,3,11,100.7,51.4,49.3,50.9,45.2,17.7,Riverine,Open,Carnivore,Invertivore,Aerial,-30.16,12.46,-7.55,-57.42,11742614.01,Sedentary,Forest,Invertebrate,1,4,1.3979400086720377,Sedentary,3,6,4.5,1100,Ayerbe,LC,2.312072416
Thamnophilus melanonotus,Thamnophilus melanonotus,6,5,21,12.3,5,6.6,24.8,75.9,6.6,69.8,8.7,62.8,25.5,Woodland,Dense,Carnivore,Invertivore,Insessorial,7.29,12.46,10.53,-72.1,113947.78,Sedentary,Forest,Invertebrate,1,3,1.5228787452803376,Sedentary,2,2,2,1100,Ayerbe,LC,3.530090377
Coccycua minuta,Coccycua minuta,10,8,23.5,14.2,5.4,6.5,24.7,105.9,15.4,90,14.6,147.9,39.3,Forest,Dense,Carnivore,Invertivore,Insessorial,-20.89,11.98,-4.4,-62.28,8754206.58,Sedentary,Forest,Invertebrate,1,5,1.3010299956639813,Sedentary,2,2,2,1600,Multiple,LC,3.502935475
Thamnophilus atrinucha,Thamnophilus atrinucha,59,7,19.4,12.8,5.4,6.4,21.8,67.9,6.4,62.1,9.2,56.1,23.6,Forest,Dense,Carnivore,Invertivore,Insessorial,-4.09,16.62,8.29,-78.19,583507.07,Sedentary,Forest,Invertebrate,2,2,1.3979400086720377,Sedentary,2,2,2,1600,Ayerbe,LC,3.483386576
Sarcoramphus papa,Sarcoramphus papa,6,4,61.9,46,22.8,30.6,89.9,508.2,191.6,317.6,37.6,239,3400,Forest,Open,Scavenger,Scavenger,Terrestrial,-34.91,21.62,-8.32,-59.62,14260256.21,Sedentary,Forest,Scavenger,1,4,1.3979400086720377,Sedentary,1,2,1.5,1600,QJ,LC,12.44872218
Euphonia trinitatis,Euphonia trinitatis,11,10,9.9,5.4,4,3.9,13.8,54.4,13,41.7,23.8,31.9,11,Woodland,Semi_open,Herbivore,Frugivore,Insessorial,4.67,12.2,8.74,-67.57,610172.65,Sedentary,Forest,Fruit,2,5,1,Sedentary,3,4,3.5,1200,Ayerbe,LC,2.38293539
Phaethornis anthophilus,Phaethornis anthophilus,10,4,36.4,31,2.3,2.3,4.7,57.2,33.9,23.3,59.3,62.9,5.9,Forest,Dense,Herbivore,Nectarivore,Aerial,1.76,12.49,8.58,-72.23,413680.8,Sedentary,Forest,Nectar,2,4,1.0969100130080565,Sedentary,2,2,2,1500,Ayerbe,LC,2.158681777
Ara macao,Ara macao,12,8,67.2,64.1,31.8,63.5,31.6,393.7,127.5,263.7,32.7,554.5,1015,Forest,Semi_open,Herbivore,Omnivore,Insessorial,-18.13,17.43,-2.86,-63.9,6755480.57,Sedentary,Forest,Seed,4,4,0.7958800173440752,Irregular,1,4,2.5,700,Multiple,LC,11.36521811
Chrysolampis mosquitus,Chrysolampis mosquitus,15,6,20.3,13.4,1.8,1.7,3.6,53.9,36.5,17.1,68,32,3.9,Forest,Semi_open,Herbivore,Nectarivore,Aerial,-23.41,12.6,-6.06,-53.18,7397775.67,Long_distance,Forest,Nectar,2,4,1.0969100130080565,Migratory,2,2,2,1800,Hilty,LC,1.838620899
Oncostoma olivaceum,Oncostoma olivaceum,5,4,14.1,7.3,4.1,3.6,15.5,45,6,39.8,13,32.6,6.6,Forest,Dense,Carnivore,Invertivore,Insessorial,5.28,11.36,8.38,-75.43,226322.4,Sedentary,Forest,Invertebrate,2,3,1.2218487496163564,Sedentary,2,2,2,1000,Ayerbe,LC,2.340156216
Chalybura buffonii,Chalybura buffonii,28,4,26.7,20.8,2.5,2.6,4.4,63.9,43.2,22.3,66,40.7,6.79,Forest,Dense,Herbivore,Nectarivore,Aerial,1.46,12.46,8.2,-73.48,503108.33,Sedentary,Forest,Nectar,2,2,1.3979400086720377,Sedentary,2,2,2,2000,Ayerbe,LC,2.162358742
Henicorhina leucophrys,Henicorhina leucophrys,80,15,16.8,9.9,3.2,3.4,24.1,53.6,4.5,48.5,8.5,29.8,16.19,Forest,Dense,Carnivore,Invertivore,Generalist,-18.01,22.37,4.49,-81.05,722586.81,Sedentary,Forest,Invertebrate,1,5,1.3010299956639813,Altitudinal,2,2,2,1900,Ayerbe,LC,2.876530371
Attila spadiceus,Attila spadiceus,27,9,22.3,15.8,7.3,6.5,24.9,85.6,12.3,70.9,14.8,67.8,39.1,Forest,Dense,Carnivore,Invertivore,Insessorial,-23.01,27.05,-1.44,-65.43,8099963.72,Sedentary,Forest,Invertebrate,4,5,0.6989700043360189,Sedentary,2,4,3,2100,Multiple,LC,3.261619489
Tityra semifasciata,Tityra semifasciata,28,4,28,18.2,10.4,10.7,25.6,120.5,30.7,93.4,24.8,71.7,79.3,Forest,Dense,Herbivore,Frugivore,Insessorial,-26.55,27.43,-4.18,-66.82,6821138.58,Sedentary,Forest,Fruit,3,4,0.9208187539523752,Sedentary,2,3,2.5,1700,Ayerbe,LC,3.699468111
Cyclarhis gujanensis,Cyclarhis gujanensis,69,4,18,11.1,5.8,9.2,22.8,76.2,11.2,64.9,14.8,64.1,28.8,Forest,Semi_open,Carnivore,Invertivore,Insessorial,-35.49,23.65,-10.18,-58.3,13485715.12,Sedentary,Forest,Invertebrate,3,4,0.9208187539523752,Irregular,2,3,2.5,2600,Ayerbe,LC,3.141201738
Myiarchus panamensis,Myiarchus panamensis,7,6,21.6,14.6,7.7,6.4,23,90.4,15.5,74.7,17.2,88.6,31.7,Woodland,Semi_open,Omnivore,Invertivore,Insessorial,0.97,11.39,8.02,-75.54,370862.95,Sedentary,Forest,Invertebrate,2,4,1.0969100130080565,Altitudinal,2,3,2.5,900,Ayerbe,LC,4.251732417
Coccyzus lansbergi,Coccyzus lansbergi,4,4,24.8,15.3,6,7.9,26.9,114.8,29,85.8,25.2,137.2,50.3,Woodland,Semi_open,Carnivore,Invertivore,Insessorial,-4.55,12.46,6.96,-74.26,326111.2,Long_distance,Forest,Invertebrate,1,3,1.5228787452803376,Migratory,2,5,3.5,1100,Ayerbe,LC,2.627833854
Nemosia pileata,Nemosia pileata,18,4,13.9,9,4.3,5.2,17.2,68.4,13.8,54.8,20.2,47.4,16,Forest,Semi_open,Carnivore,Invertivore,Insessorial,-27.81,12.46,-9.69,-55.17,8991826.24,Sedentary,Forest,Invertebrate,2,6,0.9208187539523752,Sedentary,2,2,2,600,QJ,LC,2.870116565
Icterus mesomelas,Icterus mesomelas,8,4,25.9,16.3,5.8,8.1,29.4,96.2,14.1,82.2,14.6,104.5,39.9,Woodland,Semi_open,Omnivore,Invertivore,Insessorial,-9.21,21.91,11.07,-82.84,995703.98,Sedentary,Forest,Invertebrate,3,5,0.8239087409443188,Sedentary,3,3,3,1600,Hilty,LC,4.098724318
Tigrisoma lineatum,Tigrisoma lineatum,7,4,109.4,81.8,12.4,20.4,98.8,306.7,50.4,253.2,16.8,135.1,812.99,Wetland,Semi_open,Carnivore,Aquatic predator,Terrestrial,-36.04,15.16,-9.3,-57.78,13239678.28,Sedentary,Non-forest,Fish,3,3,1.045757490560675,Sedentary,1,3,2,500,Ayerbe,LC,6.532257883
Chloroceryle aenea,Chloroceryle aenea,8,5,31,24,5,6.5,7.9,55.9,13.6,42.4,24.2,34,13.75,Riverine,Semi_open,Carnivore,Aquatic predator,Insessorial,-26.19,21.62,-3.66,-63.82,9332280.13,Sedentary,Forest,Carnivore,3,5,0.8239087409443188,Sedentary,3,4,3.5,600,Ayerbe,LC,2.43010889
Campylorhynchus zonatus,Campylorhynchus zonatus,5,4,24,14.4,3.9,4.6,25.1,78.4,9.7,67.3,12.6,82,34.6,Forest,Dense,Carnivore,Invertivore,Insessorial,-0.91,21.15,13.05,-85.8,552668.86,Sedentary,Forest,Invertebrate,1,2,1.6989700043360187,Sedentary,3,5,4,1800,Ayerbe,LC,2.497842179
Icterus auricapillus,Icterus auricapillus,5,4,20.9,13,4.4,5.7,21.6,92,19.3,70.9,21.4,90.2,32.2,Woodland,Semi_open,Omnivore,Omnivore,Insessorial,3.36,11.7,8.49,-72.09,405614.96,Sedentary,Forest,Omnivore,3,3,1.045757490560675,Sedentary,2,2,2,1200,Multiple,LC,3.026823167
Micrastur semitorquatus,Micrastur semitorquatus,11,4,32,18.7,10.8,18.7,82.7,267.7,53.4,220.8,19.4,279.8,621.68,Forest,Dense,Carnivore,Vertivore,Generalist,-29.77,24.22,-6.85,-59.77,13182553.54,Sedentary,Forest,Vertebrate,1,2,1.6989700043360187,Sedentary,2,3,2.5,2500,Multiple,LC,7.537974273
Campylorhamphus trochilirostris,Campylorhamphus trochilirostris,42,10,60.7,56,4.4,5.5,21.5,98.5,14.9,84.6,15.1,91.9,40.8,Forest,Dense,Carnivore,Invertivore,Insessorial,-30.72,12.46,-10.07,-58.92,7392722.43,Sedentary,Forest,Invertebrate,2,5,1,Sedentary,1,3,2,1200,Multiple,LC,3.39768197
Icterus icterus,Icterus icterus,8,4,30.6,23.5,6.4,8.5,30,112.6,18.1,94.5,16.1,98.1,60.88,Forest,Semi_open,Omnivore,Omnivore,Insessorial,5.75,12.63,9,-67.61,432348.96,Sedentary,Forest,Herbivore,4,4,0.7958800173440752,Sedentary,2,3,2.5,600,Ayerbe,LC,3.737323168
Thamnophilus doliatus,Thamnophilus doliatus,42,4,19.2,11.9,5.6,6.6,26.4,71.2,6.6,67.1,9,62.9,27.03,Woodland,Semi_open,Carnivore,Invertivore,Generalist,-27.52,23.8,-6.53,-59.31,10725968.4,Sedentary,Forest,Invertebrate,5,5,0.6020599913279624,Sedentary,2,3,2.5,1500,Ayerbe,LC,3.565357105
Pheugopedius mystacalis,Pheugopedius mystacalis,6,4,19.6,11.7,4,4.7,24.3,64.5,5.8,58.6,9.1,59.3,29,Forest,Dense,Carnivore,Invertivore,Insessorial,-3.92,10.8,4.39,-75.05,271375.88,Sedentary,Forest,Invertebrate,1,3,1.5228787452803376,Sedentary,NA,NA,NA,1500,Freeman,LC,2.495412214
Inezia tenuirostris,Inezia tenuirostris,4,4,10,5.8,2.8,2.6,15,43.2,5.5,37.7,12.8,38.9,5,Woodland,Semi_open,Carnivore,Invertivore,Insessorial,10.22,12.46,11.14,-71.22,59966.6,Sedentary,Forest,Invertebrate,2,4,1.0969100130080565,Sedentary,NA,NA,NA,900,Ayerbe,LC,1.947474958
Pulsatrix perspicillata,Pulsatrix perspicillata,5,4,47.9,25.2,12.6,22.5,55.1,339.3,95.1,243,28.1,202.6,983.55,Forest,Dense,Carnivore,Vertivore,Insessorial,-30.27,19.04,-6.68,-58.95,12679502.98,Sedentary,Forest,Vertebrate,2,4,1.0969100130080565,Sedentary,2,2,2,1400,Multiple,LC,8.08103472
Rhodinocichla rosea,Rhodinocichla rosea,6,4,23.1,13.7,4.4,5.8,26.2,81.2,7.2,71.5,9.1,78.8,48,Shrubland,Dense,Herbivore,Omnivore,Insessorial,4.27,23.43,13.47,-85.96,163331.81,Sedentary,Non-forest,Invertebrate,2,4,1.0969100130080565,Sedentary,2,3,2.5,1800,Ayerbe,LC,3.664406321
Malacoptila mystacalis,Malacoptila mystacalis,12,4,32.4,23.4,9.6,10,17.2,90.7,18.2,70.6,20.5,73.4,49,Forest,Dense,Carnivore,Invertivore,Insessorial,1.26,11.24,6.72,-74.14,94080.96,Sedentary,Forest,Invertebrate,1,2,1.6989700043360187,Sedentary,NA,NA,NA,1400,Freeman,LC,3.351790082
Sclerurus albigularis,Sclerurus albigularis,7,1,22.9,15.9,4,4.8,21.3,85.9,15.5,72.7,17.5,63.5,34.8,Forest,Dense,Carnivore,Invertivore,Terrestrial,-18.89,11.35,-6.68,-70.25,522646.45,Sedentary,Forest,Invertebrate,2,1,1.6989700043360187,Sedentary,2,2,2,2350,Ayerbe,NT,2.941485266
Xiphocolaptes promeropirhynchus,Xiphocolaptes promeropirhynchus,31,8,50.6,37.9,8.3,10.5,32.2,135.3,20.8,113.8,15.4,122.6,93.04,Forest,Dense,Carnivore,Invertivore,Insessorial,-18.47,21.56,-3.3,-67,4853651.84,Sedentary,Forest,Invertebrate,2,2,1.3979400086720377,Altitudinal,2,3,2.5,3800,Ayerbe,LC,4.016429747
Vireo leucophrys,Vireo leucophrys,33,4,14,7.8,3.8,3.9,17.6,64.9,12.3,52.7,18.9,49.7,12.3,Forest,Dense,Carnivore,Invertivore,Insessorial,-17.74,23.74,2.06,-78.73,592873.42,Sedentary,Forest,Invertebrate,2,3,1.2218487496163564,Altitudinal,2,3.57,2.785,2000,Freeman,LC,2.701640198
Tityra inquisitor,Tityra inquisitor,13,4,26.3,18.5,11.6,9.2,21.6,105.7,28.1,77.9,26.5,65.6,43.1,Forest,Dense,Herbivore,Frugivore,Insessorial,-30.12,21.72,-7.47,-58.6,11190798.84,Sedentary,Forest,Fruit,2,2,1.3979400086720377,Irregular,2,3,2.5,1500,Multiple,LC,3.066326799
Ornithion brunneicapillus,Ornithion brunneicapillus,4,4,9.3,5.3,3,3.7,12.9,43.5,5.5,38,12.6,27.1,7.1,Forest,Dense,Carnivore,Invertivore,Insessorial,-3.56,11.4,6.5,-76.32,282994.63,Sedentary,Forest,Invertebrate,1,3,1.5228787452803376,Sedentary,NA,NA,NA,1100,Multiple,LC,2.190523499
Basileuterus culicivorus,Basileuterus culicivorus,15,4,12.8,7.8,4,3.8,19.5,59.5,10.6,47.9,18.1,53.1,10.5,Forest,Dense,Carnivore,Invertivore,Insessorial,7.24,25.21,17.29,-92.2,522685.98,Sedentary,Forest,Invertebrate,3,3,1.045757490560675,Sedentary,2,4,3,1900,Multiple,LC,2.305810826
Arremon schlegeli,Arremon schlegeli,5,4,16.9,10.7,5.2,8.2,24.2,71.5,6.5,65.9,9,61.4,27.7,Woodland,Semi_open,Herbivore,Omnivore,Insessorial,6.57,12.46,10.07,-72.05,187790.91,Sedentary,Forest,Omnivore,3,3,1.045757490560675,Sedentary,2,NA,2,1500,Ayerbe,LC,2.943577357
Pitangus lictor,Philohydor lictor,5,4,23.4,16.4,5.8,4.8,18.8,86.8,14.7,70.8,17.2,74.2,25.5,Wetland,Semi_open,Carnivore,Invertivore,Insessorial,-23.01,12.46,-4.68,-60.43,9185994.71,Sedentary,Non-forest,Invertebrate,1,3,1.5228787452803376,Sedentary,2,3,2.5,700,Ayerbe,LC,2.978284024
Phalacrocorax brasilianus,Nannopterum brasilianus,10,2,62.6,44.6,11.9,14.9,48.7,275.4,91.8,191.7,32.4,187.2,1239.29,Wetland,Open,Carnivore,Aquatic predator,Generalist,-55.98,34.12,-11.18,-65.4,18288655.94,Sedentary,Non-forest,Fish,2,4,1.0969100130080565,Irregular,1,7,4,3400,Ayerbe,LC,5.464667654
Arremon basilicus,Arremon basilicus,0,0,18.9,10.7,6.1,7.2,32.2,80.5,7.8,72.8,9.8,85.7,41.96,Forest,Dense,Omnivore,Omnivore,Generalist,10.26,11.19,10.73,-73.58,8179.69,Sedentary,Forest,Invertebrate,2,1,1.6989700043360187,Sedentary,NA,2,2,1700,Ayerbe,NT,2.534393376
Myrmeciza longipes,Myrmeciza longipes,11,4,20.3,12,4.3,4.5,29.2,64.8,4,61.3,6.4,53.1,27.9,Woodland,Dense,Carnivore,Invertivore,Terrestrial,-2.5,12.36,6.41,-65.33,1110901.77,Sedentary,Forest,Invertebrate,1,3,1.5228787452803376,Sedentary,2,2,2,1850,Ayerbe,LC,3.288420447
Phaethornis atrimentalis,Phaethornis atrimentalis,4,4,25.2,20.5,1.7,1.9,4,38.5,25,13.5,65,33,2.6,Forest,Dense,Herbivore,Nectarivore,Aerial,-11.8,5.51,-2.16,-74.54,829137.73,Sedentary,Forest,Nectar,2,1,1.6989700043360187,Sedentary,NA,2,2,1300,Ayerbe,LC,1.722270969
Tyrannulus elatus,Tyrannulus elatus,8,4,8.3,5,3.2,3.1,13.7,48.2,8.7,36.9,19.2,40.7,7,Shrubland,Semi_open,Omnivore,Invertivore,Insessorial,-16.94,11.42,-1.95,-64.64,6406376.29,Sedentary,Non-forest,Invertebrate,2,4,1.0969100130080565,Sedentary,1,2,1.5,1800,Multiple,LC,2.491918649
Myadestes ralloides,Myadestes ralloides,56,17,14.8,6.8,4.6,3.7,20.5,84.1,19.6,64.5,23.3,78.2,29.1,Forest,Dense,Omnivore,Invertivore,Insessorial,-21.08,11.05,-3.19,-73.48,457703.18,Partial,Forest,Invertebrate,2,2,1.3979400086720377,Sedentary,2,2,2,2600,Multiple,LC,3.13525351
Thamnophilus punctatus,Thamnophilus punctatus,9,4,19.5,10.8,4.9,6,21.3,68.7,7.1,62.9,10.1,53.3,19.4,Woodland,Dense,Carnivore,Invertivore,Insessorial,-7.39,10.35,3.14,-59.28,1569761.66,Sedentary,Forest,Invertebrate,1,3,1.5228787452803376,Sedentary,2,2,2,900,Ayerbe,LC,3.490127049
Dacnis lineata,Dacnis lineata,10,5,13,7.5,3.5,3.5,14.1,58,14.8,43,25.6,40.6,11,Forest,Semi_open,Herbivore,Frugivore,Insessorial,-17.6,8.08,-3.93,-63.23,6051189.29,Sedentary,Forest,Fruit,2,3,1.2218487496163564,Sedentary,NA,NA,NA,1600,Multiple,LC,2.534393376
Todirostrum chrysocrotaphum,Todirostrum chrysocrotaphum,4,4,14.1,9.1,5.8,3,16.1,40.2,7.3,33,18.1,29.2,7,Forest,Dense,Carnivore,Invertivore,Insessorial,-18.59,4.04,-6.23,-65.28,4205502.11,Sedentary,Forest,Invertebrate,1,2,1.6989700043360187,Sedentary,2,2,2,500,Ayerbe,LC,2.36707891
Glyphorynchus spirurus,Glyphorynchus spirurus,112,21,13.7,9.7,4.4,4.2,16.5,68.7,16.4,52.3,23.9,66,14.6,Forest,Dense,Carnivore,Invertivore,Insessorial,-19.49,18.66,-2.41,-64.51,7368285.07,Sedentary,Forest,Invertebrate,2,5,1,Altitudinal,1,3,2,2000,Ayerbe,LC,2.253523953
Euphonia minuta,Euphonia minuta,9,4,10.6,5.7,4.1,3.6,12.4,51.4,11.8,39.5,22.9,27.7,10,Forest,Dense,Herbivore,Frugivore,Insessorial,-17.64,17.34,-2.79,-66.78,5149944.3,Sedentary,Forest,Fruit,2,1,1.6989700043360187,Altitudinal,3,5,4,1000,Multiple,LC,2.376950361
Megascops watsonii,Megascops watsonii,5,3,23.2,13.3,8.2,13.3,34.2,165.6,43,127.2,25.2,90.6,129,Forest,Dense,Carnivore,Invertivore,Insessorial,-17.5,10.83,-4.61,-63.16,6312593.48,Sedentary,Forest,Invertebrate,2,2,1.3979400086720377,Sedentary,2,2,2,900,Ayerbe,LC,3.197060789
Chrysuronia oenone,Amazilia oenone,14,5,24.7,19.8,2.6,2.2,5.2,51.2,32.3,18.7,63.4,30.6,5.04,Forest,Dense,Herbivore,Nectarivore,Aerial,-17.43,11.3,-4.42,-73.08,1336265.93,Sedentary,Forest,Nectar,2,4,1.0969100130080565,Irregular,2,2,2,1400,Ayerbe,LC,2.013019605
Myrmophylax atrothorax,Myrmophylax atrothorax,8,4,16.8,9.4,3.8,3.9,24.9,55.3,7.5,49.4,13.5,52.3,16.1,Forest,Dense,Carnivore,Invertivore,Insessorial,-17.78,7.71,-4.69,-62.39,6800794.01,Sedentary,Forest,Invertebrate,1,3,1.5228787452803376,Sedentary,NA,NA,NA,1300,Ayerbe,LC,2.41412768
Pheugopedius coraya,Pheugopedius coraya,5,4,19.2,11.7,3.8,4.5,22.1,62.8,7.1,54.4,11.6,57.4,17.2,Forest,Dense,Carnivore,Invertivore,Insessorial,-12.17,7.89,-0.61,-62.58,3811040.46,Sedentary,Forest,Invertebrate,2,3,1.2218487496163564,Sedentary,2,2,2,600,Ayerbe,LC,2.566654867
Tolmomyias poliocephalus,Tolmomyias poliocephalus,5,4,12.7,7,5.1,3.8,16.1,53.9,7.9,45.1,14.8,46.1,10.8,Forest,Dense,Carnivore,Invertivore,Insessorial,-21.23,8.63,-3.35,-62.46,6112774.74,Sedentary,Forest,Invertebrate,1,1,2,Sedentary,2,2,2,1100,Ayerbe,LC,2.570323622
Psarocolius angustifrons,Psarocolius angustifrons,15,4,53.1,36.9,10.7,16.9,45.6,209.9,52.3,157.3,24.8,179.2,271.5,Forest,Dense,Omnivore,Omnivore,Insessorial,-18.72,11.14,-4.71,-71.37,2224154.87,Sedentary,Forest,Omnivore,3,2,1.2218487496163564,Altitudinal,1,2,1.5,2500,Multiple,LC,5.944264776
Monasa flavirostris,Monasa flavirostris,5,4,28.7,21.2,8,9.3,16.7,107.6,24.2,84.3,22.2,106.2,62.8,Forest,Dense,Carnivore,Invertivore,Insessorial,-14.24,5.22,-5.71,-73.21,785439.52,Sedentary,Forest,Invertebrate,1,4,1.3979400086720377,Sedentary,2,3,2.5,1500,QJ,LC,3.621107115
Chlorostilbon mellisugus,Chlorostilbon mellisugus,40,7,16.3,14.6,2.2,1.9,3.9,45.2,30.6,15,67.1,26.7,2.61,Forest,Semi_open,Herbivore,Nectarivore,Aerial,-18.42,11.98,-2.51,-66.49,4103961.43,Partial,Forest,Nectar,2,4,1.0969100130080565,Altitudinal,2,2,2,2700,Ayerbe,LC,1.740473648
Ceratopipra erythrocephala,Ceratopipra erythrocephala,25,4,11.9,6.6,3.9,4,15,59,11.4,45.8,20,21.1,13.43,Forest,Dense,Herbivore,Frugivore,Insessorial,-7.44,12.46,2.01,-65.49,3456038.86,Sedentary,Forest,Fruit,2,1,1.6989700043360187,Sedentary,2,2,2,2100,Ayerbe,LC,3.148929865
Helicolestes hamatus,Helicolestes hamatus,3,3,34.8,26.1,10.9,11.6,46,290.3,64.5,225.8,22.3,125.5,425.46,Forest,Semi_open,Carnivore,Invertivore,Insessorial,-16.03,10.67,-3.11,-65.26,2374863.31,Sedentary,Forest,Invertebrate,1,2,1.6989700043360187,Sedentary,2,2,2,900,Ayerbe,LC,6.09129356
Machaeropterus striolatus,Machaeropterus striolatus,11,4,9.7,5,3.4,3,13.9,50.8,10.5,41.2,20.2,22.5,9.34,Forest,Dense,Herbivore,Frugivore,Insessorial,-8.92,10.3,-0.55,-71.09,2059505.29,Sedentary,Forest,Fruit,2,2,1.3979400086720377,Sedentary,NA,NA,NA,1800,Ayerbe,LC,2.534393376
Heliodoxa schreibersii,Heliodoxa schreibersii,4,4,26.8,21.2,3.3,2.9,6.2,69.5,44.1,25.4,63.5,49.2,9.17,Forest,Dense,Herbivore,Nectarivore,Aerial,-6.73,3.3,-0.97,-73.18,713038.86,Sedentary,Forest,Nectar,2,2,1.3979400086720377,Sedentary,2,2,2,1400,QJ,LC,2.372674374
Chlorophonia cyanea,Chlorophonia cyanea,13,4,10.9,7.3,4.3,4.1,14.7,62.3,16.6,45.5,26.7,35,14,Forest,Semi_open,Herbivore,Frugivore,Insessorial,-30.67,10.65,-13.47,-58.42,2010700.01,Sedentary,Forest,Fruit,2,3,1.2218487496163564,Altitudinal,2,3,2.5,1600,Multiple,LC,2.83426564
Chelidoptera tenebrosa,Chelidoptera tenebrosa,5,4,22.1,15.2,5.2,7.3,13.4,107.2,24.1,82.3,22.4,53.6,35.9,Shrubland,Open,Carnivore,Invertivore,Insessorial,-22.01,12.03,-4.75,-60.36,8690116.86,Sedentary,Non-forest,Invertebrate,1,4,1.3979400086720377,Sedentary,1,2,1.5,500,Ayerbe,LC,3.730840218
Myiothlypis fulvicauda,Myiothlypis fulvicauda,19,4,14.3,8.6,4.5,3.9,22.5,63.3,9.8,54.5,15.3,49.7,14.9,Forest,Dense,Carnivore,Invertivore,Terrestrial,-13.81,16.03,-3.5,-72.19,2473113.96,Sedentary,Forest,Invertebrate,1,2,1.6989700043360187,Sedentary,2,2,2,1700,Multiple,LC,2.831559671
Poecilotriccus latirostris,Poecilotriccus latirostris,7,4,15,8.7,4.6,3.1,18.7,47.7,5.8,41.9,12.3,33.1,8.1,Forest,Dense,Carnivore,Invertivore,Insessorial,-24.18,1.88,-10.26,-63.63,4661103.33,Sedentary,Forest,Invertebrate,1,2,1.6989700043360187,Sedentary,NA,NA,NA,1200,QJ,LC,2.019149431
Myrmotherula axillaris,Myrmotherula axillaris,57,5,15,9,3.4,3.7,15.4,50.9,7.5,43.9,14.8,36.5,8.09,Forest,Dense,Carnivore,Invertivore,Insessorial,-17.54,15.88,-3.47,-63.12,7734412.17,Sedentary,Forest,Invertebrate,1,3,1.5228787452803376,Sedentary,2,2,2,1000,Ayerbe,LC,2.962816518
Monasa nigrifrons,Monasa nigrifrons,4,4,37.5,28.1,9.5,12.1,21.2,127.8,21.4,106.3,16.8,118.8,80.7,Forest,Dense,Carnivore,Invertivore,Insessorial,-22.39,3.26,-8.95,-57.44,7021917.73,Sedentary,Forest,Invertebrate,2,5,1,Sedentary,3,3,3,500,Ayerbe,LC,3.62128808
Galbula albirostris,Galbula albirostris,4,4,38.2,31.5,5.7,6.1,10.7,74.5,19.9,54.6,26.6,64.8,22.1,Forest,Dense,Carnivore,Invertivore,Insessorial,-4.1,8.17,1.54,-59.48,1881365.04,Sedentary,Forest,Invertebrate,1,3,1.5228787452803376,Sedentary,2,4,3,500,Ayerbe,LC,3.047923458
Cercibis oxycerca,Cercibis oxycerca,4,4,159,137.8,16.6,22.1,75.6,399.8,141,258.8,35.3,262,1819,Grassland,Open,Carnivore,Aquatic predator,Terrestrial,1.55,10.07,6.45,-67.8,395881.11,Partial,Non-forest,Invertebrate,2,5,1,Sedentary,NA,NA,NA,600,Ayerbe,LC,7.55470897
Odontophorus gujanensis,Odontophorus gujanensis,7,6,19.7,11.2,7.9,11.5,37.2,143.4,18.8,122.8,13.3,71.3,314.06,Forest,Dense,Herbivore,Omnivore,Terrestrial,-20.2,10.72,-4.45,-63.17,7536115.55,Sedentary,Forest,Omnivore,3,1,1.5228787452803376,Sedentary,4,4,4,1500,Ayerbe,LC,4.672530393
Mionectes olivaceus,Mionectes galbinus,41,24,15.5,8.9,4.2,3.4,16.8,66,11.2,54.7,17,51.8,15.31,Forest,Dense,Herbivore,Frugivore,Insessorial,-14.17,11.4,-0.15,-74.84,705078.62,Sedentary,Forest,Fruit,2,3,1.2218487496163564,Altitudinal,2,3,2.5,1900,Ayerbe,LC,2.352995239
Celeus flavus,Celeus flavus,11,6,28.5,22.5,8.3,8.9,25.8,140.2,26.4,114.5,18.7,91,147.33,Forest,Dense,Carnivore,Invertivore,Insessorial,-20.41,10.77,-5.36,-62.16,6163251.01,Sedentary,Forest,Invertebrate,3,6,0.7447274948966939,Sedentary,NA,NA,NA,800,Ayerbe,LC,4.332456862
Piranga leucoptera,Piranga leucoptera,19,4,15.8,10.6,6.7,7.3,18.3,72.5,14.8,57.9,20.3,58.8,16,Forest,Dense,Herbivore,Frugivore,Insessorial,-20.96,22.6,3.87,-78.77,567150.48,Sedentary,Forest,Fruit,2,3,1.2218487496163564,Sedentary,NA,NA,NA,2000,Multiple,LC,2.337769656
Thalurania furcata,Thalurania furcata,24,14,24,17.8,2.2,2,4.8,54.6,35,19.7,64.1,37.8,4.19,Forest,Dense,Herbivore,Nectarivore,Aerial,-27.76,10.77,-8.85,-58.18,11225568.61,Sedentary,Forest,Nectar,2,3,1.2218487496163564,Altitudinal,2,2,2,1900,Ayerbe,LC,1.914727177
Streptoprocne rutila,Streptoprocne rutila,5,4,7.1,3,3.7,2,12,130,93.2,38.1,71,44.5,20.2,Forest,Dense,Carnivore,Invertivore,Aerial,-17.92,25.81,7.17,-85.11,1392664.2,Partial,Forest,Invertebrate,1,2,1.6989700043360187,Altitudinal,2,2,2,3100,Multiple,LC,2.861410823
Doryfera ludovicae,Doryfera ludovicae,17,5,37.6,30.6,2.8,2.3,5.8,57.4,35.2,22.1,61.5,34.7,6,Forest,Dense,Herbivore,Nectarivore,Aerial,-17.25,10.47,-2.45,-74.65,387149.16,Sedentary,Forest,Nectar,2,2,1.3979400086720377,Altitudinal,2,2,2,2500,Freeman,LC,2.048170344
Momotus aequatorialis,Momotus aequatorialis,26,4,45,33.2,11.2,14.1,28.4,154.8,26.8,126.9,17.4,281.5,158,Forest,Dense,Carnivore,Invertivore,Insessorial,-15.48,7.09,-2.79,-75.39,97380.48,Sedentary,Forest,Invertebrate,2,1,1.6989700043360187,Sedentary,2,2,2,1650,Freeman,LC,4.266625457
Chamaepetes goudotii,Chamaepetes goudotii,11,4,36.6,16.6,8.8,10.6,67.3,253.4,25.4,231.1,9.9,247.2,727.67,Forest,Dense,Herbivore,Frugivore,Insessorial,-17.48,11.23,-3.03,-75.55,316282.38,Sedentary,Forest,Fruit,3,4,0.9208187539523752,Altitudinal,2,3,2.5,2200,Multiple,LC,6.396489336
Myioborus miniatus,Myioborus miniatus,66,12,11.9,7,4.1,3.3,17.7,63.6,10.6,52,17,64.9,9,Forest,Dense,Carnivore,Invertivore,Insessorial,-19.89,28.82,9.54,-85.37,1254327.4,Sedentary,Forest,Invertebrate,1,2,1.6989700043360187,Altitudinal,1,4,2.5,2300,Multiple,LC,2.597188623
Coeligena coeligena,Coeligena coeligena,25,5,36.2,32.6,2.8,2.6,5.7,72.1,45.6,26.8,62.9,47.9,6.8,Forest,Dense,Herbivore,Nectarivore,Aerial,-18.06,11.22,-2.05,-73.45,384714.87,Sedentary,Forest,Nectar,2,2,1.3979400086720377,Sedentary,2,2,2,1400,Multiple,LC,2.226034998
Phylloscartes poecilotis,Pogonotriccus poecilotis,8,6,11.7,6.4,2.9,2.5,15.6,57.4,9.7,47.7,16.8,52.3,8,Forest,Dense,Carnivore,Invertivore,Insessorial,-14.41,11.12,-1.44,-74.49,213006.74,Sedentary,Forest,Invertebrate,1,1,2,Sedentary,NA,NA,NA,1100,Ayerbe,LC,2.269681145
Myiothlypis coronata,Myiothlypis coronata,78,18,15.2,7.7,4.3,4.2,22.7,68.3,9.9,58.6,14.4,61.3,16.3,Forest,Dense,Carnivore,Invertivore,Insessorial,-17.73,9.94,-3.64,-74.49,417599.18,Sedentary,Forest,Invertebrate,1,2,1.6989700043360187,Sedentary,2,2,2,1800,Multiple,LC,2.672433617
Leptopogon rufipectus,Leptopogon rufipectus,18,4,14.3,7.8,3.8,3.8,15.5,67,11.3,55.2,17,61.1,13.4,Forest,Dense,Carnivore,Invertivore,Insessorial,-5.99,8.1,4.33,-74.49,100544.65,Sedentary,Forest,Invertebrate,1,2,1.6989700043360187,Sedentary,2,2,2,1200,Multiple,LC,2.479650506
Diglossa sittoides,Diglossa sittoides,16,4,12.9,7.6,2.5,4.4,18.7,57.1,13.1,46.9,21.9,46.2,9,Forest,Semi_open,Omnivore,Omnivore,Insessorial,-27.54,11.03,-7.65,-72.5,593695.05,Sedentary,Forest,Nectar,2,4,1.0969100130080565,Sedentary,2,2,2,1900,Multiple,LC,2.585771041
Colibri coruscans,Colibri coruscans,28,10,29.1,22.4,2.9,2.5,5.6,75.4,47.5,28.5,62.5,51.4,6.7,Human Modified,Semi_open,Herbivore,Nectarivore,Aerial,-27.31,11.11,-8.85,-72,920400.1,Sedentary,Non-forest,Nectar,2,4,1.0969100130080565,Altitudinal,2,2,2,2300,Ayerbe,LC,2.029754242
Pyroderus scutatus,Pyroderus scutatus,9,4,42.5,26.3,13.8,15.5,38,231,41,183.8,18.2,152.2,357,Forest,Dense,Omnivore,Frugivore,Insessorial,-30.68,11.04,-17.64,-52.87,2116677.8,Partial,Forest,Fruit,2,2,1.3979400086720377,Irregular,1,2,1.5,2550,Multiple,LC,6.493984385
Cyanocorax yncas,Cyanocorax yncas,30,8,29.6,16.2,9.3,9.9,38.7,121.5,9.5,112.4,7.8,139.3,78.5,Forest,Semi_open,Omnivore,Omnivore,Insessorial,-17.71,28.31,10.8,-84.26,1092392.74,Sedentary,Forest,Omnivore,5,4,0.6989700043360189,Sedentary,2,6,4,3100,Multiple,LC,7.142998682
Aulacorhynchus haematopygus,Aulacorhynchus haematopygus,13,5,94,88.3,22.8,28.2,35.7,134.5,20.7,117.7,15,155,194.39,Forest,Dense,Herbivore,Frugivore,Insessorial,-4.54,10.82,3.35,-76,179236.71,Sedentary,Forest,Fruit,5,4,0.6989700043360189,Sedentary,4,4,4,2100,Multiple,LC,3.948283633
Campephilus pollens,Campephilus pollens,11,4,49.4,35.9,11.8,11.3,30.4,174.6,28.5,145.9,16.4,127.5,187.9,Forest,Dense,Carnivore,Invertivore,Insessorial,-10.98,7.52,-0.02,-76.75,195689.25,Sedentary,Forest,Invertebrate,1,1,2,Sedentary,NA,NA,NA,2400,Ayerbe,LC,5.001515719
Anabacerthia striaticollis,Anabacerthia striaticollis,27,4,18.6,10.2,3.8,5.4,20,87.3,15.8,71.7,18,76.1,24.8,Forest,Dense,Carnivore,Invertivore,Insessorial,-17.03,11.18,-1.55,-73.77,335322.02,Sedentary,Forest,Invertebrate,1,1,2,Sedentary,2,2,2,2200,Multiple,LC,3.215997184
Phyllomyias cinereiceps,Phyllomyias cinereiceps,4,4,10.4,5.2,2.9,2.3,14.4,62.9,14.1,48.8,22.4,46.1,9.5,Forest,Dense,Carnivore,Invertivore,Insessorial,-14.04,7.56,-3.2,-75.96,144525.03,Sedentary,Forest,Invertebrate,2,1,1.6989700043360187,Sedentary,NA,NA,NA,1000,Freeman,LC,2.333953056
Aglaiocercus kingii,Aglaiocercus kingii,24,9,20.6,14.3,2.5,2.2,6.3,58.7,36.7,21.6,62.9,45.8,4.84,Forest,Semi_open,Herbivore,Nectarivore,Aerial,-17.62,11.35,-2.03,-73.68,267748.93,Sedentary,Forest,Nectar,2,5,1,Altitudinal,2,2,2,1600,Freeman,LC,1.926920419
Platyrinchus mystaceus,Platyrinchus albogularis,16,2,15.3,6.7,7.7,3.6,16.2,53.6,7.6,46.3,14.1,30.2,9.7,Forest,Dense,Carnivore,Invertivore,Insessorial,-18.71,11.36,-0.42,-74.41,702126.07,Sedentary,Forest,Invertebrate,1,5,1.3010299956639813,Sedentary,2,2,2,2000,Ayerbe,LC,1.89478073
Phaethornis guy,Phaethornis guy,38,8,42.4,33.6,3.3,2.5,4.7,59.2,37.5,21.1,64,64.4,6.3,Forest,Dense,Herbivore,Nectarivore,Aerial,-14.26,11,-2.19,-75.35,555160.16,Sedentary,Forest,Nectar,2,2,1.3979400086720377,Altitudinal,2,2,2,1600,Freeman,LC,2.189618159
Adelomyia melanogenys,Adelomyia melanogenys,54,10,17.9,13.8,2.6,2.1,6,53.1,30.9,20.4,60.2,35.4,4.93,Forest,Dense,Herbivore,Nectarivore,Aerial,-23.59,11.39,-4.42,-73.58,620219.31,Sedentary,Forest,Nectar,2,1,1.6989700043360187,Altitudinal,2,2,2,1500,Multiple,LC,2.039230598
Colaptes rubiginosus,Colaptes rubiginosus,21,4,27,18,7.1,7.4,22,123.7,30.1,94.7,24.1,76.3,55.79,Forest,Semi_open,Carnivore,Invertivore,Insessorial,-29.38,21.61,4.1,-73.18,2243128.49,Sedentary,Forest,Invertebrate,1,6,1.2218487496163564,Sedentary,2,4,3,2400,Ayerbe,LC,3.002558592
Drymophila striaticeps,Drymophila striaticeps,8,4,19.7,8.9,4.2,3.5,19.1,53,6,48.4,10.9,74.7,12.2,Forest,Dense,Carnivore,Invertivore,Insessorial,-16.05,7.25,-4.21,-75.59,193411.84,Sedentary,Forest,Invertebrate,1,4,1.3979400086720377,Sedentary,NA,NA,NA,2000,Multiple,LC,2.534393376
Lepidocolaptes lacrymiger,Lepidocolaptes lacrymiger,37,2,30.5,21,4.6,5.5,19.6,105.6,25.2,80.7,23.8,95.2,30.6,Forest,Dense,Carnivore,Invertivore,Insessorial,-18.57,11.22,-2.59,-74.25,360596.48,Sedentary,Forest,Invertebrate,1,3,1.5228787452803376,Altitudinal,3,3,3,1900,Freeman,LC,2.871504333
Pionus tumultuosus,Pionus seniloides,4,4,30,24.4,14.4,26.1,20.4,189,67.5,121.5,35.7,79.3,239,Forest,Dense,Herbivore,Frugivore,Insessorial,-8.84,9.92,1.42,-76.1,224044.52,Sedentary,Forest,Fruit,2,4,1.0969100130080565,Irregular,4,4,4,1500,Freeman,LC,5.801808394
Pipraeidea melanonota,Pipraeidea melanonota,18,4,12.6,7.4,4.8,5,17.9,80.1,21.4,59.3,26.5,57.8,21,Forest,Dense,Herbivore,Omnivore,Insessorial,-36.48,10.67,-17.92,-57.99,2111740.74,Partial,Forest,Herbivore,4,6,0.619788758288394,Irregular,2,4,3,2100,Multiple,LC,2.729408019
Sericossypha albocristata,Sericossypha albocristata,10,4,25.2,14.8,6.4,7.7,25.4,136.3,35.3,101.2,25.9,93,114,Forest,Dense,Omnivore,Omnivore,Insessorial,-12.06,7.65,-2,-76.41,103262.33,Sedentary,Forest,Invertebrate,2,2,1.3979400086720377,Irregular,NA,NA,NA,1700,Multiple,VU,4.05078128
Diglossa albilatera,Diglossa albilatera,15,4,13.1,7.3,3.1,4.6,19.8,56.7,9.6,47.7,16.7,43.5,9.84,Forest,Semi_open,Omnivore,Nectarivore,Insessorial,-10.68,11.04,1.6,-75.78,254619.68,Sedentary,Forest,Nectar,2,3,1.2218487496163564,Sedentary,2,2,2,1700,Multiple,LC,2.631569974
Anabacerthia variegaticeps,Anabacerthia variegaticeps,12,4,17,10.9,3.6,5.1,19.4,85.2,15.6,69.2,18.4,70.6,27.8,Forest,Dense,Carnivore,Invertivore,Insessorial,-4.1,18.71,11.78,-87.48,215334.52,Sedentary,Forest,Invertebrate,1,2,1.6989700043360187,Altitudinal,2,2,2,1500,Ayerbe,LC,3.28620219
Mionectes striaticollis,Mionectes striaticollis,120,86,14.2,8,4.2,3.4,17.5,66.8,11.1,56.2,16.5,53.7,15,Forest,Dense,Omnivore,Invertivore,Insessorial,-17.81,7.03,-6.36,-74.72,318010.85,Sedentary,Forest,Invertebrate,2,2,1.3979400086720377,Sedentary,2,3,2.5,1400,Multiple,LC,2.860812775
Poecilotriccus ruficeps,Poecilotriccus ruficeps,13,4,13.2,7,3.7,2.7,16.7,46.5,4.8,42.5,10.1,34.7,8.81,Forest,Dense,Carnivore,Invertivore,Insessorial,-5.57,10.42,2.68,-75.85,129577.78,Sedentary,Forest,Invertebrate,1,2,1.6989700043360187,Sedentary,NA,NA,NA,1200,Multiple,LC,2.304145827
Metallura tyrianthina,Metallura tyrianthina,54,37,16.5,11.9,2.1,1.7,5.3,54.2,32.3,21.9,59.7,37.8,3.8,Forest,Dense,Herbivore,Nectarivore,Aerial,-18.07,11.05,-5.15,-74.34,422575.2,Sedentary,Forest,Nectar,2,4,1.0969100130080565,Altitudinal,2,2,2,1900,Ayerbe,LC,1.828213186
Chaetocercus mulsant,Chaetocercus mulsant,16,7,21,17.1,1.4,1.5,4.4,39.2,26,13.5,65.9,21.4,3.9,Forest,Semi_open,Herbivore,Nectarivore,Aerial,-17.8,7.13,-5.78,-75.64,263636.46,Sedentary,Forest,Nectar,2,2,1.3979400086720377,Altitudinal,NA,NA,NA,1800,Freeman,LC,1.902058452
Odontophorus hyperythrus,Odontophorus hyperythrus,8,3,21.1,11.7,8.2,11.9,46.6,137.7,23.4,112.7,17.3,59,339.3,Forest,Dense,Herbivore,Omnivore,Terrestrial,1.37,7.39,4.42,-75.93,60489.28,Sedentary,Forest,Herbivore,2,3,1.2218487496163564,Sedentary,4,5,4.5,1200,Multiple,LC,5.320001465
Anisognathus somptuosus,Anisognathus somptuosus,11,4,20,10.8,5.9,7.7,23.7,92.1,18.9,71.7,20.9,72,44.5,Forest,Dense,Omnivore,Invertivore,Insessorial,-13.36,10.82,-1.73,-75.6,319648.43,Sedentary,Forest,Invertebrate,2,2,1.3979400086720377,Sedentary,NA,NA,NA,1500,Freeman,LC,3.370791223
Dysithamnus mentalis,Dysithamnus mentalis,66,9,15.8,9.2,4.2,4.6,19,59.8,6.7,54,11.1,42.6,14.87,Forest,Dense,Carnivore,Invertivore,Insessorial,-29.77,18.19,-11.55,-56.53,4153057.29,Sedentary,Forest,Invertebrate,2,4,1.0969100130080565,Sedentary,2,2,2,2300,Multiple,LC,2.969970277
Gallinago nobilis,Gallinago nobilis,5,4,97.9,88.2,5.9,8.2,36.9,138.4,47.5,91,34.2,53.2,192.44,Wetland,Open,Carnivore,Aquatic predator,Terrestrial,-5.41,7.65,2.25,-76.43,259666.16,Sedentary,Non-forest,Invertebrate,1,3,1.5228787452803376,Sedentary,2,2,2,1600,Multiple,NT,4.325724097
Sphenopsis frontalis,Sphenopsis frontalis,23,7,16.1,8.8,4.5,5.1,20.5,70.7,10.2,59.3,14.8,65.1,17,Forest,Dense,Carnivore,Invertivore,Insessorial,-13.27,10.72,-0.96,-75.14,200867.55,Sedentary,Forest,Invertebrate,1,2,1.6989700043360187,Sedentary,NA,NA,NA,2300,Multiple,LC,2.711598049
Tangara nigroviridis,Tangara nigroviridis,21,6,12,6.1,4.3,4.4,16.3,69.5,16.9,52,24.6,49.4,17,Forest,Dense,Herbivore,Frugivore,Insessorial,-17.79,10.78,-3.51,-73.64,348796.62,Sedentary,Forest,Fruit,2,2,1.3979400086720377,Sedentary,2,NA,2,2100,Freeman,LC,2.784113434
Myrmotherula schisticolor,Myrmotherula schisticolor,12,5,15.5,8.2,3.3,3.4,15.6,54.9,7.3,48.7,13.4,36.9,9.6,Forest,Dense,Carnivore,Invertivore,Insessorial,-13.9,17.22,4.8,-78.01,534175.27,Sedentary,Forest,Invertebrate,1,3,1.5228787452803376,Sedentary,2,2,2,1400,Multiple,LC,2.65538438
Pseudotriccus ruficeps,Pseudotriccus ruficeps,13,4,11.6,6.2,3.8,3.2,22.7,55.8,6.8,49.3,12.2,43,11.3,Forest,Dense,Carnivore,Invertivore,Insessorial,-17.37,6.52,-6.31,-74.54,194101.79,Sedentary,Forest,Invertebrate,1,2,1.6989700043360187,Sedentary,NA,NA,NA,1900,Multiple,LC,2.392394175
Lafresnaya lafresnayi,Lafresnaya lafresnayi,14,5,29.6,24.9,2.5,1.8,5.7,63.6,38.7,23.3,62.4,40.2,5.3,Forest,Dense,Herbivore,Nectarivore,Aerial,-14.83,11.15,-3.12,-75.93,312941.28,Sedentary,Forest,Nectar,2,2,1.3979400086720377,Altitudinal,2,2,2,1700,Multiple,LC,1.964990336
Tangara xanthocephala,Tangara xanthocephala,15,4,14.5,7.4,3.9,4.8,17.5,74.1,17.8,56.6,23.9,49.7,19,Forest,Dense,Herbivore,Frugivore,Insessorial,-18.87,10.78,-4.13,-73.82,356998.99,Sedentary,Forest,Fruit,2,2,1.3979400086720377,Sedentary,2,2,2,1600,Multiple,LC,3.047879614
Dendrocincla tyrannina,Dendrocincla tyrannina,24,4,35.8,23,7.5,7.9,25.4,122.3,22.1,101.2,17.9,121.1,54.9,Forest,Dense,Carnivore,Invertivore,Insessorial,-14.93,7.7,-2.03,-75.29,307936.87,Sedentary,Forest,Invertebrate,1,1,2,Sedentary,1,NA,1,1300,Freeman,LC,3.797623348
Penelope montagnii,Penelope montagnii,11,4,34.8,14.6,9.1,10.1,58.7,241.5,30.9,219.7,12.2,250.8,706,Forest,Dense,Herbivore,Frugivore,Insessorial,-18.07,11.08,-3.19,-73.51,368616.68,Sedentary,Forest,Fruit,2,2,1.3979400086720377,Altitudinal,2,2,2,1500,Multiple,LC,6.294913772
Xenops rutilans,Xenops rutilus,20,4,13.3,9.3,2.9,4.5,14.3,65.8,15.5,50.4,23.5,49,11.2,Forest,Dense,Carnivore,Invertivore,Insessorial,-30.64,11.58,-13.23,-54.69,6929954.15,Sedentary,Forest,Invertebrate,1,2,1.6989700043360187,Sedentary,2,3,2.5,1500,Freeman,LC,2.460546044
Thripadectes flammulatus,Thripadectes flammulatus,13,4,25.2,15,5.4,7.4,29.1,90.3,9,81.8,10,101.5,55.89,Forest,Dense,Carnivore,Invertivore,Insessorial,-5.35,11.18,1.64,-76.67,57126.72,Sedentary,Forest,Invertebrate,2,2,1.3979400086720377,Sedentary,2,2,2,1700,Ayerbe,LC,3.581028412
Myornis senilis,Myornis senilis,5,4,16.6,8.7,3.5,4.4,21.7,56.9,7.2,50.1,12.5,62.7,21.2,Forest,Dense,Carnivore,Invertivore,Insessorial,-10.35,7.44,0.25,-76.42,118973.23,Sedentary,Forest,Invertebrate,1,2,1.6989700043360187,Sedentary,NA,NA,NA,1500,Ayerbe,LC,2.828607553
Arremon brunneinucha,Arremon brunneinucha,50,5,19.5,11.8,6.1,7.4,28.8,80.8,7.5,74.9,9.1,84.7,43.97,Forest,Dense,Omnivore,Invertivore,Generalist,-14.47,21.63,4.92,-80.55,618730.16,Sedentary,Forest,Invertebrate,2,3,1.2218487496163564,Sedentary,1,2,1.5,1700,Multiple,LC,3.802236472
Pseudocolaptes boissonneautii,Pseudocolaptes boissonneauii,28,1,28,15.1,4.3,5.8,26,105.6,19.9,85.7,18.8,95.2,43.9,Forest,Dense,Carnivore,Invertivore,Insessorial,-17.78,10.7,-3.16,-74.22,395920.18,Sedentary,Forest,Invertebrate,2,1,1.6989700043360187,Sedentary,NA,NA,NA,2050,Ayerbe,LC,3.314237619
Trogon personatus,Trogon personatus,23,5,18.9,11.7,8.5,8.9,14.3,125.7,46.9,78.3,37.5,157.8,63.39,Forest,Dense,Omnivore,Omnivore,Insessorial,-20.4,11.16,-2.92,-71.92,745904.62,Sedentary,Forest,Omnivore,2,2,1.3979400086720377,Altitudinal,2,2,2,2900,Ayerbe,LC,3.939588153
Colaptes rivolii,Colaptes rivolii,14,4,33.5,24.9,9.1,8,24.8,131.1,27.3,103.2,20.9,103.6,102,Forest,Dense,Carnivore,Invertivore,Insessorial,-13.31,11,-0.01,-75.82,463744.41,Sedentary,Forest,Invertebrate,2,2,1.3979400086720377,Sedentary,NA,NA,NA,1700,Multiple,LC,3.032121603
Grallaria ruficapilla,Grallaria ruficapilla,32,4,28.7,16.2,6.8,8.2,51.8,97.3,5,94.4,5.1,58.1,82.67,Forest,Dense,Carnivore,Invertivore,Terrestrial,-7.48,10.91,2.11,-75.84,239637.78,Sedentary,Forest,Invertebrate,1,3,1.5228787452803376,Sedentary,2,2,2,1800,Ayerbe,LC,3.6214758
Orochelidon murina,Orochelidon murina,15,4,9.8,4.3,3.4,2.2,11.5,112.7,57,56.3,50.3,61.6,11.7,Grassland,Open,Carnivore,Invertivore,Aerial,-17.86,11.08,-6.5,-74.73,425662.43,Partial,Non-forest,Invertebrate,1,7,1.1549019599857433,Sedentary,2,3,2.5,1600,Ayerbe,LC,2.481155536
Pyrrhomyias cinnamomeus,Pyrrhomyias cinnamomeus,33,4,13.6,7,5,3.1,12.8,69.9,15.8,53.8,22.7,61.3,9.9,Forest,Semi_open,Carnivore,Invertivore,Insessorial,-27.35,11.15,-5.78,-72.17,539963.44,Sedentary,Forest,Invertebrate,2,3,1.2218487496163564,Sedentary,2,2,2,2950,Ayerbe,LC,2.528879608
Catharus aurantiirostris,Catharus aurantiirostris,12,4,16.9,9.6,4.2,4.6,30.4,76.8,12.5,63.5,16.4,60.5,29.8,Forest,Semi_open,Omnivore,Invertivore,Generalist,0.95,29.53,17.31,-93.72,674006.88,Sedentary,Forest,Invertebrate,3,6,0.7447274948966939,Altitudinal,2,3,2.5,1600,Ayerbe,LC,3.151772863
Cinclus leucocephalus,Cinclus leucocephalus,11,6,18.3,9.2,3.4,4.2,28.7,85.6,18.2,67.3,21.3,49,44,Riverine,Open,Carnivore,Aquatic predator,Generalist,-17.84,11.16,-6.04,-74.63,619987.76,Sedentary,Forest,Invertebrate,2,2,1.3979400086720377,Altitudinal,1,2,1.5,3600,Multiple,LC,2.806981265
Serpophaga cinerea,Serpophaga cinerea,9,4,12.2,5.7,3,2.7,16.7,56.1,8.6,47.5,15.4,47.7,8.3,Riverine,Open,Carnivore,Invertivore,Insessorial,-17.83,11.09,-2.75,-75.65,537348.41,Sedentary,Forest,Invertebrate,1,2,1.6989700043360187,Sedentary,2,2,2,3850,Multiple,LC,2.445922116
Merganetta armata,Merganetta armata,8,4,33.5,21,9.8,9.8,36.2,163.4,63.1,106.4,37.4,111.1,398.82,Riverine,Open,Carnivore,Aquatic predator,Aquatic,-54.95,9.79,-24.14,-71.85,1090659.13,Sedentary,Forest,Invertebrate,1,1,2,Sedentary,3,4,3.5,2500,Ayerbe,LC,5.206102844
Troglodytes solstitialis,Troglodytes solstitialis,47,17,16.2,9.3,3.1,3.1,18.8,48.2,6.6,42.5,13.4,38.3,11.4,Forest,Dense,Carnivore,Invertivore,Insessorial,-27.51,11.17,-5.62,-73.13,553583.66,Sedentary,Forest,Invertebrate,1,2,1.6989700043360187,Sedentary,2,5,3.5,2500,QJ,LC,2.796301986
Heliangelus exortis,Heliangelus exortis,54,4,19.8,13.2,1.9,1.9,4.7,60.8,40.2,22.5,64.2,40.4,4.59,Forest,Dense,Herbivore,Nectarivore,Insessorial,-2.14,7.21,3.29,-76.06,64064.87,Sedentary,Forest,Nectar,2,4,1.0969100130080565,Altitudinal,2,2,2,2300,Multiple,LC,2.008675793
Myiotheretes fumigatus,Myiotheretes fumigatus,11,4,23.7,13.4,7.1,5.3,23.4,110.1,23.6,86.5,21.4,84.8,33.4,Forest,Semi_open,Carnivore,Invertivore,Insessorial,-13.33,10.75,0.34,-75.63,214456.43,Sedentary,Forest,Invertebrate,1,1,2,Sedentary,2,2,2,1800,Multiple,LC,3.176381383
Diglossa cyanea,Diglossa cyanea,109,54,18,11.4,3.3,5.1,22.5,73.6,13.8,60,18.6,63,17.04,Forest,Semi_open,Omnivore,Frugivore,Insessorial,-17.95,10.68,-2.98,-74.79,392147.64,Sedentary,Forest,Fruit,3,2,1.2218487496163564,Altitudinal,NA,NA,NA,2000,Multiple,LC,2.699178269
Boissonneaua flavescens,Boissonneaua flavescens,19,4,20.9,13.9,2.7,2.4,6.4,75.2,46.3,29.2,61.3,48.4,8.2,Forest,Dense,Herbivore,Nectarivore,Insessorial,-0.85,9.55,4.62,-74.88,128710.18,Sedentary,Forest,Nectar,2,2,1.3979400086720377,Sedentary,2,2,2,1700,Ayerbe,LC,2.317095787
Myiotriccus ornatus,Myiotriccus ornatus,5,0,13.2,6.7,5.4,3.6,14.3,59.6,11.5,46.8,19.8,41.2,9.9,Forest,Dense,Carnivore,Invertivore,Insessorial,-3.66,8.42,3.85,-76.2,149294.03,Sedentary,Forest,Invertebrate,1,3,1.5228787452803376,Sedentary,NA,NA,NA,1700,Freeman,LC,2.534393376
Amblycercus holosericeus,Amblycercus holosericeus,27,9,30.3,21.3,7,9.8,31.5,94.6,9.7,82.4,10.6,97.5,70.42,Forest,Dense,Carnivore,Invertivore,Insessorial,-18.35,23.75,9.78,-84.39,1152587.02,Sedentary,Forest,Invertebrate,1,6,1.2218487496163564,Altitudinal,2,2,2,1500,Ayerbe,LC,4.013389552
Pipreola riefferii,Pipreola riefferii,26,4,16.6,7.6,5.2,4.8,22.3,88.7,15,73.8,17.2,73.5,49.3,Forest,Dense,Herbivore,Frugivore,Insessorial,-9.93,10.88,2.08,-75.49,257255.05,Sedentary,Forest,Fruit,1,2,1.6989700043360187,Sedentary,2,2,2,1700,Ayerbe,LC,3.408856795
Andigena nigrirostris,Andigena nigrirostris,12,4,88.5,80.7,27.7,30.9,40.1,167.3,19.4,142.4,12,185.3,350,Forest,Dense,Herbivore,Frugivore,Insessorial,-5.08,9.73,3.99,-74.97,110031.99,Sedentary,Forest,Fruit,2,5,1,Sedentary,NA,NA,NA,2000,Multiple,LC,4.883222967
Leptosittaca branickii,Leptosittaca branickii,8,5,27,24,14.3,25.9,19.4,181.6,74.7,105.1,41.5,191.5,155.7,Forest,Dense,Herbivore,Granivore,Insessorial,-13.59,5.07,-4.59,-75.13,44189.56,Sedentary,Forest,Seed,2,2,1.3979400086720377,Irregular,NA,NA,NA,1600,Multiple,LC,2.988376883
Xiphorhynchus triangularis,Xiphorhynchus triangularis,24,4,33.2,22.7,5.3,7,22.3,114.3,25.8,88.8,22.5,97.9,46.3,Forest,Dense,Carnivore,Invertivore,Insessorial,-17.65,10.58,-2.58,-74.16,286355.73,Sedentary,Forest,Invertebrate,1,1,2,Sedentary,NA,NA,NA,1200,Freeman,LC,3.32945191
Hellmayrea gularis,Hellmayrea gularis,14,4,15.6,8.2,2.7,2.8,21.1,57.6,7,50.4,12.3,53.6,12.4,Forest,Dense,Carnivore,Invertivore,Insessorial,-13.3,10.63,-0.87,-76.28,170416.44,Sedentary,Forest,Invertebrate,1,3,1.5228787452803376,Sedentary,NA,NA,NA,1200,Multiple,LC,2.46463229
Catamenia inornata,Catamenia inornata,32,4,10.1,6.5,4.6,6.9,22.7,70.7,12.8,62.7,17,61,13.4,Shrubland,Open,Herbivore,Granivore,Terrestrial,-35.22,9.34,-15.76,-70.71,801552,Sedentary,Non-forest,Seed,1,2,1.6989700043360187,Irregular,NA,NA,NA,1800,Multiple,LC,1.963761884
Coeligena prunellei,Coeligena prunellei,4,4,32,27,2.8,2.4,6,80.2,49.7,30.6,61.9,49.5,6.98,Forest,Dense,Herbivore,Nectarivore,Aerial,4.58,6.94,5.76,-73.78,6382.86,Sedentary,Forest,Nectar,2,3,1.2218487496163564,Sedentary,2,NA,2,1300,Ayerbe,VU,2.189898931
Myiotheretes striaticollis,Myiotheretes striaticollis,15,4,27.4,16.1,8.2,6.9,25.3,140.1,36.2,103.7,25.8,98.8,61.2,Shrubland,Semi_open,Carnivore,Invertivore,Insessorial,-27.32,11.15,-9.89,-72.58,632466.9,Sedentary,Non-forest,Invertebrate,2,3,1.2218487496163564,Altitudinal,NA,NA,NA,1100,Multiple,LC,3.593318658
Tangara labradorides,Tangara labradorides,11,4,11.6,7,4.6,5.1,16.6,65,13.5,49,21.5,47.8,15,Forest,Dense,Omnivore,Frugivore,Insessorial,-6.72,7.54,3.28,-75.54,104444.95,Sedentary,Forest,Invertebrate,2,2,1.3979400086720377,Sedentary,NA,NA,NA,1500,Multiple,LC,2.729432717
Conirostrum albifrons,Conirostrum albifrons,15,6,15.4,8.4,3.1,3.8,16.5,71,15.3,55.1,21.7,57.3,14.9,Forest,Dense,Carnivore,Invertivore,Insessorial,-17.72,10.56,-3.69,-74.28,298087.62,Sedentary,Forest,Invertebrate,1,1,2,Sedentary,NA,NA,NA,1900,Multiple,LC,2.531094998
Aglaeactis cupripennis,Aglaeactis cupripennis,38,31,22.5,16.4,2.5,1.8,7.3,81.5,50.8,30.5,62.5,49.9,7.6,Shrubland,Semi_open,Herbivore,Nectarivore,Aerial,-13.7,8.02,-4.08,-76.67,224852.99,Sedentary,Non-forest,Nectar,2,2,1.3979400086720377,Altitudinal,2,2,2,1000,Ayerbe,LC,2.157580188
Scytalopus spillmanni,Scytalopus spillmanni,7,3,14.7,8.8,3.4,4,23.8,58.9,3.9,55,6.7,44.1,23.54,Forest,Dense,Carnivore,Invertivore,Generalist,-2.94,7.09,2.4,-76.74,85564.21,Sedentary,Forest,Invertebrate,1,2,1.6989700043360187,Sedentary,2,2,2,2350,Multiple,LC,3.083217833
Atlapetes albofrenatus,Atlapetes albofrenatus,4,4,15.7,9.5,5.3,6.7,26.4,72,9.4,62.5,13.1,78,30,Forest,Dense,Omnivore,Omnivore,Insessorial,4.34,8.11,6.2,-73.25,31052.55,Sedentary,Forest,Omnivore,2,2,1.3979400086720377,Sedentary,NA,NA,NA,1500,Multiple,LC,2.534393376
Euphonia chlorotica,Euphonia chlorotica,13,4,9.2,5.9,4.1,4,12.9,56.7,13.7,42.8,24.2,32.9,11,Forest,Semi_open,Herbivore,Frugivore,Insessorial,-33.77,8.63,-11.69,-56.85,9620331.07,Sedentary,Forest,Fruit,2,6,0.9208187539523752,Irregular,2,5,3.5,500,Ayerbe,LC,2.041408231
Ramphastos vitellinus,Ramphastos culminatus,10,4,120.4,116.3,31,40.5,47.5,198.3,24.9,173.4,12.6,154.6,360.36,Forest,Dense,Omnivore,Frugivore,Insessorial,-20.79,8.96,-7.09,-63.12,5502652.61,Sedentary,Forest,Fruit,3,5,0.8239087409443188,Sedentary,2,4,3,900,Ayerbe,LC,3.184400104
Brotogeris cyanoptera,Brotogeris cyanoptera,9,4,20.3,18,9.8,14,11.3,114.4,41.3,73.7,35.9,58.4,56,Forest,Dense,Herbivore,Frugivore,Insessorial,-18.07,6.17,-4.7,-70.91,2567592.63,Sedentary,Forest,Herbivore,3,3,1.045757490560675,Irregular,5,5,5,1100,Ayerbe,LC,3.718758375
Xiphorhynchus guttatus,Xiphorhynchus guttatus,2,0,40.2,30.4,6.1,8.3,25,106.4,17,94.9,15.2,115,59.69,Forest,Dense,Carnivore,Invertivore,Insessorial,-23.04,10.25,-0.07,-55.92,2005419.73,Sedentary,Forest,Invertebrate,2,5,1,Sedentary,1,3,2,1300,Ayerbe,LC,3.64343393
Tigrisoma fasciatum,Tigrisoma fasciatum,5,4,97,75.7,14.1,19.3,90.6,310.6,83.8,221.9,27.4,122.8,850,Riverine,Semi_open,Carnivore,Aquatic predator,Terrestrial,-30.65,15.67,-13.34,-62.54,1533469.08,Sedentary,Forest,Fish,1,3,1.5228787452803376,Irregular,1,1,1,2500,Ayerbe,LC,6.431337993
Touit stictopterus,Touit stictopterus,5,2,20.9,16.5,10,15.6,12,121.8,50,71.8,41,55.8,78.8,Forest,Dense,Herbivore,Omnivore,Insessorial,-6.33,0.13,-3.34,-78.33,32941.14,Partial,Forest,Fruit,2,1,1.6989700043360187,Sedentary,NA,NA,NA,1200,Ayerbe,NT,3.834559061
Touit huetii,Touit huetii,5,4,18.2,15.4,9.2,13.8,9.9,111.2,46.1,65.1,41.4,50.4,60,Forest,Dense,Herbivore,Frugivore,Insessorial,-14.11,10.69,-4.77,-61.57,3167705.16,Sedentary,Forest,Fruit,1,1,2,Irregular,NA,NA,NA,1000,Ayerbe,LC,3.592742313
Geotrygon montana,Geotrygon montana,37,12,19.5,9,3.5,4.4,26.9,136.5,36.7,99.2,27.1,76.3,133.86,Forest,Dense,Herbivore,Omnivore,Terrestrial,-32.04,24.36,-5.71,-59.94,13251114.74,Sedentary,Forest,Herbivore,3,4,0.9208187539523752,Irregular,2,2,2,2700,Ayerbe,LC,4.781938914
Synallaxis gujanensis,Synallaxis gujanensis,16,4,15.6,9.8,3.3,4.1,21.8,60.6,5.5,53.9,9.2,72,18.1,Forest,Semi_open,Carnivore,Invertivore,Insessorial,-18.6,9.27,-5.63,-61.88,4462466.66,Sedentary,Forest,Invertebrate,1,5,1.3010299956639813,Sedentary,2,3,2.5,1200,Ayerbe,LC,2.790599595
Spizaetus tyrannus,Spizaetus tyrannus,5,4,42.3,24.9,12.1,21,80.4,384.4,68.6,315.6,17.9,334.4,1007.11,Forest,Semi_open,Carnivore,Vertivore,Insessorial,-30.42,21.81,-4.6,-62.84,8304333.12,Sedentary,Forest,Vertebrate,1,2,1.6989700043360187,Sedentary,1,1,1,2100,Multiple,LC,7.996084446
Tachyphonus surinamus,Maschalethraupis surinama,14,6,16.4,11.9,5.3,5.5,18,79.9,16.3,64.2,20.2,70.1,19,Forest,Semi_open,Omnivore,Omnivore,Insessorial,-10.97,10.16,-1.37,-63.69,4737118.2,Sedentary,Forest,Fruit,2,2,1.3979400086720377,Sedentary,2,3,2.5,900,Ayerbe,LC,2.719812527
Phaethornis syrmatophorus,Phaethornis syrmatophorus,43,4,43.1,34.9,2.7,2.4,4.6,60.9,36,24.9,59.1,62.6,5.8,Forest,Dense,Herbivore,Nectarivore,Aerial,-7,7.23,0.97,-76.99,159638.35,Sedentary,Forest,Nectar,2,2,1.3979400086720377,Sedentary,2,2,2,1400,Freeman,LC,2.109896668
Xiphorhynchus susurrans,Xiphorhynchus susurrans,34,6,36,27.2,5.4,7,23.9,101.8,18.1,83.8,17.8,88.6,46.72,Forest,Dense,Carnivore,Invertivore,Insessorial,2.99,16.03,9.59,-76.11,640926.31,Sedentary,Forest,Invertebrate,2,6,0.9208187539523752,Sedentary,2,2,2,1500,Multiple,LC,3.635375376
Myrmotherula brachyura,Myrmotherula brachyura,9,4,13.5,8.5,3.1,3,16.2,43.6,4.2,39.7,9.5,19.5,6.4,Forest,Dense,Carnivore,Invertivore,Insessorial,-16.99,8.47,-3.79,-63.28,6190843.58,Sedentary,Forest,Invertebrate,1,2,1.6989700043360187,Sedentary,NA,NA,NA,1200,Ayerbe,LC,2.3748312
Ramphotrigon megacephalum,Ramphotrigon megacephalum,5,4,14,8.3,5.6,4.1,15.8,59,8.6,50.4,14.6,55.6,14.2,Forest,Dense,Carnivore,Invertivore,Insessorial,-27.34,10.53,-9.22,-63.37,2269306.34,Sedentary,Forest,Invertebrate,1,2,1.6989700043360187,Sedentary,2,2,2,1500,Ayerbe,LC,2.805651067
Chaetura cinereiventris,Chaetura cinereiventris,5,4,8.1,2.9,3,2.2,10.8,104.4,70.1,34.4,67,41.4,13.9,Forest,Dense,Carnivore,Invertivore,Aerial,-30.16,15.93,-6.25,-64.38,6102705.51,Sedentary,Forest,Invertebrate,1,1,2,Sedentary,2,4,3,2300,Multiple,LC,2.610382414
Accipiter striatus,Accipiter striatus,20,16,18.3,10.1,7.3,9.4,49.9,181.6,56.6,126.8,30.7,134.3,130.59,Forest,Dense,Carnivore,Vertivore,Aerial,-34.98,69.38,34.35,-96.11,16375303.87,Long_distance,Forest,Vertebrate,1,4,1.3979400086720377,Altitudinal,2,5,3.5,3200,Multiple,LC,5.472726925
Lophotriccus pileatus,Lophotriccus pileatus,7,5,13.2,6.6,3.6,2.8,15.1,48.9,7.6,41.3,15.7,39.3,7.47,Forest,Dense,Carnivore,Invertivore,Insessorial,-14.45,15.64,-1.34,-75.64,475468.12,Sedentary,Forest,Invertebrate,1,2,1.6989700043360187,Sedentary,2,2,2,2300,Freeman,LC,2.39700015
Turdus leucops,Turdus leucops,14,5,23.7,12.6,5.3,6.2,27.1,117.1,29.9,87,25.6,87.2,62.4,Forest,Dense,Herbivore,Frugivore,Insessorial,-18.23,11.2,-1.3,-70.79,490113.81,Sedentary,Forest,Fruit,2,4,1.0969100130080565,Altitudinal,2,2,2,1400,Freeman,LC,3.628434372
Conirostrum sitticolor,Conirostrum sitticolor,22,6,14.2,7.7,2.8,3.8,17.7,66.9,13.9,53.1,20.7,55.6,11.9,Forest,Dense,Carnivore,Invertivore,Insessorial,-17.94,10.78,-3.57,-74.7,300002.23,Sedentary,Forest,Invertebrate,1,1,2,Sedentary,NA,NA,NA,1200,Multiple,LC,2.474633598
Pachysylvia semibrunnea,Pachysylvia semibrunnea,16,4,16,9,4,4.3,17.9,62.2,7.8,54.4,12.6,50.1,11.4,Forest,Dense,Carnivore,Invertivore,Insessorial,-0.74,10.87,5.06,-75.07,42187.56,Sedentary,Forest,Invertebrate,1,3,1.5228787452803376,Sedentary,NA,NA,NA,2450,Freeman,LC,2.403426377
Saltator atripennis,Saltator atripennis,11,4,21.5,13.9,9.2,11,24.2,102.5,12.9,87.8,12.8,99,55,Forest,Semi_open,Herbivore,Frugivore,Insessorial,-3.98,8.56,2.94,-76.74,110254.94,Sedentary,Forest,Fruit,1,3,1.5228787452803376,Sedentary,2,3,2.5,1500,Multiple,LC,3.559103906
Phylloscartes ophthalmicus,Pogonotriccus ophthalmicus,17,4,10.7,6.2,3.7,3.3,15.3,59.6,9.7,49,16.5,56.6,9.2,Forest,Dense,Carnivore,Invertivore,Insessorial,-17.61,10.46,-4.05,-74.41,179706.35,Sedentary,Forest,Invertebrate,1,1,2,Sedentary,2,2,2,900,Ayerbe,LC,2.315167366
Chlorospingus canigularis,Chlorospingus canigularis,11,5,14.5,7.7,4.1,5.1,18.9,69.2,13.9,56.5,19.8,55.6,18,Forest,Dense,Omnivore,Frugivore,Insessorial,-13.27,10.36,-1.81,-76.05,165238.27,Sedentary,Forest,Fruit,1,2,1.6989700043360187,Sedentary,NA,NA,NA,1600,Multiple,LC,2.689703213
Thripadectes virgaticeps,Thripadectes virgaticeps,7,3,28,17.4,5.6,7.7,28.6,98.1,13.1,85,13.3,92.3,65.8,Forest,Dense,Carnivore,Invertivore,Insessorial,-0.83,10.56,4.54,-75.04,62554.86,Sedentary,Forest,Invertebrate,1,1,2,Sedentary,2,2,2,1300,Multiple,LC,3.835427387
Grallaria alleni,Grallaria alleni,1,1,25.7,15.6,6.6,7.5,45.7,98,17.2,80.8,17.6,42.5,70.5,Forest,Dense,Carnivore,Invertivore,Terrestrial,-1.19,6.52,1.07,-77.31,8886.61,Sedentary,Forest,Invertebrate,1,1,2,Sedentary,2,2,2,1400,Multiple,VU,3.285878706
Syndactyla subalaris,Syndactyla subalaris,27,3,22.7,12.6,4.4,5.9,21.9,87.8,15.5,72.5,17.6,84.4,28.9,Forest,Dense,Carnivore,Invertivore,Insessorial,-12.82,10.84,0.79,-75.86,258113.59,Sedentary,Forest,Invertebrate,2,2,1.3979400086720377,Sedentary,NA,NA,NA,1400,Multiple,LC,2.732988991
Cyclarhis nigrirostris,Cyclarhis nigrirostris,16,4,18.6,10.7,5.3,7.3,22.6,76.7,10.4,66.2,13.5,62.6,31.9,Forest,Semi_open,Carnivore,Invertivore,Insessorial,-1.2,7.76,3.86,-75.67,83596.16,Sedentary,Forest,Invertebrate,1,1,2,Sedentary,NA,NA,NA,1100,Freeman,LC,3.122394455
Premnoplex brunnescens,Premnoplex brunnescens,62,12,17.1,10.1,3.4,3.7,20.1,60,8.3,50.9,14,61.1,16.3,Forest,Dense,Carnivore,Invertivore,Insessorial,-17.84,11.1,-2.85,-74.22,406258.31,Sedentary,Forest,Invertebrate,1,1,2,Sedentary,2,2,2,2550,Multiple,LC,2.677710788
Piranga flava,Piranga hepatica,23,8,19.8,13.2,8.2,9.2,21,95.4,22.5,74.5,23.1,80,32.3,Forest,Semi_open,Carnivore,Invertivore,Insessorial,-18.71,38.99,14.99,-89.81,2230687.49,Partial,Forest,Invertebrate,2,5,1,Migratory,3,5,4,1900,Freeman,LC,2.250777359
Pharomachrus auriceps,Pharomachrus auriceps,14,2,26.3,13.4,11.5,10.7,18.5,202.1,73.7,127.6,36.6,193.4,180,Forest,Dense,Herbivore,Frugivore,Insessorial,-17.97,10.85,-3.4,-74.62,494429.38,Sedentary,Forest,Fruit,1,2,1.6989700043360187,Sedentary,NA,NA,NA,1750,Freeman,LC,4.621298837
Pseudotriccus pelzelni,Pseudotriccus pelzelni,4,4,11.5,6.4,3.9,3.2,19.3,53.8,9,44.8,16.6,43.2,10.9,Forest,Dense,Carnivore,Invertivore,Insessorial,-12.79,8.26,-1.48,-76.83,148376.2,Sedentary,Forest,Invertebrate,1,1,2,Sedentary,NA,NA,NA,1900,Multiple,LC,2.404015273
Cranioleuca erythrops,Cranioleuca erythrops,20,4,14.6,9.5,3.2,3.7,18.6,64.8,11,55.2,16.6,71.4,16.9,Forest,Dense,Carnivore,Invertivore,Insessorial,-2.92,11.01,4.76,-78.7,76469.87,Sedentary,Forest,Invertebrate,1,2,1.6989700043360187,Sedentary,NA,NA,NA,1200,Multiple,LC,2.683049889
Pachyramphus versicolor,Pachyramphus versicolor,21,4,12.6,7.4,5.2,4.4,16.2,64.6,13.5,52.1,20.6,51.7,15.5,Forest,Dense,Carnivore,Invertivore,Insessorial,-17.89,10.92,-1.66,-75.57,302157.64,Sedentary,Forest,Invertebrate,2,2,1.3979400086720377,Sedentary,2,3,2.5,2300,QJ,LC,2.592601872
Catharus fuscater,Catharus fuscater,11,4,17.7,9.7,3.6,4.5,33.3,88.4,14.4,71.2,16.9,78.9,33.7,Forest,Dense,Omnivore,Invertivore,Generalist,-18.07,11.1,-4.03,-74.19,313318.36,Sedentary,Forest,Invertebrate,2,2,1.3979400086720377,Sedentary,1,2,1.5,2200,Ayerbe,LC,2.864588003
Hafferia immaculata,Hafferia immaculata,6,4,22.6,12.9,5.2,6.2,33.6,80.8,5.1,73.6,6.3,80.5,47.1,Forest,Dense,Carnivore,Invertivore,Insessorial,3.41,10.81,7.24,-73.14,103061.8,Sedentary,Forest,Invertebrate,2,2,1.3979400086720377,Sedentary,NA,NA,NA,1500,Ayerbe,LC,2.534393376
Butorides striata,Butorides striata,31,13,69.2,51.8,9.1,11.2,49.7,175.9,53.2,125.5,29.8,63.6,201.5,Wetland,Open,Carnivore,Aquatic predator,Terrestrial,-41.16,54.29,7.56,7.37,53556698.29,Sedentary,Non-forest,Carnivore,3,4,0.9208187539523752,Irregular,3,5,4,3000,Ayerbe,LC,4.210398689
Chondrohierax uncinatus,Chondrohierax uncinatus,7,4,36.2,27,12.4,18.4,33.6,285.3,59.8,224.2,21,197.6,286.07,Forest,Semi_open,Carnivore,Invertivore,Insessorial,-27.24,26.3,-2.71,-64.2,9787616.08,Partial,Forest,Invertebrate,1,5,1.3010299956639813,Migratory,1,2,1.5,3100,Multiple,LC,5.812065414
Ortalis guttata,Ortalis guttata,18,4,28.2,11.6,6.3,9.1,53.6,192.3,29.3,165.6,15,214.5,547.72,Shrubland,Dense,Herbivore,Frugivore,Insessorial,-22.23,6.12,-7.43,-65.86,4434552.3,Sedentary,Non-forest,Herbivore,2,5,1,Sedentary,3,4,3.5,1900,QJ,LC,4.346695639
Colinus cristatus,Colinus cristatus,13,6,14.7,8.7,6.1,7.6,28.5,99.8,26.1,72.4,26.6,57.3,134.45,Forest,Semi_open,Herbivore,Omnivore,Terrestrial,-0.16,12.63,6.24,-67.92,1865470.32,Sedentary,Forest,Seed,3,4,0.9208187539523752,Irregular,8,15,11.5,3500,Ayerbe,LC,1.532298122
Aramides cajaneus,Aramides cajaneus,7,5,51.3,27.9,5.3,11.1,63,178.7,20.8,157.9,11.6,62.8,397,Forest,Dense,Carnivore,Aquatic predator,Terrestrial,-35.25,12.46,-9.4,-57.58,13038120.14,Sedentary,Forest,Invertebrate,4,6,0.619788758288394,Irregular,3,7,5,2100,Multiple,LC,4.388579239
Patagioenas plumbea,Patagioenas plumbea,13,4,23.1,12.9,4.3,5.1,23.1,177.8,61.9,115.7,34.9,141.6,178.77,Forest,Dense,Herbivore,Frugivore,Insessorial,-32.21,10.29,-7.14,-61.29,6564806.47,Sedentary,Forest,Fruit,2,2,1.3979400086720377,Altitudinal,NA,1,1,2200,Multiple,LC,3.425850305
Patagioenas subvinacea,Patagioenas subvinacea,8,4,18.8,9.8,3.8,4.1,20.8,156.3,53.6,102.7,34.3,114.4,162.48,Forest,Semi_open,Herbivore,Frugivore,Insessorial,-18.3,11.06,-2.21,-64.55,6899058.97,Sedentary,Forest,Fruit,1,3,1.5228787452803376,Altitudinal,1,1,1,2800,Ayerbe,LC,3.376605075
Psittacara wagleri,Psittacara wagleri,9,4,26.1,27.3,16.5,32.5,17.7,184.8,79,99.5,44.2,138.7,194,Forest,Dense,Herbivore,Frugivore,Insessorial,0.92,11.27,5.47,-74.31,202635.32,Sedentary,Forest,Herbivore,2,5,1,Irregular,NA,NA,NA,2450,Ayerbe,NT,5.230746893
Amazona autumnalis,Amazona autumnalis,7,4,39.1,30.1,16.4,29.6,22.1,201.7,62.6,139,31,117.4,416,Forest,Semi_open,Herbivore,Frugivore,Insessorial,-0.59,23.83,12.93,-84.94,902004.22,Sedentary,Forest,Fruit,2,5,1,Irregular,3,4,3.5,1300,Ayerbe,LC,10.69356855
Piaya cayana,Piaya cayana,24,10,32,18.9,8.8,10.7,34.6,145.5,15.9,129.6,11,278.6,101.98,Forest,Dense,Carnivore,Invertivore,Insessorial,-36.22,12.46,-9.04,-58.15,13448425.2,Sedentary,Forest,Invertebrate,3,4,0.9208187539523752,Sedentary,2,2,2,2700,Ayerbe,LC,4.086583672
Systellura longirostris,Systellura longirostris,8,4,18.8,7.4,4.9,2.5,16.4,154.9,74.3,79.1,48.5,117.3,45.6,Shrubland,Semi_open,Carnivore,Invertivore,Insessorial,-55.72,11.15,-30.98,-65.28,4156452.17,Sedentary,Non-forest,Invertebrate,1,3,1.5228787452803376,Migratory,1,2,1.5,2000,Ayerbe,LC,3.718506467
Coeligena torquata,Coeligena torquata,31,4,39.2,33,2.3,2.1,5.1,74.1,47.6,29.2,61.9,46,6.72,Forest,Dense,Herbivore,Nectarivore,Aerial,-13.18,8.14,-0.77,-76.27,302874.56,Sedentary,Forest,Nectar,2,2,1.3979400086720377,Altitudinal,2,2,2,1500,Multiple,LC,2.220364036
Ocreatus underwoodii,Ocreatus underwoodii,21,4,17.6,16.2,2,1.7,4.5,42.6,29.3,13.4,68.7,51.1,3,Forest,Dense,Herbivore,Nectarivore,Aerial,-17.74,11.28,-2.66,-74.11,385599.41,Sedentary,Forest,Nectar,2,1,1.6989700043360187,Altitudinal,2,2,2,2200,QJ,LC,1.735618508
Trogon collaris,Trogon collaris,19,8,20.3,11.2,8.2,9.1,13.4,121.2,46.3,74.2,38.4,132.7,65.43,Forest,Dense,Omnivore,Invertivore,Insessorial,-23.01,21.71,-2,-66.62,6799060.77,Sedentary,Forest,Omnivore,2,3,1.2218487496163564,Altitudinal,2,3,2.5,2600,Multiple,LC,3.636894909
Trogon rufus,Trogon rufus,22,8,19.9,11.7,8.9,9.8,13.1,113.1,42.8,70.3,37.9,130.9,53.8,Forest,Dense,Omnivore,Omnivore,Insessorial,-29.64,16.03,-5.73,-61.12,6666233.02,Sedentary,Forest,Invertebrate,2,3,1.2218487496163564,Sedentary,2,2,2,1300,Ayerbe,LC,3.682806091
Hypnelus ruficollis,Hypnelus ruficollis,5,4,31.6,23.6,10.4,12.3,18.5,88,19.2,68.3,22,84,49.8,Forest,Semi_open,Carnivore,Invertivore,Insessorial,4.61,12.46,9.2,-73.68,239856.99,Sedentary,Forest,Invertebrate,2,4,1.0969100130080565,Sedentary,3,3,3,1300,QJ,LC,3.395075867
Picumnus squamulatus,Picumnus squamulatus,5,4,11.2,9,3.9,4.5,13,51.2,9,42.5,17.5,29.6,10.2,Woodland,Semi_open,Carnivore,Invertivore,Insessorial,1.73,10.86,7.57,-69.52,437386.97,Sedentary,Forest,Invertebrate,1,4,1.3979400086720377,Sedentary,NA,NA,NA,2000,Ayerbe,LC,2.340200539
Zimmerius chrysops,Zimmerius chrysops,85,6,9.2,5.5,3.8,3.3,17,52.8,6.4,43.3,13.1,45.7,10.4,Forest,Dense,Carnivore,Invertivore,Insessorial,-8.42,11.31,2.97,-75.13,387308.82,Sedentary,Forest,Invertebrate,2,3,1.2218487496163564,Sedentary,2,2,2,2400,Multiple,LC,2.374861534
Elaenia pallatangae,Elaenia pallatangae,69,55,12.7,6.3,3.5,3.1,17.5,73.8,15.6,58.2,21.1,68.6,17.8,Forest,Semi_open,Omnivore,Invertivore,Insessorial,-17.49,5.01,-6.6,-75.32,281873.78,Long_distance,Forest,Invertebrate,2,3,1.2218487496163564,Sedentary,2,2,2,1200,Ayerbe,LC,3.264821479
Tolmomyias flaviventris,Tolmomyias flaviventris,17,4,12.6,6.8,5.2,4,16.2,59.9,9.7,49.9,16.2,52.7,12.2,Forest,Dense,Carnivore,Invertivore,Insessorial,-23.97,12.46,-3.7,-54.82,6722663.2,Sedentary,Forest,Invertebrate,1,6,1.2218487496163564,Sedentary,2,3,2.5,800,Ayerbe,LC,2.534393376
Onychorhynchus coronatus,Onychorhynchus coronatus,13,4,22.1,13.8,7.4,4.5,15.8,73.9,15.7,58,21.2,59.7,14,Forest,Dense,Carnivore,Invertivore,Insessorial,-16.87,10.77,-3.27,-63.07,5973721.86,Partial,Forest,Invertebrate,1,4,1.3979400086720377,Sedentary,2,2,2,1500,Ayerbe,LC,2.798035407
Pyrocephalus rubinus,Pyrocephalus rubinus,29,8,14.4,9.7,5.4,4,16.7,74.3,16.7,57.7,22.4,57.6,14.4,Woodland,Open,Carnivore,Invertivore,Insessorial,-41.16,39.48,-0.22,-79.92,8461953.41,Long_distance,Forest,Invertebrate,1,6,1.2218487496163564,Migratory,2,5,3.5,3350,Multiple,LC,2.285797798
Ochthoeca cinnamomeiventris,Ochthoeca cinnamomeiventris,38,0,13.6,7.2,5.1,3.4,18.1,63.3,10.9,52.6,17.2,54.4,12,Shrubland,Dense,Carnivore,Invertivore,Insessorial,-5.41,7.84,3.14,-75.77,174511.37,Sedentary,Non-forest,Invertebrate,1,4,1.3979400086720377,Sedentary,1,2,1.5,1400,Ayerbe,LC,2.224201419
Ochthoeca fumicolor,Ochthoeca fumicolor,20,8,15.3,8.3,3.9,3.6,23.9,82.7,15.7,67,19,74.7,16.6,Grassland,Semi_open,Carnivore,Invertivore,Insessorial,-17.54,7.66,-3.7,-74.81,246238.91,Sedentary,Non-forest,Invertebrate,1,4,1.3979400086720377,Sedentary,2,2,2,1700,Multiple,LC,2.681181185
Sakesphorus canadensis,Sakesphorus canadensis,9,4,22.6,13.2,6,6.4,24.2,71.8,6.9,66.4,9.4,56.6,24.4,Woodland,Semi_open,Carnivore,Invertivore,Insessorial,-8.53,11.51,4.58,-64.65,1626726.49,Sedentary,Forest,Invertebrate,3,5,0.8239087409443188,Sedentary,2,3,2.5,1000,Ayerbe,LC,2.953818121
Furnarius leucopus,Furnarius cinnamomeus,5,4,27.1,15.7,4,4.7,33.2,97.6,16.9,80.7,17.4,63.6,41.21,Shrubland,Semi_open,Carnivore,Invertivore,Terrestrial,-9.32,1.85,-3.68,-79.71,170281,Sedentary,Non-forest,Invertebrate,1,5,1.3010299956639813,Sedentary,2,2,2,2800,Ayerbe,LC,3.256006351
Synallaxis albescens,Synallaxis albescens,36,4,13,8.1,3.1,3.7,19.2,54.4,7.4,47.5,13.8,76.7,11.2,Grassland,Semi_open,Carnivore,Invertivore,Insessorial,-38.54,12.46,-12.31,-55.82,9891841.77,Sedentary,Non-forest,Invertebrate,1,5,1.3010299956639813,Sedentary,2,4,3,2100,QJ,LC,2.222417714
Automolus ochrolaemus,Automolus ochrolaemus,47,15,22.7,15,4.8,6.4,23.5,87.1,15.1,72,17.4,74.8,40.2,Forest,Dense,Carnivore,Invertivore,Insessorial,-17.68,18.88,-2.68,-65.48,6428902.26,Sedentary,Forest,Invertebrate,2,4,1.0969100130080565,Sedentary,2,3,2.5,1400,Ayerbe,LC,3.242881147
Dendrocolaptes certhia,Dendrocolaptes certhia,22,8,41,29.3,9.4,8,27.3,126.9,22.5,104.3,17.7,122.9,68.7,Forest,Dense,Carnivore,Invertivore,Insessorial,-17.71,9.62,-4.01,-62.55,6659679.41,Sedentary,Forest,Invertebrate,2,4,1.0969100130080565,Sedentary,1,1,1,700,Ayerbe,LC,4.3788537850000004
Formicarius analis,Formicarius analis,36,12,21.8,13.5,5.7,6,32.2,89.7,14.8,74.6,16.6,56.7,62.19,Forest,Dense,Carnivore,Invertivore,Terrestrial,-17.77,15.88,-3.44,-63.76,5715479.2,Sedentary,Forest,Invertebrate,4,2,1.0969100130080565,Sedentary,2,2,2,1000,Ayerbe,LC,2.398737037
Grallaria quitensis,Grallaria quitensis,21,4,26,15.1,6.5,7.8,47.8,95.9,7.4,88.8,7.7,56,65.7,Shrubland,Semi_open,Carnivore,Invertivore,Terrestrial,-5.63,5.51,0.02,-77.7,74340.84,Sedentary,Non-forest,Invertebrate,2,4,1.0969100130080565,Sedentary,2,2,2,1200,Ayerbe,LC,3.038074248
Scytalopus latrans,Scytalopus latrans,16,4,14.4,6.6,2.7,3.2,21.4,55.9,6.9,50.4,12.2,40.1,17.62,Forest,Dense,Carnivore,Invertivore,Terrestrial,-6.89,9.13,1.87,-76.3,216427.84,Sedentary,Forest,Invertebrate,1,4,1.3979400086720377,Sedentary,2,2,2,1400,Multiple,LC,2.476558704
Turdus ignobilis,Turdus ignobilis,63,3,21.2,12.5,6.1,6.6,34.6,110.4,22,91.8,19.4,88.2,63.78,Forest,Semi_open,Omnivore,Omnivore,Insessorial,0.35,9.53,5.77,-73.13,272969.91,Sedentary,Forest,Omnivore,2,5,1,Sedentary,2,2,2,2700,Multiple,LC,4.913922321
Ramphocaenus melanurus,Ramphocaenus melanurus,22,5,24.3,16.8,2.8,2.9,21.8,50.2,3.8,42.8,8.1,41.5,9.7,Forest,Semi_open,Carnivore,Invertivore,Insessorial,-27.6,21.55,-2.65,-63.46,9179813.29,Sedentary,Forest,Invertebrate,1,3,1.5228787452803376,Sedentary,2,2,2,1800,Multiple,LC,2.519205671
Polioptila plumbea,Polioptila plumbea,40,4,12.2,8,2.9,2.5,17.6,46.7,5.4,38.4,12.3,44.4,6.4,Shrubland,Semi_open,Carnivore,Invertivore,Insessorial,-20.09,21.46,-1.37,-60.76,7562341.5,Sedentary,Non-forest,Invertebrate,1,5,1.3010299956639813,Sedentary,2,4,3,1600,Ayerbe,LC,2.045127602
Arremon taciturnus,Arremon taciturnus,28,12,14.6,10,5.5,7.3,23.8,72,7.9,64.5,10.9,61.3,24.8,Forest,Dense,Herbivore,Omnivore,Insessorial,-20.18,8.74,-6.08,-55.32,6755484.62,Sedentary,Forest,Invertebrate,3,2,1.2218487496163564,Sedentary,2,3,2.5,1200,Ayerbe,LC,2.534393376
Atlapetes schistaceus,Atlapetes schistaceus,16,4,14,8.5,5.1,6.3,24.8,75.7,9.5,66.5,12.5,83.9,28.04,Forest,Semi_open,Omnivore,Omnivore,Insessorial,-3.12,10.97,5.05,-74.48,143739.86,Sedentary,Forest,Omnivore,2,4,1.0969100130080565,Sedentary,NA,NA,NA,2000,Multiple,LC,2.98908279
Geothlypis aequinoctialis,Geothlypis aequinoctialis,15,8,14.4,8.4,3.1,3.8,21.7,58.1,7.8,50.1,13.5,56.3,13.1,Shrubland,Open,Carnivore,Invertivore,Insessorial,-36.15,10.84,-15.68,-56.13,7376725.6,Sedentary,Non-forest,Invertebrate,1,4,1.3979400086720377,Sedentary,2,3,2.5,1600,Ayerbe,LC,2.181803461
Basileuterus tristriatus,Basileuterus tristriatus,47,6,14.2,7.4,4.1,3.8,20.4,61,8.2,52.9,13.4,56.3,12.03,Forest,Dense,Carnivore,Invertivore,Insessorial,-18.11,12.34,-2.6,-74.13,475236.65,Sedentary,Forest,Invertebrate,1,2,1.6989700043360187,Sedentary,2,2,2,2000,Multiple,LC,2.622139398
Chlorospingus flavopectus,Chlorospingus flavopectus,45,6,14.7,8.2,4.8,5.5,21.4,67.3,10.3,55.8,15.6,63.8,19.98,Forest,Dense,Carnivore,Invertivore,Insessorial,-26.89,21.61,1.43,-78.59,587009.94,Sedentary,Forest,Fruit,2,2,1.3979400086720377,Altitudinal,1,3,2,1800,Ayerbe,LC,2.844110829
Sphenopsis melanotis,Sphenopsis ochracea,1,1,15.1,8,3.8,4.7,19.9,80,11,69,13.8,69.5,16,Forest,Dense,Omnivore,Omnivore,Insessorial,-2.92,1.08,-0.35,-78.73,1281.56,Sedentary,Forest,Invertebrate,2,3,1.2218487496163564,Sedentary,NA,NA,NA,1500,Multiple,LC,2.534393376
Tangara mexicana,Tangara mexicana,9,4,13,7.3,4.3,5,16.4,70.2,16.2,53.7,23.2,49.6,20.5,Forest,Semi_open,Omnivore,Omnivore,Insessorial,-18,10.84,-4.67,-62.36,7040026.36,Sedentary,Forest,Fruit,2,4,1.0969100130080565,Sedentary,2,3,2.5,1100,Ayerbe,LC,3.07896119
Sporophila crassirostris,Sporophila crassirostris,13,3,15.4,10.2,8.3,11.5,18.6,66.9,10.9,56.1,16.2,59.6,20.9,Shrubland,Semi_open,Herbivore,Granivore,Insessorial,-10.05,11.28,2.29,-66.83,2533030.55,Partial,Non-forest,Seed,2,5,1,Sedentary,2,3,2.5,1400,QJ,LC,2.322979312
Saltator coerulescens,Saltator coerulescens,17,4,22.3,13.9,8.8,11,26.8,100.7,14.6,86.2,14.5,95.5,54.9,Human Modified,Semi_open,Herbivore,Omnivore,Insessorial,-35.64,2.03,-12.12,-59.52,8191352.17,Sedentary,Non-forest,Omnivore,5,3,0.8239087409443188,Sedentary,2,3,2.5,1900,Ayerbe,LC,2.534393376
Sturnella magna,Sturnella magna,13,6,33.5,20,6.1,8.2,39.8,108.1,28.4,86.1,24.8,67.4,91.76,Grassland,Open,Carnivore,Invertivore,Terrestrial,-2.91,50.71,30.39,-84.52,7031582.36,Partial,Non-forest,Invertebrate,2,4,1.0969100130080565,Migratory,2,7,4.5,3500,Multiple,NT,2.6782694
Bubulcus ibis,Bubulcus ibis,14,10,63.3,43.5,8.6,11.5,76.8,244.4,73,171.2,29.9,90.9,365.95,Human Modified,Open,Carnivore,Omnivore,Terrestrial,-55.98,58.29,5.1,-2.69,62451101.72,Partial,Non-forest,Invertebrate,3,8,0.619788758288394,Migratory,1,9,5,3500,Ayerbe,LC,6.069601865
Accipiter bicolor,Accipiter bicolor,11,8,25,13.7,8.6,12.7,58.1,229.6,56.6,174.8,24.6,186.3,287.54,Woodland,Semi_open,Carnivore,Vertivore,Generalist,-55.72,23.73,-10.1,-59.96,14309701.27,Partial,Forest,Vertebrate,2,3,1.2218487496163564,Sedentary,1,4,2.5,2400,Ayerbe,LC,4.850855163
Phaeomyias murina,Phaeomyias murina,30,7,11.1,6.3,4,3.2,18.7,55,8.5,46.2,15.4,51.2,10,Shrubland,Semi_open,Omnivore,Invertivore,Insessorial,-30.37,12.46,-8,-57.04,10817801.09,Sedentary,Non-forest,Invertebrate,3,5,0.8239087409443188,Altitudinal,2,2,2,2500,Ayerbe,LC,2.534393376
Myiodynastes chrysocephalus,Myiodynastes hemichrysus,4,4,24.8,16.5,10.1,7.1,18.5,99.5,17.9,81.6,18,82.1,43.4,Forest,Dense,Omnivore,Omnivore,Insessorial,-5.76,11.19,4.32,-75.23,319266.74,Sedentary,Forest,Omnivore,2,3,1.2218487496163564,Irregular,3,3,3,2800,Ayerbe,LC,3.075494434
Xenops minutus,Xenops genibarbis,60,7,14.3,10,3.3,4.5,14.8,62.4,14,48.8,22.3,49.3,10.6,Forest,Dense,Carnivore,Invertivore,Insessorial,-17.35,21.12,-1.95,-63.76,8775191.63,Sedentary,Forest,Invertebrate,1,1,2,Sedentary,2,2,2,1900,Multiple,LC,1.843044685
Troglodytes aedon,Troglodytes aedon,104,26,15.9,9.8,3,3.1,20.1,51.4,6.7,44.9,12.9,41.1,10.85,Shrubland,Open,Carnivore,Invertivore,Insessorial,-55.72,59.66,4.96,-75.18,25653883.47,Sedentary,Non-forest,Invertebrate,1,7,1.1549019599857433,Sedentary,2,6,4,3400,Ayerbe,LC,2.13714676
Cyphorhinus thoracicus,Cyphorhinus thoracicus,4,4,27.1,14.7,4.1,5.8,27.6,66.6,6.5,60.1,9.8,47.9,31.28,Forest,Dense,Carnivore,Invertivore,Terrestrial,-15.03,-9.19,-12.23,-72.9,58720.02,Sedentary,Forest,Invertebrate,1,1,2,Sedentary,NA,NA,NA,1600,Multiple,LC,2.398737037
Basileuterus rufifrons,Basileuterus rufifrons,34,4,12.3,7.6,4.1,4,20.7,54.5,6.1,45.6,11.8,58,10.4,Shrubland,Semi_open,Carnivore,Invertivore,Insessorial,1.82,30.95,17.84,-94.81,967644.87,Sedentary,Non-forest,Invertebrate,2,1,1.6989700043360187,Sedentary,3,4,3.5,1800,Ayerbe,LC,2.425777583
Molothrus aeneus,Molothrus aeneus,10,4,22.2,14.7,6.1,9.7,29.1,108,27.1,80.4,25.3,77,62.61,Forest,Semi_open,Omnivore,Granivore,Terrestrial,7.2,35.86,23.63,-99.9,2518193.73,Sedentary,Forest,Omnivore,2,4,1.0969100130080565,Sedentary,NA,1,1,2300,Ayerbe,LC,2.459147624
Contopus cinereus,Contopus bogotensis,11,4,15.9,9.3,6.5,3.7,13.8,70.8,20.2,51,28.3,58.8,11.6,Forest,Semi_open,Carnivore,Invertivore,Insessorial,-1.85,21.61,9.71,-73.49,1610570.93,Partial,Forest,Invertebrate,1,6,1.2218487496163564,Sedentary,2,3,2.5,1400,Multiple,LC,2.397067018
Formicivora grisea,Formicivora intermedia,27,4,16.3,9.4,3.7,3.6,21.2,52.5,3,49,5.9,48.9,9.8,Shrubland,Semi_open,Carnivore,Invertivore,Insessorial,2.03,12.46,8.52,-69.44,779878.05,Sedentary,Non-forest,Invertebrate,1,4,1.3979400086720377,Sedentary,2,2,2,1700,Ayerbe,LC,4.433845767
Tringa solitaria,Tringa solitaria,5,4,32.7,25.4,2.7,3.9,29.6,126.6,63.9,64.6,49.7,53.9,48.4,Wetland,Open,Carnivore,Aquatic predator,Terrestrial,45.12,69.43,57.78,-113.4,5546518.4,Long_distance,Non-forest,Invertebrate,1,6,1.2218487496163564,Migratory,4,4,4,3500,Ayerbe,LC,3.038332371
Icterus galbula,Icterus galbula,23,10,21.1,13.3,5,6.4,23.4,92.1,25.5,67.4,27.4,73.3,32.83,Forest,Dense,Omnivore,Invertivore,Insessorial,30.82,58.5,43.69,-91.8,4604558.64,Long_distance,Forest,Invertebrate,3,5,0.8239087409443188,Migratory,3,7,5,2000,Ayerbe,LC,2.680863532
Setophaga fusca,Setophaga fusca,44,4,12.3,8,3.5,3.5,17.6,65.7,21.9,45.6,32.4,47.2,9.74,Forest,Dense,Carnivore,Invertivore,Insessorial,34.72,54.24,47.11,-82.52,2026720.02,Long_distance,Forest,Invertebrate,2,3,1.2218487496163564,Migratory,3,5,4,2900,Multiple,LC,2.237287672
Setophaga ruticilla,Setophaga ruticilla,35,6,12.3,6.8,4,3,17,62,15.6,48,24.6,52.6,8.24,Forest,Dense,Carnivore,Invertivore,Insessorial,30.05,65.02,47.72,-98.09,6675504.95,Long_distance,Forest,Invertebrate,2,3,1.2218487496163564,Migratory,1,5,3,3000,Ayerbe,LC,2.290661573
Tyrannus dominicensis,Tyrannus dominicensis,9,4,30.6,21.6,11.5,8.8,18.5,116.6,35.2,81.6,30.1,89,46.5,Forest,Open,Carnivore,Omnivore,Insessorial,7.55,30.92,17.44,-73.02,575526.35,Partial,Forest,Invertebrate,3,7,0.6777807052660807,Sedentary,2,5,3.5,3000,Ayerbe,LC,2.892699702
Myiarchus crinitus,Myiarchus crinitus,18,4,22.7,15.5,8.5,6.9,21.8,98.8,21.6,79.4,21.4,88.1,32.1,Woodland,Dense,Omnivore,Invertivore,Insessorial,8.61,55.55,40.77,-88.84,5137539.15,Long_distance,Forest,Invertebrate,2,6,0.9208187539523752,Migratory,4,8,6,2700,Ayerbe,LC,3.336289418
Leiothlypis peregrina,Leiothlypis peregrina,60,4,10.9,7.8,3.1,3.2,18.3,62.5,16.6,47.6,25.9,42.1,8.9,Forest,Dense,Carnivore,Invertivore,Insessorial,43.39,67.44,54.36,-100.86,4777801.14,Long_distance,Forest,Invertebrate,3,4,0.9208187539523752,Migratory,3,8,5.5,NA,Ayerbe,LC,1.862894145
Tyrannus tyrannus,Tyrannus tyrannus,10,4,21.5,14.8,8.2,6.5,18.5,116.7,38.6,77.2,33.3,87.6,39.85,Woodland,Semi_open,Carnivore,Invertivore,Insessorial,24.95,65.28,45.77,-98.88,9124093.16,Long_distance,Forest,Invertebrate,2,5,1,Migratory,2,5,3.5,3200,Hilty,LC,2.586855542
Piranga rubra,Piranga rubra,57,10,19.2,13.3,8.4,9,19.5,92,27.9,67.4,29.2,71.3,29.13,Forest,Dense,Carnivore,Invertivore,Insessorial,24.5,42.5,33.47,-93.77,3269576.69,Long_distance,Forest,Invertebrate,2,4,1.0969100130080565,Migratory,3,4,3.5,3200,Hilty,LC,2.529418312
Coccyzus americanus,Coccyzus americanus,12,4,29.2,20,7,8.2,24.5,143.4,62.4,82.6,43,146.3,64,Forest,Dense,Carnivore,Invertivore,Insessorial,-14.02,48.99,36.04,-90.96,5270361.03,Long_distance,Forest,Invertebrate,3,4,0.9208187539523752,Migratory,1,5,3,3500,Ayerbe,LC,2.532871766
Catharus ustulatus,Catharus ustulatus,31,6,16.6,9.5,4.4,4.1,29.6,96.8,29.7,67.2,30.6,67.1,30.3,Forest,Dense,Omnivore,Invertivore,Insessorial,32.94,59.64,49.34,-125.97,489246.29,Long_distance,Forest,Invertebrate,2,3,1.2218487496163564,Migratory,1,5,3,3000,Hilty,LC,2.471010853
Setophaga striata,Setophaga striata,10,4,13.9,8.7,3.6,3.4,19.5,74.3,23.2,51.1,31.3,50.4,11.84,Forest,Dense,Carnivore,Invertivore,Insessorial,41.42,68.98,58.99,-110.59,6353206.91,Long_distance,Forest,Invertebrate,3,2,1.2218487496163564,Migratory,2,5,3.5,2600,Ayerbe,NT,2.083837971
Piranga olivacea,Piranga olivacea,21,4,18.8,11.5,7.2,8.2,19.4,92.6,29.5,65.9,30.9,63.8,28.2,Forest,Dense,Carnivore,Invertivore,Insessorial,32.41,53.03,41.72,-85.13,2605301.09,Long_distance,Forest,Invertebrate,2,3,1.2218487496163564,Migratory,3,5,4,3200,Ayerbe,LC,2.390336661
Sturnella militaris,Leistes militaris,12,2,20.2,12.8,5.5,7.4,29.2,88.2,16.6,71.7,18.8,57.4,48.01,Grassland,Open,Carnivore,Invertivore,Terrestrial,-14.42,12.46,0.12,-63.52,3688152.76,Partial,Non-forest,Invertebrate,2,4,1.0969100130080565,Irregular,2,4,3,2100,Ayerbe,LC,3.397218526
Mniotilta varia,Mniotilta varia,20,4,13.7,9,2.9,3.3,17.3,68.8,17,49.7,25.5,46.6,10.9,Forest,Dense,Carnivore,Invertivore,Insessorial,30.21,65.04,48.07,-92.35,5385503.08,Long_distance,Forest,Invertebrate,1,2,1.6989700043360187,Migratory,4,5,4.5,2700,Hilty,LC,2.592005464
Tiaris obscurus,Asemospiza obscura,11,4,10.4,5.4,4.8,5.8,17.3,52.4,7.9,46,14.7,42.3,11.2,Shrubland,Semi_open,Herbivore,Granivore,Terrestrial,-25.74,11.69,-6.35,-72.97,1000344.6,Partial,Non-forest,Seed,1,3,1.5228787452803376,Altitudinal,3,4,3.5,1700,QJ,LC,1.914724724
Hirundo rustica,Hirundo rustica,68,10,12.4,6,4.5,2.7,11.7,115.8,62.3,56,52.6,71.4,17.91,Human Modified,Open,Carnivore,Invertivore,Aerial,-37.53,71.13,47.56,34.57,51701054.06,Long_distance,Non-forest,Invertebrate,1,6,1.2218487496163564,Migratory,2,7,4.5,3400,Hilty,LC,3.132150175
Empidonax virescens,Empidonax virescens,48,5,13.3,9.1,6.1,4,17.1,71,19.9,52.1,27.5,58.8,12.6,Forest,Semi_open,Carnivore,Invertivore,Insessorial,26.59,45.34,36.73,-87.99,3006134.68,Long_distance,Forest,Invertebrate,2,3,1.2218487496163564,Migratory,1,4,2.5,2800,Hilty,LC,2.657902826
Vireo flavifrons,Vireo flavifrons,27,4,15.1,8.5,4.3,4.9,19.3,76.3,25.8,50.4,33.8,48.4,18,Forest,Semi_open,Carnivore,Invertivore,Insessorial,28.07,49.87,38.91,-86.42,3167329.54,Long_distance,Forest,Invertebrate,2,4,1.0969100130080565,Migratory,3,4,3.5,2800,Ayerbe,LC,2.352781493
Pandion haliaetus,Pandion haliaetus,12,8,47,27.7,17.3,19.6,49.8,468.4,204.8,253,44.9,201.3,1483.2,Marine,Open,Carnivore,Aquatic predator,Aerial,-37.8,70.69,49.18,25.45,31298390.01,Long_distance,Non-forest,Fish,1,3,1.5228787452803376,Migratory,1,4,2.5,4000,Ayerbe,LC,9.901877185
Cardellina canadensis,Cardellina canadensis,51,4,13,7.2,4,3.6,19.2,62.5,16.5,47.3,25.9,52.7,10.04,Forest,Dense,Carnivore,Invertivore,Insessorial,34.65,60.45,49.78,-87.55,2768373.43,Long_distance,Forest,Invertebrate,1,3,1.5228787452803376,Migratory,2,6,4,3000,Ayerbe,LC,2.048246608
Contopus virens,Contopus virens,19,4,14.3,10,6.3,4,14.2,81,25.6,57,31,62.7,13.9,Forest,Dense,Carnivore,Invertivore,Insessorial,27.9,50.6,40.17,-86.94,4080253.15,Long_distance,Forest,Invertebrate,1,3,1.5228787452803376,Migratory,2,4,3,3000,Ayerbe,LC,2.33554447
Empidonomus varius,Empidonomus varius,20,4,17.5,10.5,6.3,5.5,15.3,96.8,23.5,73.3,24.2,80.6,27.1,Woodland,Semi_open,Omnivore,Invertivore,Insessorial,-34.98,11.45,-12.08,-54.08,10542042.68,Long_distance,Forest,Invertebrate,2,4,1.0969100130080565,Sedentary,2,4,3,600,Hilty,LC,2.948022458
Myiarchus swainsoni,Myiarchus swainsoni,15,4,20.2,14.6,7,5.7,20.6,88.6,15,73.2,17,82.9,25.1,Forest,Semi_open,Carnivore,Invertivore,Insessorial,-41.17,8.63,-14.04,-54.63,11083742.29,Long_distance,Forest,Invertebrate,2,5,1,Migratory,3,4,3.5,500,Hilty,LC,3.241763351
Veniliornis passerinus,Veniliornis passerinus,12,4,18.7,15.9,5.5,5.3,14.3,76.6,11.5,65.1,15.1,46.9,32.1,Forest,Semi_open,Carnivore,Invertivore,Insessorial,-29.09,9.35,-7.81,-57.46,11102862.12,Sedentary,Forest,Invertebrate,1,7,1.1549019599857433,Sedentary,NA,NA,NA,1200,QJ,LC,3.095332429
Actitis macularius,Actitis macularius,5,4,25.7,16.2,2.7,3.3,24.2,100.4,47.6,52.6,47.5,53,40.4,Wetland,Open,Carnivore,Aquatic predator,Terrestrial,32.24,69.69,52.38,-107.73,13627000.39,Long_distance,Non-forest,Invertebrate,2,3,1.2218487496163564,Migratory,3,5,4,3500,Ayerbe,LC,3.655805581
Setophaga caerulescens,Setophaga caerulescens,9,4,13,7.4,3.4,3.3,18.6,62.2,14.9,47,24.1,48.9,10.14,Forest,Dense,Carnivore,Invertivore,Insessorial,33.82,49.94,44.91,-77.04,1168234.94,Long_distance,Forest,Invertebrate,4,4,0.7958800173440752,Migratory,2,5,3.5,NA,Ayerbe,LC,2.256927131
Vireo flavoviridis,Vireo flavoviridis,22,4,18.1,9.9,4.4,4.6,18.9,77.7,20.4,58.5,25.9,51.9,17.59,Woodland,Semi_open,Omnivore,Invertivore,Insessorial,7.2,29.23,17.89,-93.82,1006388.21,Long_distance,Forest,Invertebrate,2,3,1.2218487496163564,Migratory,2,3,2.5,2600,Hilty,LC,2.814393624
Protonotaria citrea,Protonotaria citrea,15,4,17.1,10.8,3.8,3.9,18.3,68.9,20.9,48.9,30,42.7,14.3,Forest,Dense,Carnivore,Invertivore,Insessorial,25.81,45.28,36.53,-88.1,2173071.74,Long_distance,Forest,Invertebrate,1,4,1.3979400086720377,Migratory,3,7,5,1800,Ayerbe,LC,2.006374883
Veniliornis kirkii,Veniliornis kirkii,7,4,20.9,16.2,5.3,5.9,16.5,86.1,15.4,72.8,17.5,58.5,28.8,Forest,Semi_open,Carnivore,Invertivore,Insessorial,-4.14,11.39,7.14,-73.06,705329.29,Sedentary,Forest,Invertebrate,1,5,1.3010299956639813,Sedentary,2,3,2.5,1300,Ayerbe,LC,3.141201738
Buteo platypterus,Buteo platypterus,13,4,28.3,17.8,11.1,14.4,53.4,277.7,103.7,177.4,36.9,178.8,453.65,Forest,Semi_open,Carnivore,Vertivore,Insessorial,11.13,55.3,42.9,-87.09,4864047.78,Long_distance,Forest,Vertebrate,2,4,1.0969100130080565,Migratory,2,3,2.5,3500,Ayerbe,LC,5.770490449
Thraupis cyanocephala,Sporathraupis cyanocephala,56,37,17,9.1,6,6.7,24,85.8,14.8,70.6,17.4,80.6,36,Forest,Semi_open,Herbivore,Frugivore,Insessorial,-17.7,11.2,-2.38,-74.24,429823.39,Sedentary,Forest,Fruit,2,4,1.0969100130080565,Sedentary,2,2,2,1500,Multiple,LC,3.322103114
Geothlypis philadelphia,Geothlypis philadelphia,71,7,12.5,8,3.3,3.6,22.1,59,15.1,44.7,25.3,47.8,11.74,Forest,Dense,Carnivore,Invertivore,Insessorial,37.6,59.93,49.89,-89.66,2709565.27,Long_distance,Forest,Invertebrate,3,3,1.045757490560675,Migratory,2,5,3.5,3000,Hilty,LC,2.123503652
Parkesia noveboracensis,Parkesia noveboracensis,57,4,18.8,9.7,3.5,3.7,23,73.9,21,54.2,28,49.9,16.3,Shrubland,Dense,Carnivore,Invertivore,Terrestrial,37.23,69.29,55.55,-106.16,7602956.73,Long_distance,Non-forest,Invertebrate,1,7,1.1549019599857433,Migratory,1,6,3.5,2600,Hilty,LC,2.215035085
Spiza americana,Spiza americana,9,4,15.1,9.8,5.5,7.5,22.3,77.9,20.3,56.8,26.4,56.1,26.18,Grassland,Open,Omnivore,Omnivore,Terrestrial,28.75,51.42,39.97,-94.69,3462252.57,Long_distance,Non-forest,Seed,2,4,1.0969100130080565,Migratory,3,7,5,2600,Ayerbe,LC,2.079148346
Setophaga cerulea,Setophaga cerulea,9,4,14.3,8.2,3.2,3.3,15.5,65.6,21.9,44,33.2,42.3,9.04,Forest,Dense,Carnivore,Invertivore,Insessorial,33.26,47.22,40.57,-85.47,1849163.51,Long_distance,Forest,Invertebrate,2,2,1.3979400086720377,Migratory,2,5,3.5,1800,Ayerbe,NT,1.960813984
Empidonax traillii,Empidonax traillii,15,4,13.1,8.5,5.9,4.3,18.4,66.5,16.2,52.6,23.5,59.1,13.39,Shrubland,Semi_open,Carnivore,Invertivore,Insessorial,29.5,56,42.25,-103.28,7301691.61,Long_distance,Non-forest,Invertebrate,2,3,1.2218487496163564,Migratory,3,4,3.5,1300,Ayerbe,LC,2.442111367
Oporornis agilis,Oporornis agilis,10,4,13.6,8.2,3.1,3.3,21.8,71.3,21.3,48.8,30.4,49.4,13.3,Forest,Dense,Carnivore,Invertivore,Terrestrial,44.5,56.91,50.88,-96.91,1182795.25,Long_distance,Forest,Invertebrate,3,4,0.9208187539523752,Migratory,3,5,4,NA,Ayerbe,LC,1.942642126
Geranoaetus polyosoma,Geranoaetus polyosoma,11,4,36.3,21.1,13,18.3,83.4,402,153.3,249.8,38.1,192.8,782.61,Shrubland,Semi_open,Carnivore,Vertivore,Aerial,-55.98,6.3,-31.98,-70.13,3165493.22,Partial,Non-forest,Vertebrate,1,5,1.3010299956639813,Altitudinal,1,3,2,2000,Multiple,LC,8.014785472
Catharus minimus,Catharus minimus,24,4,16.4,9.2,4.5,4,30,100.8,30.7,68.9,30.8,69.2,31.58,Forest,Semi_open,Carnivore,Invertivore,Terrestrial,46.61,71.39,62.09,-78.35,5090368.26,Long_distance,Forest,Invertebrate,2,3,1.2218487496163564,Migratory,3,5,4,3000,Ayerbe,LC,2.310912736
Setophaga castanea,Setophaga castanea,16,4,13.5,7.9,3.8,3.8,19.1,69.9,22,50.2,30.6,51.6,11.8,Forest,Dense,Omnivore,Invertivore,Insessorial,43.15,64.05,52.51,-92.37,2650066.12,Long_distance,Forest,Invertebrate,2,3,1.2218487496163564,Migratory,3,7,5,2600,Ayerbe,LC,2.053568026
Pheucticus ludovicianus,Pheucticus ludovicianus,47,10,18.6,11.8,8.8,11.8,21.6,101.3,27.4,75.8,26.5,74.6,42,Forest,Semi_open,Herbivore,Omnivore,Insessorial,33.98,63.06,47.76,-96.18,3980871.24,Long_distance,Forest,Omnivore,3,5,0.8239087409443188,Migratory,1,5,3,NA,Multiple,LC,2.6961497
Picoides fumigatus,Leuconotopicus fumigatus,14,4,22,16.9,6.9,6.7,18,95.1,19.1,76.4,20,61.8,36.2,Forest,Dense,Carnivore,Invertivore,Insessorial,-24.04,23.83,7.22,-81.98,1109542.22,Sedentary,Forest,Invertebrate,1,5,1.3010299956639813,Sedentary,4,4,4,2000,Multiple,LC,2.487757294
Falco peregrinus,Falco peregrinus,18,8,31.1,18.4,13.7,15.4,45.1,314.7,165,152.6,52.2,143,759.95,Grassland,Open,Carnivore,Vertivore,Aerial,-55.98,80.18,50.28,21.82,38088662.45,Partial,Non-forest,Vertebrate,1,8,1.0969100130080565,Migratory,2,4,3,3500,QJ,LC,5.712366517
Forpus xanthopterygius,Forpus xanthopterygius,13,5,14.2,12.3,8.5,12.8,10.1,80.2,22.2,57.9,27.8,41.1,31,Forest,Semi_open,Herbivore,Omnivore,Insessorial,-28.88,0.16,-13.5,-53.48,5781313.45,Sedentary,Forest,Herbivore,2,6,0.9208187539523752,Altitudinal,3,8,5.5,500,Ayerbe,LC,2.55660629
Vireo olivaceus,Vireo olivaceus,31,8,16.4,9.6,4.3,4.4,19.5,77.5,23.6,55.6,29.8,52.7,16.06,Forest,Dense,Omnivore,Invertivore,Insessorial,25.72,66.32,45.77,-96.24,8742854.76,Long_distance,Forest,Invertebrate,2,4,1.0969100130080565,Migratory,1,5,3,3400,Hilty,LC,2.589017783
Riparia riparia,Riparia riparia,26,4,9.4,5,3.7,2.5,10.5,101.8,54,47.9,53,47.2,12.68,Riverine,Open,Carnivore,Invertivore,Aerial,24.15,72.45,54.72,29.5,36583654.61,Long_distance,Forest,Invertebrate,1,8,1.0969100130080565,Migratory,2,7,4.5,3400,Hilty,LC,2.279290105
Lonchura malacca,Lonchura malacca,8,4,12.2,8.3,7,8.1,17.1,54.7,13.6,42,24.4,37.8,12.6,Wetland,Open,Herbivore,Granivore,Insessorial,5.92,24.56,17.61,79.15,573511.14,Sedentary,Non-forest,Seed,1,4,1.3979400086720377,Sedentary,4,6,5,NA,Ayerbe,LC,1.691122189
Setophaga petechia,Setophaga petechia,92,8,11.7,8,3.4,3.2,20,60.2,14.1,45.7,23.6,43.3,10.22,Shrubland,Dense,Carnivore,Invertivore,Insessorial,-3.94,70.64,50.59,-108.69,15552185.22,Long_distance,Non-forest,Invertebrate,1,4,1.3979400086720377,Sedentary,4,5,4.5,2700,Ayerbe,LC,2.409592181
Caracara cheriway,Caracara plancus,30,7,43.8,29.8,14.8,23.9,79.1,378.7,92.3,284.6,24.4,205.3,1078.62,Shrubland,Open,Omnivore,Omnivore,Terrestrial,-55.72,-2.37,-24.93,-57.08,9019115.11,Sedentary,Non-forest,Carnivore,5,4,0.6989700043360189,Irregular,1,4,2.5,3300,Hilty,LC,7.753500149
Megascops colombianus,Megascops ingens,5,4,24.3,12.8,7.6,11.3,34.8,194.3,52.8,137.6,27.7,100.7,165.32,Forest,Dense,Carnivore,Invertivore,Insessorial,-18.47,11.03,-8.25,-73.1,171538.44,Sedentary,Forest,Invertebrate,2,3,1.2218487496163564,Sedentary,1,NA,1,1200,Ayerbe,LC,3.357867063
Setophaga pinus,Setophaga pinus,14,6,13.4,8,3.1,3.8,18.6,71.8,20.6,51.2,28.6,54,11.79,Forest,Semi_open,Carnivore,Invertivore,Insessorial,17.61,52.12,38.54,-83.72,2073441.98,Long_distance,Forest,Invertebrate,3,4,0.9208187539523752,Migratory,3,4,3.5,NA,Ayerbe,LC,2.060304474
Aulacorhynchus prasinus,Aulacorhynchus albivitta,24,10,67.2,59.2,21.2,23.6,30.2,125.1,16,107.9,13,123.7,195,Forest,Dense,Herbivore,Frugivore,Insessorial,-0.72,11.25,5.25,-74.61,259877.16,Sedentary,Forest,Fruit,3,3,1.045757490560675,Sedentary,NA,3.25,3.25,1800,Ayerbe,LC,2.353423875
Lepidopyga coeruleogularis,Amazilia coeruleogularis,5,4,21.5,16.8,2,2,5.3,47.2,30,16.7,64.3,33.6,4.2,Shrubland,Semi_open,Herbivore,Nectarivore,Aerial,7.2,11.3,8.78,-77.93,88891.44,Sedentary,Non-forest,Nectar,2,3,1.2218487496163564,Altitudinal,2,2,2,100,QJ,LC,1.971153049
Lepidopyga goudoti,Amazilia goudoti,5,4,19.6,15.5,2.2,1.6,4.5,49.4,31,18.2,63,29.8,4,Shrubland,Semi_open,Herbivore,Nectarivore,Aerial,1.72,12.46,8.43,-73.97,299961.56,Sedentary,Non-forest,Nectar,2,4,1.0969100130080565,Altitudinal,NA,NA,NA,1600,QJ,LC,1.898430899
Amazilia fimbriata,Amazilia fimbriata,18,5,22.2,17.6,2.3,2.4,4.5,52.3,32.4,18.4,63.5,30.2,4.9,Forest,Semi_open,Herbivore,Nectarivore,Aerial,-29.97,11.53,-6.78,-57.09,10740118.89,Sedentary,Forest,Nectar,2,7,0.853871964321762,Migratory,2,2,2,1700,Ayerbe,LC,2.102201486
Tangara cayana,Tangara cayana,23,0,13,7.9,5,6,16.8,71.6,13,61,17.5,52,18,Forest,Semi_open,Herbivore,Frugivore,Insessorial,-14.26,10.79,5.11,-64.28,1467704.42,Sedentary,Forest,Fruit,2,6,0.9208187539523752,Sedentary,2,3,2.5,1700,Ayerbe,LC,3.01557982
Euphonia cyanocephala,Euphonia cyanocephala,19,8,9.4,5.4,4.1,4.1,14.5,64.2,18.6,45.6,28.9,37.8,14,Forest,Semi_open,Herbivore,Frugivore,Insessorial,-32.22,11.07,-16.64,-56.98,2711347.81,Sedentary,Forest,Fruit,2,4,1.0969100130080565,Altitudinal,2,3,2.5,2400,QJ,LC,2.608056273
Tangara heinei,Tangara heinei,12,4,10.7,6.6,4.5,4.6,17.6,74,18.6,55.5,25.1,48.3,20.2,Human Modified,Dense,Herbivore,Frugivore,Insessorial,-1.47,11.09,5.65,-74.03,133743.4,Sedentary,Non-forest,Fruit,2,2,1.3979400086720377,Sedentary,1,2,1.5,900,QJ,LC,3.041629178
Tangara cyanicollis,Tangara cyanicollis,22,5,12.3,7.6,4.5,4.9,17.4,66.1,14.7,52.4,21.9,46.5,17,Forest,Semi_open,Herbivore,Frugivore,Insessorial,-17.81,11.16,-7.99,-61.79,1248379.88,Sedentary,Forest,Fruit,3,5,0.8239087409443188,Sedentary,2,2,2,1500,QJ,LC,2.981621641
Tangara vitriolina,Tangara vitriolina,87,4,12.2,7.7,5.9,5.8,20.4,73.1,14.8,56.1,20.9,57.3,23,Shrubland,Semi_open,Omnivore,Frugivore,Insessorial,-0.14,8.39,4.43,-75.52,123913.11,Sedentary,Non-forest,Invertebrate,2,4,1.0969100130080565,Sedentary,2,2,2,2200,Hilty,LC,3.271324284
Hylocharis cyanus,Amazilia cyanus,7,4,20.1,14.7,2.1,2.1,4.4,47.8,29.5,18,62.1,25.6,3.3,Forest,Dense,Herbivore,Nectarivore,Aerial,-25.29,11.72,-5.71,-60.14,7031990.78,Sedentary,Forest,Nectar,2,4,1.0969100130080565,Irregular,2,2,2,1000,QJ,LC,1.871763061
Amazilia versicolor,Amazilia versicolor,14,6,19.1,13.5,1.8,2,4.3,48.2,30.5,17.7,63.4,29,4.1,Forest,Dense,Herbivore,Nectarivore,Aerial,-30.18,7.84,-10.93,-54.81,5113618.06,Sedentary,Forest,Nectar,2,4,1.0969100130080565,Sedentary,2,2,2,500,Hilty,LC,1.989415718
Butorides virescens,Butorides striata,31,13,69.2,51.8,9.1,11.2,49.7,175.9,53.2,125.5,29.8,63.6,201.5,Wetland,Open,Carnivore,Aquatic predator,Terrestrial,-41.16,54.29,7.56,7.37,53556698.29,Sedentary,Non-forest,Fish,3,4,0.9208187539523752,Migratory,3,5,4,2600,Hilty,LC,4.210398689
Tachyphonus luctuosus,Islerothraupis luctuosa,22,4,14,9.9,4.9,5.5,17.3,62.1,10.8,50.5,17.6,54,13,Forest,Dense,Carnivore,Invertivore,Insessorial,-18.63,16.03,-4.22,-62.85,7144190.04,Sedentary,Forest,Invertebrate,2,2,1.3979400086720377,Sedentary,3,3,3,1500,QJ,LC,2.542605997
Tangara nigrocincta,Tangara nigrocincta,7,4,12.3,6.7,4.7,4.7,15.3,68.3,14.6,53.7,21.3,47.5,17,Forest,Dense,Herbivore,Frugivore,Insessorial,-17.63,7.95,-5.17,-66.72,3416902.14,Sedentary,Forest,Fruit,2,4,1.0969100130080565,Sedentary,2,2,2,1000,QJ,LC,2.981621641
Amazilia franciae,Amazilia franciae,39,4,24.9,20.4,2.6,2,5.8,53.4,33.1,21.1,60.9,33.9,5,Forest,Dense,Herbivore,Nectarivore,Aerial,-9.28,7.63,-0.39,-77.06,247257.85,Sedentary,Forest,Nectar,2,2,1.3979400086720377,Altitudinal,2,2,2,1100,QJ,LC,2.07478725
Tangara ruficervix,Tangara ruficervix,10,2,13.7,7.6,4.1,4.4,16.5,74.1,17.7,56.1,24,46.9,19,Forest,Dense,Herbivore,Frugivore,Insessorial,-5.41,7.19,1.95,-76.61,134578.1,Sedentary,Forest,Invertebrate,4,3,0.9208187539523752,Sedentary,2,2,2,1200,Multiple,LC,3.182679149
Colibri thalassinus,Colibri thalassinus,19,4,23.7,17.3,2.2,2,5.6,62.6,38,23.6,61.5,42,5.9,Forest,Semi_open,Herbivore,Nectarivore,Aerial,-17.81,22.79,6.27,-83.03,788433.25,Sedentary,Forest,Nectar,2,2,1.3979400086720377,Altitudinal,2,2,2,2600,Ayerbe,LC,2.040559656
Amazilia saucerottei,Amazilia saucerottei,59,4,20.8,16.4,2.7,2.2,4.9,51.7,34.2,18.3,65.1,30.6,4.5,Shrubland,Semi_open,Herbivore,Nectarivore,Aerial,0.81,12.81,8.68,-77.04,245059.3,Sedentary,Non-forest,Nectar,2,4,1.0969100130080565,Irregular,2,2,2,2100,Ayerbe,LC,2.029149797
Tangara cyanoptera,Tangara cyanoptera,4,4,17.9,10,6.4,7.8,20.8,96.1,24,72.1,25,66.5,43.3,Forest,Dense,Herbivore,Frugivore,Insessorial,-32.17,-14.11,-23.32,-45.2,224069.57,Sedentary,Forest,Fruit,2,2,1.3979400086720377,Irregular,NA,NA,NA,1400,Hilty,NT,3.466755975
