Order,Family,Species_sacc_18,Species_ayerbe,Species_avilist_25,Species_bl,Species_eB,Species_bt,concept_id_sacc,concept_id_avilist,common_name_sacc,common_name_avilist
Psittaciformes,Psittacidae,Amazona ochrocephala,Amazona ochrocephala,Amazona ochrocephala,Amazona ochrocephala,Amazona ochrocephala,Amazona ochrocephala,45BCA1AA02597606,45BCA1AA02597606,Yellow-crowned Parrot,Yellow-crowned Amazon
Passeriformes,Troglodytidae,Campylorhynchus griseus,Campylorhynchus griseus,Campylorhynchus griseus,Campylorhynchus griseus,Campylorhynchus griseus,Campylorhynchus griseus,EBFB7E8D432BE664,EBFB7E8D432BE664,Bicolored Wren,Bicolored Wren
Columbiformes,Columbidae,Columbina squammata,Columbina squammata,Columbina squammata,Columbina squammata,Columbina squammata,Columbina squammata,26085D755AE75E42,26085D755AE75E42,Scaled Dove,Scaled Dove
Columbiformes,Columbidae,Columbina talpacoti,Columbina talpacoti,Columbina talpacoti,Columbina talpacoti,Columbina talpacoti,Columbina talpacoti,ADD11A5FC7F58167,ADD11A5FC7F58167,Ruddy Ground Dove,Ruddy Ground Dove
Passeriformes,Furnariidae,Dendroplex picus,Dendroplex picus,Dendroplex picus,Dendroplex picus,Dendroplex picus,Dendroplex picus,9C163605D9726273,9C163605D9726273,Straight-billed Woodcreeper,Straight-billed Woodcreeper
Passeriformes,Tyrannidae,Elaenia flavogaster,Elaenia flavogaster,Elaenia flavogaster,Elaenia flavogaster,Elaenia flavogaster,Elaenia flavogaster,B655AA73AA4B4A97,B655AA73AA4B4A97,Yellow-bellied Elaenia,Yellow-bellied Elaenia
Psittaciformes,Psittacidae,Eupsittula pertinax,Eupsittula pertinax,Eupsittula pertinax,Eupsittula pertinax,Eupsittula pertinax,Aratinga pertinax,C96642592C6262A2,C96642592C6262A2,Brown-throated Parakeet,Brown-throated Parakeet
Falconiformes,Falconidae,Milvago chimachima,Milvago chimachima,Daptrius chimachima,Milvago chimachima,Milvago chimachima,Milvago chimachima,BA33DDD5D79EAB89,BA33DDD5D79EAB89,Yellow-headed Caracara,Yellow-headed Caracara
Cuculiformes,Cuculidae,Crotophaga sulcirostris,Crotophaga sulcirostris,Crotophaga sulcirostris,Crotophaga sulcirostris,Crotophaga sulcirostris,Crotophaga sulcirostris,C5B34740987E450C,C5B34740987E450C,Groove-billed Ani,Groove-billed Ani
Coraciiformes,Alcedinidae,Megaceryle torquata,Megaceryle torquata,Megaceryle torquata,Megaceryle torquata,Megaceryle torquata,Megaceryle torquata,5EFB075F50AF96F8,5EFB075F50AF96F8,Ringed Kingfisher,Ringed Kingfisher
Charadriiformes,Jacanidae,Jacana jacana,Jacana jacana,Jacana jacana,Jacana jacana,Jacana jacana,Jacana jacana,D324ED7DDFD95B76,D324ED7DDFD95B76,Wattled Jacana,Wattled Jacana
Pelecaniformes,Ardeidae,Egretta caerulea,Egretta caerulea,Egretta caerulea,Egretta caerulea,Egretta caerulea,Egretta caerulea,11512CF46992C660,11512CF46992C660,Little Blue Heron,Little Blue Heron
Passeriformes,Tyrannidae,Tyrannus melancholicus,Tyrannus melancholicus,Tyrannus melancholicus,Tyrannus melancholicus,Tyrannus melancholicus,Tyrannus melancholicus,BB6B236FADABFB3F,BB6B236FADABFB3F,Tropical Kingbird,Tropical Kingbird
Galliformes,Cracidae,Ortalis garrula,Ortalis garrula,Ortalis garrula,Ortalis garrula,Ortalis garrula,Ortalis garrula,B679EB0CC3CE7D58,B679EB0CC3CE7D58,Chestnut-winged Chachalaca,Chestnut-winged Chachalaca
Pelecaniformes,Ardeidae,Egretta thula,Egretta thula,Egretta thula,Egretta thula,Egretta thula,Egretta thula,AA7901D88E7203E5,AA7901D88E7203E5,Snowy Egret,Snowy Egret
Passeriformes,Tyrannidae,Myiarchus tuberculifer,Myiarchus tuberculifer,Myiarchus tuberculifer,Myiarchus tuberculifer,Myiarchus tuberculifer,Myiarchus tuberculifer,3D57A9826B626847,3D57A9826B626847,Dusky-capped Flycatcher,Dusky-capped Flycatcher
Passeriformes,Thraupidae,Volatinia jacarina,Volatinia jacarina,Volatinia jacarina,Volatinia jacarina,Volatinia jacarina,Volatinia jacarina,C50D59CFF9C409ED,C50D59CFF9C409ED,Blue-black Grassquit,Blue-black Grassquit
Pelecaniformes,Ardeidae,Ardea alba,Ardea alba,Ardea alba,Ardea alba,Ardea alba,Casmerodius albus,49D9148A171E7F2E,49D9148A171E7F2E,Great Egret,Great Egret
Passeriformes,Icteridae,Psarocolius decumanus,Psarocolius decumanus,Psarocolius decumanus,Psarocolius decumanus,Psarocolius decumanus,Psarocolius decumanus,509940AF4614AE9C,509940AF4614AE9C,Crested Oropendola,Crested Oropendola
Passeriformes,Tyrannidae,Pitangus sulphuratus,Pitangus sulphuratus,Pitangus sulphuratus,Pitangus sulphuratus,Pitangus sulphuratus,Pitangus sulphuratus,9C883C7BCFAEB70D,9C883C7BCFAEB70D,Great Kiskadee,Great Kiskadee
Accipitriformes,Accipitridae,Rupornis magnirostris,Rupornis magnirostris,Rupornis magnirostris,Rupornis magnirostris,Rupornis magnirostris,Buteo magnirostris,C39CC0F2B0D88669,C39CC0F2B0D88669,Roadside Hawk,Roadside Hawk
Coraciiformes,Alcedinidae,Chloroceryle americana,Chloroceryle americana,Chloroceryle americana,Chloroceryle americana,Chloroceryle americana,Chloroceryle americana,ED7D674117006CCB,ED7D674117006CCB,Green Kingfisher,Green Kingfisher
Cuculiformes,Cuculidae,Crotophaga major,Crotophaga major,Crotophaga major,Crotophaga major,Crotophaga major,Crotophaga major,0DD11B7501C1FD3C,0DD11B7501C1FD3C,Greater Ani,Greater Ani
Passeriformes,Tyrannidae,Tolmomyias sulphurescens,Tolmomyias sulphurescens,Tolmomyias sulphurescens,Tolmomyias sulphurescens,Tolmomyias sulphurescens,Tolmomyias sulphurescens,90069CDDF5B27154,90069CDDF5B27154,Yellow-olive Flycatcher,Yellow-olive Flatbill
Passeriformes,Tyrannidae,Todirostrum nigriceps,Todirostrum nigriceps,Todirostrum nigriceps,Todirostrum nigriceps,Todirostrum nigriceps,Todirostrum nigriceps,3951009EF4F27C08,3951009EF4F27C08,Black-headed Tody-Flycatcher,Black-headed Tody-Flycatcher
Piciformes,Picidae,Dryocopus lineatus,Dryocopus lineatus,Dryocopus lineatus,Hylatomus lineatus,Dryocopus lineatus,Dryocopus lineatus,3CD8FECCC54D40ED,3CD8FECCC54D40ED,Lineated Woodpecker,Lineated Woodpecker
Passeriformes,Troglodytidae,Campylorhynchus nuchalis,Campylorhynchus nuchalis,Campylorhynchus nuchalis,Campylorhynchus nuchalis,Campylorhynchus nuchalis,Campylorhynchus nuchalis,5987A3C3605C954F,5987A3C3605C954F,Stripe-backed Wren,Stripe-backed Wren
Passeriformes,Tyrannidae,Machetornis rixosa,Machetornis rixosa,Machetornis rixosa,Machetornis rixosa,Machetornis rixosa,Machetornis rixosa,87874F973B876854,87874F973B876854,Cattle Tyrant,Cattle Tyrant
Passeriformes,Icteridae,Icterus nigrogularis,Icterus nigrogularis,Icterus nigrogularis,Icterus nigrogularis,Icterus nigrogularis,Icterus nigrogularis,F20EFF957B28230B,F20EFF957B28230B,Yellow Oriole,Yellow Oriole
Passeriformes,Tyrannidae,Megarynchus pitangua,Megarynchus pitangua,Megarynchus pitangua,Megarynchus pitangua,Megarynchus pitangua,Megarynchus pitangua,8118C647F026C0A7,8118C647F026C0A7,Boat-billed Flycatcher,Boat-billed Flycatcher
Cathartiformes,Cathartidae,Coragyps atratus,Coragyps atratus,Coragyps atratus,Coragyps atratus,Coragyps atratus,Coragyps atratus,4FF7DE80F4192276,4FF7DE80F4192276,Black Vulture,Black Vulture
Passeriformes,Hirundinidae,Stelgidopteryx ruficollis,Stelgidopteryx ruficollis,Stelgidopteryx ruficollis,Stelgidopteryx ruficollis,Stelgidopteryx ruficollis,Stelgidopteryx ruficollis,EE5B7812C488C153,EE5B7812C488C153,Southern Rough-winged Swallow,Southern Rough-winged Swallow
Galbuliformes,Galbulidae,Galbula ruficauda,Galbula ruficauda,Galbula ruficauda,Galbula ruficauda,Galbula ruficauda,Galbula ruficauda,2EE639E92756A469,2EE639E92756A469,Rufous-tailed Jacamar,Rufous-tailed Jacamar
Cathartiformes,Cathartidae,Cathartes aura,Cathartes aura,Cathartes aura,Cathartes aura,Cathartes aura,Cathartes aura,36B3872DAFE1EC1C,36B3872DAFE1EC1C,Turkey Vulture,Turkey Vulture
Passeriformes,Thraupidae,Thraupis glaucocolpa,Thraupis glaucocolpa,Thraupis glaucocolpa,Tangara glaucocolpa,Thraupis glaucocolpa,Thraupis glaucocolpa,9BB9F4C2B0ACE06B,9BB9F4C2B0ACE06B,Glaucous Tanager,Glaucous Tanager
Passeriformes,Thraupidae,Coereba flaveola,Coereba flaveola,Coereba flaveola,Coereba flaveola,Coereba flaveola,Coereba flaveola,B78F2D6F0E30160C,B78F2D6F0E30160C,Bananaquit,Bananaquit
Cathartiformes,Cathartidae,Cathartes burrovianus,Cathartes burrovianus,Cathartes burrovianus,Cathartes burrovianus,Cathartes burrovianus,Cathartes burrovianus,4807686BED3992FB,4807686BED3992FB,Lesser Yellow-headed Vulture,Lesser Yellow-headed Vulture
Piciformes,Picidae,Melanerpes rubricapillus,Melanerpes rubricapillus,Melanerpes rubricapillus,Melanerpes rubricapillus,Melanerpes rubricapillus,Melanerpes rubricapillus,6F6D0E729DB4F1AB,6F6D0E729DB4F1AB,Red-crowned Woodpecker,Red-crowned Woodpecker
Charadriiformes,Charadriidae,Vanellus chilensis,Vanellus chilensis,Vanellus chilensis,Vanellus chilensis,Vanellus chilensis,Vanellus chilensis,AE459A9B04429E79,AE459A9B04429E79,Southern Lapwing,Southern Lapwing
Passeriformes,Passerellidae,Zonotrichia capensis,Zonotrichia capensis,Zonotrichia capensis,Zonotrichia capensis,Zonotrichia capensis,Zonotrichia capensis,A7280FF0F3B5EC81,A7280FF0F3B5EC81,Rufous-collared Sparrow,Rufous-collared Sparrow
Passeriformes,Tyrannidae,Myiozetetes similis,Myiozetetes similis,Myiozetetes similis,Myiozetetes similis,Myiozetetes similis,Myiozetetes similis,468B520CCD1A02F7,468B520CCD1A02F7,Social Flycatcher,Social Flycatcher
Passeriformes,Thraupidae,Thraupis episcopus,Thraupis episcopus,Thraupis episcopus,Tangara episcopus,Thraupis episcopus,Thraupis episcopus,EFCDB0ECCF55BF56,EFCDB0ECCF55BF56,Blue-gray Tanager,Blue-grey Tanager
Passeriformes,Turdidae,Turdus fuscater,Turdus fuscater,Turdus fuscater,Turdus fuscater,Turdus fuscater,Turdus fuscater,23C068E4B4FA96AD,23C068E4B4FA96AD,Great Thrush,Great Thrush
Passeriformes,Mimidae,Mimus gilvus,Mimus gilvus,Mimus gilvus,Mimus gilvus,Mimus gilvus,Mimus gilvus,1281617BEF615F49,1281617BEF615F49,Tropical Mockingbird,Tropical Mockingbird
Accipitriformes,Accipitridae,Elanus leucurus,Elanus leucurus,Elanus leucurus,Elanus leucurus,Elanus leucurus,Elanus leucurus,CAA5E106BE76C1D0,CAA5E106BE76C1D0,White-tailed Kite,White-tailed Kite
Columbiformes,Columbidae,Zenaida auriculata,Zenaida auriculata,Zenaida auriculata,Zenaida auriculata,Zenaida auriculata,Zenaida auriculata,71958FA9547209D0,71958FA9547209D0,Eared Dove,Eared Dove
Passeriformes,Tyrannidae,Phyllomyias nigrocapillus,Phyllomyias nigrocapillus,Tyranniscus nigrocapillus,Phyllomyias nigrocapillus,Phyllomyias nigrocapillus,Phyllomyias nigrocapillus,52BBDAD60A7BFF6C,52BBDAD60A7BFF6C,Black-capped Tyrannulet,Black-capped Tyrannulet
Passeriformes,Thraupidae,Anisognathus igniventris,Anisognathus igniventris,Anisognathus igniventris,Anisognathus lunulatus,Anisognathus igniventris,Anisognathus igniventris,9FCCD579A48ECEC6,9FCCD579A48ECEC6,Scarlet-bellied Mountain-Tanager,Scarlet-bellied Mountain Tanager
Passeriformes,Thraupidae,Catamenia analis,Catamenia analis,Catamenia analis,Catamenia analis,Catamenia analis,Catamenia analis,19B4343AFBD9FBCD,19B4343AFBD9FBCD,Band-tailed Seedeater,Band-tailed Seedeater
Passeriformes,Fringillidae,Spinus psaltria,Spinus psaltria,Spinus psaltria,Spinus psaltria,Spinus psaltria,Carduelis psaltria,CD5C21CAB91A75EB,CD5C21CAB91A75EB,Lesser Goldfinch,Lesser Goldfinch
Falconiformes,Falconidae,Falco sparverius,Falco sparverius,Falco sparverius,Falco sparverius,Falco sparverius,Falco sparverius,20C2214E655A79AB,20C2214E655A79AB,American Kestrel,American Kestrel
Cuculiformes,Cuculidae,Crotophaga ani,Crotophaga ani,Crotophaga ani,Crotophaga ani,Crotophaga ani,Crotophaga ani,469BC7B8CAF14C59,469BC7B8CAF14C59,Smooth-billed Ani,Smooth-billed Ani
Passeriformes,Cardinalidae,Pheucticus aureoventris,Pheucticus aureoventris,Pheucticus aureoventris,Pheucticus aureoventris,Pheucticus aureoventris,Pheucticus aureoventris,488CD1D8F05630C1,488CD1D8F05630C1,Black-backed Grosbeak,Black-backed Grosbeak
Columbiformes,Columbidae,Patagioenas fasciata,Patagioenas fasciata,Patagioenas fasciata,Patagioenas fasciata,Patagioenas fasciata,Patagioenas fasciata,31ACA9981952B4C4,31ACA9981952B4C4,Band-tailed Pigeon,Band-tailed Pigeon
Pelecaniformes,Threskiornithidae,Plegadis falcinellus,Plegadis falcinellus,Plegadis falcinellus,Plegadis falcinellus,Plegadis falcinellus,Plegadis falcinellus,D4540F880A3EC3BB,D4540F880A3EC3BB,Glossy Ibis,Glossy Ibis
Accipitriformes,Accipitridae,Buteogallus meridionalis,Buteogallus meridionalis,Buteogallus meridionalis,Buteogallus meridionalis,Buteogallus meridionalis,Buteogallus meridionalis,BAA762A5F95219C3,BAA762A5F95219C3,Savanna Hawk,Savanna Hawk
Passeriformes,Tyrannidae,Myiarchus cephalotes,Myiarchus cephalotes,Myiarchus cephalotes,Myiarchus cephalotes,Myiarchus cephalotes,Myiarchus cephalotes,C7D1E218F239A13F,C7D1E218F239A13F,Pale-edged Flycatcher,Pale-edged Flycatcher
Psittaciformes,Psittacidae,Pionus chalcopterus,Pionus chalcopterus,Pionus chalcopterus,Pionus chalcopterus,Pionus chalcopterus,Pionus chalcopterus,3B0B6BD9C4B14A05,3B0B6BD9C4B14A05,Bronze-winged Parrot,Bronze-winged Parrot
Apodiformes,Trochilidae,Chlorostilbon melanorhynchus,Chlorostilbon melanorhynchus,Chlorostilbon melanorhynchus,Chlorostilbon mellisugus,Chlorostilbon melanorhynchus,Chlorostilbon melanorhynchus,9962537796D5C580,9962537796D5C580,Western Emerald,Western Emerald
Apodiformes,Trochilidae,Amazilia tzacatl,Amazilia tzacatl,Amazilia tzacatl,Amazilia tzacatl,Amazilia tzacatl,Amazilia tzacatl,7739D5A5FFC8750E,7739D5A5FFC8750E,Rufous-tailed Hummingbird,Rufous-tailed Hummingbird
Passeriformes,Thamnophilidae,Thamnophilus multistriatus,Thamnophilus multistriatus,Thamnophilus multistriatus,Thamnophilus multistriatus,Thamnophilus multistriatus,Thamnophilus multistriatus,33EA04F1B912CF71,33EA04F1B912CF71,Bar-crested Antshrike,Bar-crested Antshrike
Passeriformes,Tyrannidae,Myiozetetes cayanensis,Myiozetetes cayanensis,Myiozetetes cayanensis,Myiozetetes cayanensis,Myiozetetes cayanensis,Myiozetetes cayanensis,B384278CB81579E5,B384278CB81579E5,Rusty-margined Flycatcher,Rusty-margined Flycatcher
Columbiformes,Columbidae,Patagioenas speciosa,Patagioenas speciosa,Patagioenas speciosa,Patagioenas speciosa,Patagioenas speciosa,Patagioenas speciosa,3EAF09036AD9402C,3EAF09036AD9402C,Scaled Pigeon,Scaled Pigeon
Passeriformes,Thraupidae,Sicalis flaveola,Sicalis flaveola,Sicalis flaveola,Sicalis flaveola,Sicalis flaveola,Sicalis flaveola,A5AA0BEC2D8F5EA9,A5AA0BEC2D8F5EA9,Saffron Finch,Saffron Finch
Psittaciformes,Psittacidae,Pionus menstruus,Pionus menstruus,Pionus menstruus,Pionus menstruus,Pionus menstruus,Pionus menstruus,FF68945E45C9E79A,FF68945E45C9E79A,Blue-headed Parrot,Blue-headed Parrot
Piciformes,Picidae,Melanerpes formicivorus,Melanerpes formicivorus,Melanerpes formicivorus,Melanerpes formicivorus,Melanerpes formicivorus,Melanerpes formicivorus,7E3273031F76242B,7E3273031F76242B,Acorn Woodpecker,Acorn Woodpecker
Passeriformes,Tyrannidae,Leptopogon superciliaris,Leptopogon superciliaris,Leptopogon superciliaris,Leptopogon superciliaris,Leptopogon superciliaris,Leptopogon superciliaris,16C172E1199F9F49,16C172E1199F9F49,Slaty-capped Flycatcher,Slaty-capped Flycatcher
Passeriformes,Thraupidae,Sporophila angolensis,Sporophila angolensis,Sporophila angolensis,Sporophila angolensis,Sporophila angolensis,Oryzoborus angolensis,8F23E84FDD8DF9D0,8F23E84FDD8DF9D0,Chestnut-bellied Seed-Finch,Chestnut-bellied Seed Finch
Passeriformes,Fringillidae,Spinus xanthogastrus,Spinus xanthogastrus,Spinus xanthogastrus,Spinus xanthogastrus,Spinus xanthogastrus,Carduelis xanthogastra,8E56A1C63BA573DD,8E56A1C63BA573DD,Yellow-bellied Siskin,Yellow-bellied Siskin
Passeriformes,Furnariidae,Synallaxis azarae,Synallaxis azarae,Synallaxis azarae,Synallaxis azarae,Synallaxis azarae,Synallaxis azarae,C4F2C3B64B194332,C4F2C3B64B194332,Azara's Spinetail,Azara's Spinetail
Passeriformes,Thraupidae,Tiaris olivaceus,Tiaris olivaceus,Tiaris olivaceus,Tiaris olivaceus,Tiaris olivaceus,Tiaris olivaceus,A8E1B59A95F7CF95,A8E1B59A95F7CF95,Yellow-faced Grassquit,Yellow-faced Grassquit
Passeriformes,Icteridae,Molothrus oryzivorus,Molothrus oryzivorus,Molothrus oryzivorus,Molothrus oryzivorus,Molothrus oryzivorus,Molothrus oryzivorus,91375A56269BDAF0,91375A56269BDAF0,Giant Cowbird,Giant Cowbird
Passeriformes,Icteridae,Quiscalus lugubris,Quiscalus lugubris,Quiscalus lugubris,Quiscalus lugubris,Quiscalus lugubris,Quiscalus lugubris,159FB51C370F6D18,159FB51C370F6D18,Carib Grackle,Carib Grackle
Columbiformes,Columbidae,Columbina minuta,Columbina minuta,Columbina minuta,Columbina minuta,Columbina minuta,Columbina minuta,37691FA2157469BB,37691FA2157469BB,Plain-breasted Ground Dove,Plain-breasted Ground Dove
Passeriformes,Tyrannidae,Myiarchus tyrannulus,Myiarchus tyrannulus,Myiarchus tyrannulus,Myiarchus tyrannulus,Myiarchus tyrannulus,Myiarchus tyrannulus,FC9E06A0082B1CD5,FC9E06A0082B1CD5,Brown-crested Flycatcher,Brown-crested Flycatcher
Columbiformes,Columbidae,Columbina passerina,Columbina passerina,Columbina passerina,Columbina passerina,Columbina passerina,Columbina passerina,F9AED5486FD85258,F9AED5486FD85258,Common Ground Dove,Common Ground Dove
Accipitriformes,Accipitridae,Gampsonyx swainsonii,Gampsonyx swainsonii,Gampsonyx swainsonii,Gampsonyx swainsonii,Gampsonyx swainsonii,Gampsonyx swainsonii,D36BA36153C1F129,D36BA36153C1F129,Pearl Kite,Pearl Kite
Falconiformes,Falconidae,Herpetotheres cachinnans,Herpetotheres cachinnans,Herpetotheres cachinnans,Herpetotheres cachinnans,Herpetotheres cachinnans,Herpetotheres cachinnans,24C90C1A39BB96D5,24C90C1A39BB96D5,Laughing Falcon,Laughing Falcon
Pelecaniformes,Threskiornithidae,Theristicus caudatus,Theristicus caudatus,Theristicus caudatus,Theristicus caudatus,Theristicus caudatus,Theristicus caudatus,5E393799E1B88D43,5E393799E1B88D43,Buff-necked Ibis,Buff-necked Ibis
Psittaciformes,Psittacidae,Forpus conspicillatus,Forpus conspicillatus,Forpus conspicillatus,Forpus conspicillatus,Forpus conspicillatus,Forpus conspicillatus,44585D054313D530,44585D054313D530,Spectacled Parrotlet,Spectacled Parrotlet
Passeriformes,Thraupidae,Sporophila schistacea,Sporophila schistacea,Sporophila schistacea,Sporophila schistacea,Sporophila schistacea,Sporophila schistacea,6DA5E4F480255FBA,6DA5E4F480255FBA,Slate-colored Seedeater,Slate-colored Seedeater
Columbiformes,Columbidae,Patagioenas cayennensis,Patagioenas cayennensis,Patagioenas cayennensis,Patagioenas cayennensis,Patagioenas cayennensis,Patagioenas cayennensis,A890819453F03B28,A890819453F03B28,Pale-vented Pigeon,Pale-vented Pigeon
Passeriformes,Thraupidae,Sporophila luctuosa,Sporophila luctuosa,Sporophila luctuosa,Sporophila luctuosa,Sporophila luctuosa,Sporophila luctuosa,F17ED91CDD1BE71B,F17ED91CDD1BE71B,Black-and-white Seedeater,Black-and-white Seedeater
Accipitriformes,Accipitridae,Parabuteo unicinctus,Parabuteo unicinctus,Parabuteo unicinctus,Parabuteo unicinctus,Parabuteo unicinctus,Parabuteo unicinctus,FBED1927FAA44D27,FBED1927FAA44D27,Harris's Hawk,Harris's Hawk
Apodiformes,Trochilidae,Florisuga mellivora,Florisuga mellivora,Florisuga mellivora,Florisuga mellivora,Florisuga mellivora,Florisuga mellivora,80DA04641FA03DC5,80DA04641FA03DC5,White-necked Jacobin,White-necked Jacobin
Psittaciformes,Psittacidae,Brotogeris jugularis,Brotogeris jugularis,Brotogeris jugularis,Brotogeris jugularis,Brotogeris jugularis,Brotogeris jugularis,C360AA2FB43A0820,C360AA2FB43A0820,Orange-chinned Parakeet,Orange-chinned Parakeet
Accipitriformes,Accipitridae,Buteo nitidus,Buteo nitidus,Buteo nitidus,Buteo nitidus,Buteo nitidus,Buteo nitidus,4ECE179D1C09157B,4ECE179D1C09157B,Gray-lined Hawk,Grey-lined Hawk
Passeriformes,Thraupidae,Thraupis palmarum,Thraupis palmarum,Thraupis palmarum,Tangara palmarum,Thraupis palmarum,Thraupis palmarum,5EADEFF0D011F331,5EADEFF0D011F331,Palm Tanager,Palm Tanager
Columbiformes,Columbidae,Leptotila verreauxi,Leptotila verreauxi,Leptotila verreauxi,Leptotila verreauxi,Leptotila verreauxi,Leptotila verreauxi,6141E8C89B794FFA,6141E8C89B794FFA,White-tipped Dove,White-tipped Dove
Pelecaniformes,Ardeidae,Pilherodius pileatus,Pilherodius pileatus,Pilherodius pileatus,Pilherodius pileatus,Pilherodius pileatus,Pilherodius pileatus,9A0A9C743DC7F62B,9A0A9C743DC7F62B,Capped Heron,Capped Heron
Coraciiformes,Momotidae,Momotus subrufescens,Momotus subrufescens,Momotus subrufescens,Momotus subrufescens,Momotus subrufescens,Momotus momota,0DB8CE9831AA1CE9,0DB8CE9831AA1CE9,Whooping Motmot,Whooping Motmot
Passeriformes,Tyrannidae,Todirostrum cinereum,Todirostrum cinereum,Todirostrum cinereum,Todirostrum cinereum,Todirostrum cinereum,Todirostrum cinereum,E3F6238ACC609014,E3F6238ACC609014,Common Tody-Flycatcher,Common Tody-Flycatcher
Psittaciformes,Psittacidae,Pyrrhura melanura,Pyrrhura melanura,Pyrrhura melanura,Pyrrhura melanura,Pyrrhura melanura,Pyrrhura melanura,EE73418AE1A87673,EE73418AE1A87673,Maroon-tailed Parakeet,Maroon-tailed Parakeet
Strigiformes,Strigidae,Glaucidium brasilianum,Glaucidium brasilianum,Glaucidium brasilianum,Glaucidium brasilianum,Glaucidium brasilianum,Glaucidium brasilianum,40EB82DAF4A09B0D,40EB82DAF4A09B0D,Ferruginous Pygmy-Owl,Ferruginous Pygmy Owl
Charadriiformes,Burhinidae,Burhinus bistriatus,Burhinus bistriatus,Hesperoburhinus bistriatus,Burhinus bistriatus,Burhinus bistriatus,Burhinus bistriatus,984EC0A015EE6B0A,984EC0A015EE6B0A,Double-striped Thick-knee,Double-striped Thick-knee
Anseriformes,Anatidae,Dendrocygna autumnalis,Dendrocygna autumnalis,Dendrocygna autumnalis,Dendrocygna autumnalis,Dendrocygna autumnalis,Dendrocygna autumnalis,C01A22D6C148AC65,C01A22D6C148AC65,Black-bellied Whistling-Duck,Black-bellied Whistling Duck
Passeriformes,Icteridae,Molothrus bonariensis,Molothrus bonariensis,Molothrus bonariensis,Molothrus bonariensis,Molothrus bonariensis,Molothrus bonariensis,AA7798040CC37113,AA7798040CC37113,Shiny Cowbird,Shiny Cowbird
Pelecaniformes,Threskiornithidae,Phimosus infuscatus,Phimosus infuscatus,Phimosus infuscatus,Phimosus infuscatus,Phimosus infuscatus,Phimosus infuscatus,89289A1D6E9D20AD,89289A1D6E9D20AD,Bare-faced Ibis,Bare-faced Ibis
Psittaciformes,Psittacidae,Ara militaris,Ara militaris,Ara militaris,Ara militaris,Ara militaris,Ara militaris,50C9E950BB3C1E90,50C9E950BB3C1E90,Military Macaw,Military Macaw
Accipitriformes,Accipitridae,Buteo brachyurus,Buteo brachyurus,Buteo brachyurus,Buteo brachyurus,Buteo brachyurus,Buteo brachyurus,81463CC09F2A3CC4,81463CC09F2A3CC4,Short-tailed Hawk,Short-tailed Hawk
Psittaciformes,Psittacidae,Forpus passerinus,Forpus passerinus,Forpus passerinus,Forpus passerinus,Forpus passerinus,Forpus passerinus,E43CCCA642160851,E43CCCA642160851,Green-rumped Parrotlet,Green-rumped Parrotlet
Psittaciformes,Psittacidae,Ara ararauna,Ara ararauna,Ara ararauna,Ara ararauna,Ara ararauna,Ara ararauna,18AEC3532537ACCB,18AEC3532537ACCB,Blue-and-yellow Macaw,Blue-and-yellow Macaw
Passeriformes,Thraupidae,Conirostrum leucogenys,Conirostrum leucogenys,Conirostrum leucogenys,Conirostrum leucogenys,Conirostrum leucogenys,Conirostrum leucogenys,5198F288DB8DF577,5198F288DB8DF577,White-eared Conebill,White-eared Conebill
Passeriformes,Vireonidae,Pachysylvia decurtata,Pachysylvia decurtata,Pachysylvia decurtata,Pachysylvia decurtata,Pachysylvia decurtata,Hylophilus decurtatus,58274D5FA6720538,58274D5FA6720538,Lesser Greenlet,Lesser Greenlet
Piciformes,Capitonidae,Eubucco richardsoni,Eubucco richardsoni,Eubucco richardsoni,Eubucco richardsoni,Eubucco richardsoni,Eubucco richardsoni,993FE0B36AB074E7,993FE0B36AB074E7,Lemon-throated Barbet,Lemon-throated Barbet
Passeriformes,Turdidae,Turdus albicollis,Turdus albicollis,Turdus albicollis,Turdus albicollis,Turdus albicollis,Turdus albicollis,E90B937BA15D311B,E90B937BA15D311B,White-necked Thrush,White-necked Thrush
Passeriformes,Turdidae,Turdus albicollis,Turdus albicollis,Turdus albicollis,Turdus albicollis,Turdus albicollis,Turdus daguae,E90B937BA15D311B,E90B937BA15D311B,White-necked Thrush,White-necked Thrush
Passeriformes,Furnariidae,Dendrocolaptes picumnus,Dendrocolaptes picumnus,Dendrocolaptes picumnus,Dendrocolaptes picumnus,Dendrocolaptes picumnus,Dendrocolaptes picumnus,3459505DAB59B526,3459505DAB59B526,Black-banded Woodcreeper,Black-banded Woodcreeper
Passeriformes,Thraupidae,Sporophila minuta,Sporophila minuta,Sporophila minuta,Sporophila minuta,Sporophila minuta,Sporophila minuta,96944A784EB6D2F3,96944A784EB6D2F3,Ruddy-breasted Seedeater,Ruddy-breasted Seedeater
Passeriformes,Tyrannidae,Sirystes albocinereus,Sirystes albocinereus,Sirystes albocinereus,Sirystes albocinereus,Sirystes albocinereus,Sirystes sibilator,524DE233C8D515CB,524DE233C8D515CB,White-rumped Sirystes,White-rumped Sirystes
Passeriformes,Thraupidae,Saltator maximus,Saltator maximus,Saltator maximus,Saltator maximus,Saltator maximus,Saltator maximus,8A80DE669B5B789D,8A80DE669B5B789D,Buff-throated Saltator,Buff-throated Saltator
Passeriformes,Passerellidae,Arremonops tocuyensis,Arremonops tocuyensis,Arremonops tocuyensis,Arremonops tocuyensis,Arremonops tocuyensis,Arremonops tocuyensis,53B7F6716CB8EF3B,53B7F6716CB8EF3B,Tocuyo Sparrow,Tocuyo Sparrow
Psittaciformes,Psittacidae,Thectocercus acuticaudatus,Thectocercus acuticaudatus,Thectocercus acuticaudatus,Psittacara acuticaudatus,Thectocercus acuticaudatus,Aratinga acuticaudata,4BE8E5F1B316CC94,4BE8E5F1B316CC94,Blue-crowned Parakeet,Blue-crowned Parakeet
Accipitriformes,Accipitridae,Ictinia plumbea,Ictinia plumbea,Ictinia plumbea,Ictinia plumbea,Ictinia plumbea,Ictinia plumbea,5A97BF277A68EF9B,5A97BF277A68EF9B,Plumbeous Kite,Plumbeous Kite
Passeriformes,Thraupidae,Tachyphonus rufus,Tachyphonus rufus,Tachyphonus rufus,Tachyphonus rufus,Tachyphonus rufus,Tachyphonus rufus,ED7DE0213D199E99,ED7DE0213D199E99,White-lined Tanager,White-lined Tanager
Passeriformes,Tyrannidae,Atalotriccus pilaris,Atalotriccus pilaris,Atalotriccus pilaris,Atalotriccus pilaris,Atalotriccus pilaris,Atalotriccus pilaris,CD3601B0BCFA8C21,CD3601B0BCFA8C21,Pale-eyed Pygmy-Tyrant,Pale-eyed Pygmy Tyrant
Passeriformes,Tyrannidae,Cnemotriccus fuscatus,Cnemotriccus fuscatus,Cnemotriccus fuscatus,Cnemotriccus fuscatus,Cnemotriccus fuscatus,Cnemotriccus fuscatus,4AB94B0019DD7276,4AB94B0019DD7276,Fuscous Flycatcher,Fuscous Flycatcher
Psittaciformes,Psittacidae,Psittacara leucophthalmus,Psittacara leucophthalmus,Psittacara leucophthalmus,Psittacara leucophthalmus,Psittacara leucophthalmus,Aratinga leucophthalma,53A45E877F3A5DFF,53A45E877F3A5DFF,White-eyed Parakeet,White-eyed Parakeet
Passeriformes,Icteridae,Gymnomystax mexicanus,Gymnomystax mexicanus,Gymnomystax mexicanus,Gymnomystax mexicanus,Gymnomystax mexicanus,Gymnomystax mexicanus,2F92B33311F71E7D,2F92B33311F71E7D,Oriole Blackbird,Oriole Blackbird
Pelecaniformes,Ardeidae,Syrigma sibilatrix,Syrigma sibilatrix,Syrigma sibilatrix,Syrigma sibilatrix,Syrigma sibilatrix,Syrigma sibilatrix,D3CAA0B68FC4619C,D3CAA0B68FC4619C,Whistling Heron,Whistling Heron
Passeriformes,Corvidae,Cyanocorax violaceus,Cyanocorax violaceus,Cyanocorax violaceus,Cyanocorax violaceus,Cyanocorax violaceus,Cyanocorax violaceus,6D69986ED7C789D7,6D69986ED7C789D7,Violaceous Jay,Violaceous Jay
Passeriformes,Icteridae,Psarocolius bifasciatus,Psarocolius bifasciatus,Psarocolius bifasciatus,Psarocolius yuracares,Psarocolius bifasciatus,Psarocolius bifasciatus,F1A7591B1D972A35,F1A7591B1D972A35,Olive Oropendola,Olive Oropendola
Passeriformes,Thraupidae,Sporophila intermedia,Sporophila intermedia,Sporophila intermedia,Sporophila intermedia,Sporophila intermedia,Sporophila intermedia,1F11E4F124AD3F65,1F11E4F124AD3F65,Gray Seedeater,Grey Seedeater
Passeriformes,Fringillidae,Euphonia laniirostris,Euphonia laniirostris,Euphonia laniirostris,Euphonia laniirostris,Euphonia laniirostris,Euphonia laniirostris,F1D2C3453D71338E,F1D2C3453D71338E,Thick-billed Euphonia,Thick-billed Euphonia
Piciformes,Picidae,Melanerpes cruentatus,Melanerpes cruentatus,Melanerpes cruentatus,Melanerpes cruentatus,Melanerpes cruentatus,Melanerpes cruentatus,BFF72DFE773FCE10,BFF72DFE773FCE10,Yellow-tufted Woodpecker,Yellow-tufted Woodpecker
Passeriformes,Icteridae,Cacicus cela,Cacicus cela,Cacicus cela,Cacicus cela,Cacicus cela,Cacicus cela,EC71EBACA5EC1A5C,EC71EBACA5EC1A5C,Yellow-rumped Cacique,Yellow-rumped Cacique
Passeriformes,Fringillidae,Euphonia xanthogaster,Euphonia xanthogaster,Euphonia xanthogaster,Euphonia xanthogaster,Euphonia xanthogaster,Euphonia xanthogaster,2D1A6C0F3363EE13,2D1A6C0F3363EE13,Orange-bellied Euphonia,Orange-bellied Euphonia
Passeriformes,Fringillidae,Euphonia chrysopasta,Euphonia chrysopasta,Euphonia chrysopasta,Euphonia chrysopasta,Euphonia chrysopasta,Euphonia chrysopasta,313E4A17D681BD1D,313E4A17D681BD1D,Golden-bellied Euphonia,White-lored Euphonia
Passeriformes,Thraupidae,Dacnis cayana,Dacnis cayana,Dacnis cayana,Dacnis cayana,Dacnis cayana,Dacnis cayana,C72B6A62428B18A6,C72B6A62428B18A6,Blue Dacnis,Blue Dacnis
Galliformes,Cracidae,Ortalis columbiana,Ortalis columbiana,Ortalis columbiana,Ortalis columbiana,Ortalis columbiana,Ortalis guttata,1F58D15F8B188713,1F58D15F8B188713,Colombian Chachalaca,Colombian Chachalaca
Passeriformes,Thraupidae,Cyanerpes caeruleus,Cyanerpes caeruleus,Cyanerpes caeruleus,Cyanerpes caeruleus,Cyanerpes caeruleus,Cyanerpes caeruleus,A0A7D1B2A28F8758,A0A7D1B2A28F8758,Purple Honeycreeper,Purple Honeycreeper
Passeriformes,Pipridae,Manacus manacus,Manacus manacus,Manacus manacus,Manacus manacus,Manacus manacus,Manacus manacus,091F833EA9F00594,091F833EA9F00594,White-bearded Manakin,White-bearded Manakin
Columbiformes,Columbidae,Leptotila rufaxilla,Leptotila rufaxilla,Leptotila rufaxilla,Leptotila rufaxilla,Leptotila rufaxilla,Leptotila rufaxilla,684B93627ABCE88F,684B93627ABCE88F,Gray-fronted Dove,Grey-fronted Dove
Pelecaniformes,Threskiornithidae,Mesembrinibis cayennensis,Mesembrinibis cayennensis,Mesembrinibis cayennensis,Mesembrinibis cayennensis,Mesembrinibis cayennensis,Mesembrinibis cayennensis,08DD4E80E6F4B5AE,08DD4E80E6F4B5AE,Green Ibis,Green Ibis
Psittaciformes,Psittacidae,Pionites melanocephalus,Pionites melanocephalus,Pionites melanocephalus,Pionites melanocephalus,Pionites melanocephalus,Pionites melanocephalus,C0827011843080CF,C0827011843080CF,Black-headed Parrot,Black-headed Parrot
Psittaciformes,Psittacidae,Ara severus,Ara severus,Ara severus,Ara severus,Ara severus,Ara severus,25BE172968F96FCC,25BE172968F96FCC,Chestnut-fronted Macaw,Chestnut-fronted Macaw
Psittaciformes,Psittacidae,Orthopsittaca manilatus,Orthopsittaca manilatus,Orthopsittaca manilatus,Orthopsittaca manilatus,Orthopsittaca manilatus,Orthopsittaca manilata,9A5F4D9573252F25,9A5F4D9573252F25,Red-bellied Macaw,Red-bellied Macaw
Cuculiformes,Cuculidae,Tapera naevia,Tapera naevia,Tapera naevia,Tapera naevia,Tapera naevia,Tapera naevia,505739E9A4A74E23,505739E9A4A74E23,Striped Cuckoo,Striped Cuckoo
Passeriformes,Tyrannidae,Hemitriccus zosterops,Hemitriccus zosterops,Hemitriccus zosterops,Hemitriccus zosterops,Hemitriccus zosterops,Hemitriccus zosterops,04CCE3382F0386DC,04CCE3382F0386DC,White-eyed Tody-Tyrant,White-eyed Tody-Tyrant
Tinamiformes,Tinamidae,Crypturellus cinereus,Crypturellus cinereus,Crypturellus cinereus,Crypturellus cinereus,Crypturellus cinereus,Crypturellus cinereus,7C90F8DB10FFD1F8,7C90F8DB10FFD1F8,Cinereous Tinamou,Cinereous Tinamou
Passeriformes,Icteridae,Psarocolius viridis,Psarocolius viridis,Psarocolius viridis,Psarocolius viridis,Psarocolius viridis,Psarocolius viridis,FC234BA1C390F764,FC234BA1C390F764,Green Oropendola,Green Oropendola
Piciformes,Ramphastidae,Pteroglossus pluricinctus,Pteroglossus pluricinctus,Pteroglossus pluricinctus,Pteroglossus pluricinctus,Pteroglossus pluricinctus,Pteroglossus pluricinctus,6D83E2D8EB015197,6D83E2D8EB015197,Many-banded Aracari,Many-banded Aracari
Strigiformes,Strigidae,Athene cunicularia,Athene cunicularia,Athene cunicularia,Athene cunicularia,Athene cunicularia,Athene cunicularia,B9EE9676FFEC8B11,B9EE9676FFEC8B11,Burrowing Owl,Burrowing Owl
Piciformes,Ramphastidae,Pteroglossus inscriptus,Pteroglossus inscriptus,Pteroglossus inscriptus,Pteroglossus humboldti,Pteroglossus inscriptus,Pteroglossus inscriptus,1B7DFB643544F7BF,1B7DFB643544F7BF,Lettered Aracari,Lettered Aracari
Passeriformes,Tyrannidae,Tyrannus savana,Tyrannus savana,Tyrannus savana,Tyrannus savana,Tyrannus savana,Tyrannus savana,A2510EF44C67DD52,A2510EF44C67DD52,Fork-tailed Flycatcher,Fork-tailed Flycatcher
Passeriformes,Icteridae,Cacicus solitarius,Cacicus solitarius,Cacicus solitarius,Cacicus solitarius,Cacicus solitarius,Cacicus solitarius,FF72F24A0A41A65B,FF72F24A0A41A65B,Solitary Black Cacique,Solitary Cacique
Passeriformes,Thraupidae,Cnemathraupis eximia,Cnemathraupis eximia,Cnemathraupis eximia,Cnemathraupis eximia,Cnemathraupis eximia,Buthraupis eximia,5B8B2C85FFDF8E39,5B8B2C85FFDF8E39,Black-chested Mountain-Tanager,Black-chested Mountain Tanager
Passeriformes,Passerellidae,Atlapetes albinucha,Atlapetes albinucha,Atlapetes albinucha,Atlapetes albinucha,Atlapetes albinucha,Atlapetes albinucha,BED7D8CC89C25166,BED7D8CC89C25166,White-naped Brushfinch,White-naped Brushfinch
Passeriformes,Thraupidae,Tangara arthus,Tangara arthus,Tangara arthus,Tangara aurulenta,Tangara arthus,Tangara arthus,0D05B12A55531AC3,0D05B12A55531AC3,Golden Tanager,Golden Tanager
Passeriformes,Thraupidae,Sporophila funerea,Sporophila funerea,Sporophila funerea,Sporophila funerea,Sporophila funerea,Oryzoborus funereus,64EDEAE0BE8F4F9E,64EDEAE0BE8F4F9E,Thick-billed Seed-Finch,Thick-billed Seed Finch
Passeriformes,Tyrannidae,Phyllomyias griseiceps,Phyllomyias griseiceps,Phyllomyias griseiceps,Phyllomyias griseiceps,Phyllomyias griseiceps,Phyllomyias griseiceps,54373895014ABE5A,54373895014ABE5A,Sooty-headed Tyrannulet,Sooty-headed Tyrannulet
Passeriformes,Tyrannidae,Camptostoma obsoletum,Camptostoma obsoletum,Camptostoma obsoletum,Camptostoma obsoletum,Camptostoma obsoletum,Camptostoma obsoletum,FE36D76BCC9B0EC1,FE36D76BCC9B0EC1,Southern Beardless-Tyrannulet,Southern Beardless Tyrannulet
Passeriformes,Furnariidae,Synallaxis brachyura,Synallaxis brachyura,Synallaxis brachyura,Synallaxis brachyura,Synallaxis brachyura,Synallaxis brachyura,4826C50729F64A19,4826C50729F64A19,Slaty Spinetail,Slaty Spinetail
Passeriformes,Hirundinidae,Progne tapera,Progne tapera,Progne tapera,Progne tapera,Progne tapera,Progne tapera,9BC43968E17EB3CB,9BC43968E17EB3CB,Brown-chested Martin,Brown-chested Martin
Passeriformes,Thraupidae,Ixothraupis guttata,Ixothraupis guttata,Ixothraupis guttata,Tangara guttata,Ixothraupis guttata,Tangara guttata,14DFDF9F8B96A971,14DFDF9F8B96A971,Speckled Tanager,Speckled Tanager
Passeriformes,Tyrannidae,Myiodynastes maculatus,Myiodynastes maculatus,Myiodynastes maculatus,Myiodynastes maculatus,Myiodynastes maculatus,Myiodynastes maculatus,D94C61774276D9FC,D94C61774276D9FC,Streaked Flycatcher,Streaked Flycatcher
Passeriformes,Icteridae,Icterus chrysater,Icterus chrysater,Icterus chrysater,Icterus chrysater,Icterus chrysater,Icterus chrysater,379A7116CA3BBDF1,379A7116CA3BBDF1,Yellow-backed Oriole,Yellow-backed Oriole
Passeriformes,Thraupidae,Ramphocelus dimidiatus,Ramphocelus dimidiatus,Ramphocelus dimidiatus,Ramphocelus dimidiatus,Ramphocelus dimidiatus,Ramphocelus dimidiatus,32121D981BB66DA0,32121D981BB66DA0,Crimson-backed Tanager,Crimson-backed Tanager
Passeriformes,Tyrannidae,Elaenia chiriquensis,Elaenia chiriquensis,Elaenia chiriquensis,Elaenia chiriquensis,Elaenia chiriquensis,Elaenia chiriquensis,6AC0CC9E6A93DCDF,6AC0CC9E6A93DCDF,Lesser Elaenia,Lesser Elaenia
Passeriformes,Thraupidae,Saltator striatipectus,Saltator striatipectus,Saltator striatipectus,Saltator striatipectus,Saltator striatipectus,Saltator striatipectus,4875898E91625A3B,4875898E91625A3B,Streaked Saltator,Streaked Saltator
Passeriformes,Thraupidae,Sporophila nigricollis,Sporophila nigricollis,Sporophila nigricollis,Sporophila nigricollis,Sporophila nigricollis,Sporophila nigricollis,52DEFF09D3E065B7,52DEFF09D3E065B7,Yellow-bellied Seedeater,Yellow-bellied Seedeater
Passeriformes,Parulidae,Setophaga pitiayumi,Setophaga pitiayumi,Setophaga pitiayumi,Setophaga pitiayumi,Setophaga pitiayumi,Parula pitiayumi,4926BC8C8C3C7895,4926BC8C8C3C7895,Tropical Parula,Tropical Parula
Passeriformes,Thraupidae,Emberizoides herbicola,Emberizoides herbicola,Emberizoides herbicola,Emberizoides herbicola,Emberizoides herbicola,Emberizoides herbicola,BA6FDF30537079FE,BA6FDF30537079FE,Wedge-tailed Grass-Finch,Wedge-tailed Grass Finch
Passeriformes,Pipridae,Chiroxiphia lanceolata,Chiroxiphia lanceolata,Chiroxiphia lanceolata,Chiroxiphia lanceolata,Chiroxiphia lanceolata,Chiroxiphia lanceolata,1987669E785ACC07,1987669E785ACC07,Lance-tailed Manakin,Lance-tailed Manakin
Apodiformes,Trochilidae,Doryfera johannae,Doryfera johannae,Doryfera johannae,Doryfera johannae,Doryfera johannae,Doryfera johannae,60EFC3838668D83F,60EFC3838668D83F,Blue-fronted Lancebill,Blue-fronted Lancebill
Apodiformes,Trochilidae,Anthracothorax nigricollis,Anthracothorax nigricollis,Anthracothorax nigricollis,Anthracothorax nigricollis,Anthracothorax nigricollis,Anthracothorax nigricollis,BC459FEC13746A1D,BC459FEC13746A1D,Black-throated Mango,Black-throated Mango
Passeriformes,Icteridae,Icterus cayanensis,Icterus cayanensis,Icterus cayanensis,Icterus chrysocephalus,Icterus cayanensis,Icterus cayanensis,1A71A99718CF26DC,1A71A99718CF26DC,Epaulet Oriole,Epaulet Oriole
Passeriformes,Corvidae,Cyanocorax affinis,Cyanocorax affinis,Cyanocorax affinis,Cyanocorax affinis,Cyanocorax affinis,Cyanocorax affinis,C63A2BBFF5C42B78,C63A2BBFF5C42B78,Black-chested Jay,Black-chested Jay
Passeriformes,Tyrannidae,Zimmerius gracilipes,Zimmerius gracilipes,Zimmerius gracilipes,Zimmerius gracilipes,Zimmerius gracilipes,Zimmerius gracilipes,5CDCBAA48F5CEAE9,5CDCBAA48F5CEAE9,Slender-footed Tyrannulet,Slender-footed Tyrannulet
Passeriformes,Thraupidae,Ramphocelus carbo,Ramphocelus carbo,Ramphocelus carbo,Ramphocelus carbo,Ramphocelus carbo,Ramphocelus carbo,EF01FD7605BFE5DD,EF01FD7605BFE5DD,Silver-beaked Tanager,Silver-beaked Tanager
Falconiformes,Falconidae,Falco rufigularis,Falco rufigularis,Falco rufigularis,Falco rufigularis,Falco rufigularis,Falco rufigularis,EF9568DE5FD1E028,EF9568DE5FD1E028,Bat Falcon,Bat Falcon
Passeriformes,Icteridae,Chrysomus icterocephalus,Chrysomus icterocephalus,Chrysomus icterocephalus,Chrysomus icterocephalus,Chrysomus icterocephalus,Chrysomus icterocephalus,42826912478AC2CE,42826912478AC2CE,Yellow-hooded Blackbird,Yellow-hooded Blackbird
Cuculiformes,Cuculidae,Coccycua pumila,Coccycua pumila,Coccycua pumila,Coccycua pumila,Coccycua pumila,Coccycua pumila,F0677C4BDA98E464,F0677C4BDA98E464,Dwarf Cuckoo,Dwarf Cuckoo
Passeriformes,Tyrannidae,Myiopagis viridicata,Myiopagis viridicata,Myiopagis viridicata,Myiopagis viridicata,Myiopagis viridicata,Myiopagis viridicata,F219499BB0B271C1,F219499BB0B271C1,Greenish Elaenia,Greenish Elaenia
Passeriformes,Tyrannidae,Fluvicola pica,Fluvicola pica,Fluvicola pica,Fluvicola pica,Fluvicola pica,Fluvicola pica,131BC7FC47F9C8BA,131BC7FC47F9C8BA,Pied Water-Tyrant,Pied Water Tyrant
Passeriformes,Thraupidae,Tangara vassorii,Tangara vassorii,Tangara vassorii,Tangara vassorii,Tangara vassorii,Tangara vassorii,26BE0F1E2E4C04BE,26BE0F1E2E4C04BE,Blue-and-black Tanager,Blue-and-black Tanager
Passeriformes,Parulidae,Myioborus ornatus,Myioborus ornatus,Myioborus ornatus,Myioborus ornatus,Myioborus ornatus,Myioborus ornatus,0A4A6CF71B64BAE3,0A4A6CF71B64BAE3,Golden-fronted Redstart,Golden-fronted Whitestart
Passeriformes,Tyrannidae,Ochthoeca rufipectoralis,Ochthoeca rufipectoralis,Ochthoeca rufipectoralis,Ochthoeca rufipectoralis,Ochthoeca rufipectoralis,Ochthoeca rufipectoralis,15FF866AD506195D,15FF866AD506195D,Rufous-breasted Chat-Tyrant,Rufous-breasted Chat-Tyrant
Passeriformes,Cotingidae,Ampelion rubrocristatus,Ampelion rubrocristatus,Ampelion rubrocristatus,Ampelion rubrocristatus,Ampelion rubrocristatus,Ampelion rubrocristatus,C5B2624D4765746D,C5B2624D4765746D,Red-crested Cotinga,Red-crested Cotinga
Passeriformes,Thraupidae,Diglossa humeralis,Diglossa humeralis,Diglossa humeralis,Diglossa humeralis,Diglossa humeralis,Diglossa humeralis,CC7387DB280476E1,CC7387DB280476E1,Black Flowerpiercer,Black Flowerpiercer
Passeriformes,Turdidae,Turdus serranus,Turdus serranus,Turdus serranus,Turdus serranus,Turdus serranus,Turdus serranus,9B9D5DC7A1794CA7,9B9D5DC7A1794CA7,Glossy-black Thrush,Glossy-black Thrush
Passeriformes,Furnariidae,Margarornis squamiger,Margarornis squamiger,Margarornis squamiger,Margarornis squamiger,Margarornis squamiger,Margarornis squamiger,CDBA9E0C95EC562D,CDBA9E0C95EC562D,Pearled Treerunner,Pearled Treerunner
Piciformes,Picidae,Colaptes punctigula,Colaptes punctigula,Colaptes punctigula,Colaptes punctigula,Colaptes punctigula,Colaptes punctigula,897E43C8CB9977FD,897E43C8CB9977FD,Spot-breasted Woodpecker,Spot-breasted Woodpecker
Passeriformes,Tyrannidae,Poecilotriccus sylvia,Poecilotriccus sylvia,Poecilotriccus sylvia,Poecilotriccus sylvia,Poecilotriccus sylvia,Poecilotriccus sylvia,579EA7EA0B458F4B,579EA7EA0B458F4B,Slate-headed Tody-Flycatcher,Slaty-headed Tody-Flycatcher
Passeriformes,Tyrannidae,Myiarchus apicalis,Myiarchus apicalis,Myiarchus apicalis,Myiarchus apicalis,Myiarchus apicalis,Myiarchus apicalis,AA902955A737926B,AA902955A737926B,Apical Flycatcher,Apical Flycatcher
Passeriformes,Tyrannidae,Sayornis nigricans,Sayornis nigricans,Sayornis nigricans,Sayornis nigricans,Sayornis nigricans,Sayornis nigricans,B182DED22E9E9577,B182DED22E9E9577,Black Phoebe,Black Phoebe
Passeriformes,Thraupidae,Sporophila castaneiventris,Sporophila castaneiventris,Sporophila castaneiventris,Sporophila castaneiventris,Sporophila castaneiventris,Sporophila castaneiventris,96F2444FECEEFAAD,96F2444FECEEFAAD,Chestnut-bellied Seedeater,Chestnut-bellied Seedeater
Passeriformes,Hirundinidae,Pygochelidon cyanoleuca,Pygochelidon cyanoleuca,Pygochelidon cyanoleuca,Pygochelidon cyanoleuca,Pygochelidon cyanoleuca,Pygochelidon cyanoleuca,DFFD116E6090456D,DFFD116E6090456D,Blue-and-white Swallow,Blue-and-white Swallow
Passeriformes,Passerellidae,Arremonops conirostris,Arremonops conirostris,Arremonops conirostris,Arremonops conirostris,Arremonops conirostris,Arremonops conirostris,BF9F34F59948A07F,BF9F34F59948A07F,Black-striped Sparrow,Black-striped Sparrow
Passeriformes,Thraupidae,Ramphocelus flammigerus,Ramphocelus flammigerus,Ramphocelus flammigerus,Ramphocelus flammigerus,Ramphocelus flammigerus,Ramphocelus flammigerus,BCF7B7226170CA4B,BCF7B7226170CA4B,Flame-rumped Tanager,Flame-rumped Tanager
Passeriformes,Furnariidae,Lepidocolaptes souleyetii,Lepidocolaptes souleyetii,Lepidocolaptes souleyetii,Lepidocolaptes souleyetii,Lepidocolaptes souleyetii,Lepidocolaptes souleyetii,65EA1A083ED97080,65EA1A083ED97080,Streak-headed Woodcreeper,Streak-headed Woodcreeper
Piciformes,Picidae,Picumnus granadensis,Picumnus granadensis,Picumnus granadensis,Picumnus granadensis,Picumnus granadensis,Picumnus granadensis,2A87E89C0DB967D1,2A87E89C0DB967D1,Grayish Piculet,Greyish Piculet
Passeriformes,Thraupidae,Tangara gyrola,Tangara gyrola,Tangara gyrola,Tangara gyrola,Tangara gyrola,Tangara gyrola,AB91656827EEF542,AB91656827EEF542,Bay-headed Tanager,Bay-headed Tanager
Trogoniformes,Trogonidae,Trogon viridis,Trogon viridis,Trogon viridis,Trogon viridis,Trogon viridis,Trogon viridis,BA2F0BFD6F2C9654,BA2F0BFD6F2C9654,Green-backed Trogon,Green-backed Trogon
Apodiformes,Apodidae,Streptoprocne zonaris,Streptoprocne zonaris,Streptoprocne zonaris,Streptoprocne zonaris,Streptoprocne zonaris,Streptoprocne zonaris,88D7E68DB7827611,88D7E68DB7827611,White-collared Swift,White-collared Swift
Caprimulgiformes,Caprimulgidae,Nyctidromus albicollis,Nyctidromus albicollis,Nyctidromus albicollis,Nyctidromus albicollis,Nyctidromus albicollis,Nyctidromus albicollis,F2CB69EC613FDFE7,F2CB69EC613FDFE7,Common Pauraque,Pauraque
Piciformes,Ramphastidae,Ramphastos tucanus,Ramphastos tucanus,Ramphastos tucanus,Ramphastos cuvieri,Ramphastos tucanus,Ramphastos tucanus,04EDD1229AD79810,04EDD1229AD79810,White-throated Toucan,White-throated Toucan
Piciformes,Ramphastidae,Pteroglossus castanotis,Pteroglossus castanotis,Pteroglossus castanotis,Pteroglossus castanotis,Pteroglossus castanotis,Pteroglossus castanotis,766425133B13A871,766425133B13A871,Chestnut-eared Aracari,Chestnut-eared Aracari
Psittaciformes,Psittacidae,Amazona amazonica,Amazona amazonica,Amazona amazonica,Amazona amazonica,Amazona amazonica,Amazona amazonica,0F2066D5BB706CD2,0F2066D5BB706CD2,Orange-winged Parrot,Orange-winged Amazon
Apodiformes,Apodidae,Tachornis squamata,Tachornis squamata,Tachornis squamata,Tachornis squamata,Tachornis squamata,Tachornis squamata,F0D08AFF601DAA17,F0D08AFF601DAA17,Fork-tailed Palm-Swift,Fork-tailed Palm Swift
Passeriformes,Hirundinidae,Progne chalybea,Progne chalybea,Progne chalybea,Progne chalybea,Progne chalybea,Progne chalybea,ECA64B1892C99539,ECA64B1892C99539,Gray-breasted Martin,Grey-breasted Martin
Eurypygiformes,Eurypygidae,Eurypyga helias,Eurypyga helias,Eurypyga helias,Eurypyga helias,Eurypyga helias,Eurypyga helias,900C590B5EEE5157,900C590B5EEE5157,Sunbittern,Sunbittern
Piciformes,Picidae,Campephilus melanoleucos,Campephilus melanoleucos,Campephilus melanoleucos,Campephilus melanoleucos,Campephilus melanoleucos,Campephilus melanoleucos,E34138C6C5FD2DBB,E34138C6C5FD2DBB,Crimson-crested Woodpecker,Crimson-crested Woodpecker
Passeriformes,Tyrannidae,Mionectes oleagineus,Mionectes oleagineus,Mionectes oleagineus,Mionectes oleagineus,Mionectes oleagineus,Mionectes oleagineus,0EFCDBB88117489F,0EFCDBB88117489F,Ochre-bellied Flycatcher,Ochre-bellied Flycatcher
Passeriformes,Furnariidae,Dendrocincla fuliginosa,Dendrocincla fuliginosa,Dendrocincla fuliginosa,Dendrocincla fuliginosa,Dendrocincla fuliginosa,Dendrocincla fuliginosa,A31278C76A64625C,A31278C76A64625C,Plain-brown Woodcreeper,Plain-brown Woodcreeper
Accipitriformes,Accipitridae,Buteo albonotatus,Buteo albonotatus,Buteo albonotatus,Buteo albonotatus,Buteo albonotatus,Buteo albonotatus,597D7DD64AE96CDF,597D7DD64AE96CDF,Zone-tailed Hawk,Zone-tailed Hawk
Apodiformes,Trochilidae,Phaethornis hispidus,Phaethornis hispidus,Phaethornis hispidus,Phaethornis hispidus,Phaethornis hispidus,Phaethornis hispidus,2FA996CEF4293018,2FA996CEF4293018,White-bearded Hermit,White-bearded Hermit
Falconiformes,Falconidae,Falco femoralis,Falco femoralis,Falco femoralis,Falco femoralis,Falco femoralis,Falco femoralis,5EC5BE3F4FBC07F2,5EC5BE3F4FBC07F2,Aplomado Falcon,Aplomado Falcon
Psittaciformes,Psittacidae,Amazona farinosa,Amazona farinosa,Amazona farinosa,Amazona farinosa,Amazona farinosa,Amazona farinosa,A05EF311D490F5E9,A05EF311D490F5E9,Mealy Parrot,Mealy Amazon
Coraciiformes,Momotidae,Momotus momota,Momotus momota,Momotus momota,Momotus momota,Momotus momota,Momotus momota,7CE7EB2FD1FB6F96,7CE7EB2FD1FB6F96,Amazonian Motmot,Amazonian Motmot
Passeriformes,Troglodytidae,Cantorchilus leucotis,Cantorchilus leucotis,Cantorchilus leucotis,Cantorchilus leucotis,Cantorchilus leucotis,Thryothorus leucotis,DF6E7F1C91A07B2A,DF6E7F1C91A07B2A,Buff-breasted Wren,Buff-breasted Wren
Galbuliformes,Galbulidae,Brachygalba lugubris,Brachygalba lugubris,Brachygalba lugubris,Brachygalba lugubris,Brachygalba lugubris,Brachygalba lugubris,8B22F11F10F8ECFD,8B22F11F10F8ECFD,Brown Jacamar,Brown Jacamar
Tinamiformes,Tinamidae,Crypturellus soui,Crypturellus soui,Crypturellus soui,Crypturellus soui,Crypturellus soui,Crypturellus soui,39DD9DD76680A7F0,39DD9DD76680A7F0,Little Tinamou,Little Tinamou
Passeriformes,Thraupidae,Dacnis albiventris,Dacnis albiventris,Dacnis albiventris,Dacnis albiventris,Dacnis albiventris,Dacnis albiventris,7AFF6CE5ED5C0179,7AFF6CE5ED5C0179,White-bellied Dacnis,White-bellied Dacnis
Passeriformes,Turdidae,Turdus leucomelas,Turdus leucomelas,Turdus leucomelas,Turdus leucomelas,Turdus leucomelas,Turdus leucomelas,C09382470E0D642D,C09382470E0D642D,Pale-breasted Thrush,Pale-breasted Thrush
Apodiformes,Trochilidae,Phaethornis augusti,Phaethornis augusti,Phaethornis augusti,Phaethornis augusti,Phaethornis augusti,Phaethornis augusti,F7DEB8B1F17927F3,F7DEB8B1F17927F3,Sooty-capped Hermit,Sooty-capped Hermit
Anseriformes,Anatidae,Dendrocygna viduata,Dendrocygna viduata,Dendrocygna viduata,Dendrocygna viduata,Dendrocygna viduata,Dendrocygna viduata,A534AFEA126DBD62,A534AFEA126DBD62,White-faced Whistling-Duck,White-faced Whistling Duck
Accipitriformes,Accipitridae,Geranospiza caerulescens,Geranospiza caerulescens,Geranospiza caerulescens,Geranospiza caerulescens,Geranospiza caerulescens,Geranospiza caerulescens,25266E29FD258C83,25266E29FD258C83,Crane Hawk,Crane Hawk
Accipitriformes,Accipitridae,Rostrhamus sociabilis,Rostrhamus sociabilis,Rostrhamus sociabilis,Rostrhamus sociabilis,Rostrhamus sociabilis,Rostrhamus sociabilis,6E4430A893DBCBFF,6E4430A893DBCBFF,Snail Kite,Snail Kite
Apodiformes,Trochilidae,Heliomaster longirostris,Heliomaster longirostris,Heliomaster longirostris,Heliomaster longirostris,Heliomaster longirostris,Heliomaster longirostris,7DB659EF4A59C023,7DB659EF4A59C023,Long-billed Starthroat,Long-billed Starthroat
Falconiformes,Falconidae,Daptrius ater,Daptrius ater,Daptrius ater,Daptrius ater,Daptrius ater,Daptrius ater,9D271B2DC2A9789C,9D271B2DC2A9789C,Black Caracara,Black Caracara
Passeriformes,Troglodytidae,Thryophilus rufalbus,Thryophilus rufalbus,Thryophilus rufalbus,Thryophilus rufalbus,Thryophilus rufalbus,Thryothorus rufalbus,0A9020EB4E2424FE,0A9020EB4E2424FE,Rufous-and-white Wren,Rufous-and-white Wren
Opisthocomiformes,Opisthocomidae,Opisthocomus hoazin,Opisthocomus hoazin,Opisthocomus hoazin,Opisthocomus hoazin,Opisthocomus hoazin,Opisthocomus hoazin,7E83A1B3DC1F8644,7E83A1B3DC1F8644,Hoatzin,Hoatzin
Piciformes,Capitonidae,Capito auratus,Capito auratus,Capito auratus,Capito auratus,Capito auratus,Capito auratus,6F0D3DCD814CAC8D,6F0D3DCD814CAC8D,Gilded Barbet,Gilded Barbet
Passeriformes,Tityridae,Tityra cayana,Tityra cayana,Tityra cayana,Tityra cayana,Tityra cayana,Tityra cayana,CB7A4FE8D92D1995,CB7A4FE8D92D1995,Black-tailed Tityra,Black-tailed Tityra
Passeriformes,Thraupidae,Schistochlamys melanopis,Schistochlamys melanopis,Schistochlamys melanopis,Schistochlamys melanopis,Schistochlamys melanopis,Schistochlamys melanopis,C78F380385259557,C78F380385259557,Black-faced Tanager,Black-faced Tanager
Passeriformes,Tyrannidae,Myiarchus ferox,Myiarchus ferox,Myiarchus ferox,Myiarchus ferox,Myiarchus ferox,Myiarchus ferox,825CACEF8254D9E3,825CACEF8254D9E3,Short-crested Flycatcher,Short-crested Flycatcher
Passeriformes,Tyrannidae,Legatus leucophaius,Legatus leucophaius,Legatus leucophaius,Legatus leucophaius,Legatus leucophaius,Legatus leucophaius,9971C83EE46CC66C,9971C83EE46CC66C,Piratic Flycatcher,Piratic Flycatcher
Psittaciformes,Psittacidae,Amazona mercenarius,Amazona mercenarius,Amazona mercenarius,Amazona mercenarius,Amazona mercenarius,Amazona mercenaria,CED01CA4801596CF,CED01CA4801596CF,Scaly-naped Parrot,Scaly-naped Amazon
Passeriformes,Tyrannidae,Mecocerculus minor,Mecocerculus minor,Mecocerculus minor,Mecocerculus minor,Mecocerculus minor,Mecocerculus minor,95D9C295ED7F59B7,95D9C295ED7F59B7,Sulphur-bellied Tyrannulet,Sulphur-bellied Tyrannulet
Passeriformes,Thamnophilidae,Cercomacroides tyrannina,Cercomacroides tyrannina,Cercomacroides tyrannina,Cercomacroides tyrannina,Cercomacroides tyrannina,Cercomacra tyrannina,7064BD0222050C53,7064BD0222050C53,Dusky Antbird,Dusky Antbird
Passeriformes,Tyrannidae,Elaenia frantzii,Elaenia frantzii,Elaenia frantzii,Elaenia frantzii,Elaenia frantzii,Elaenia frantzii,97AD0B38E9213498,97AD0B38E9213498,Mountain Elaenia,Mountain Elaenia
Accipitriformes,Accipitridae,Buteogallus urubitinga,Buteogallus urubitinga,Buteogallus urubitinga,Buteogallus urubitinga,Buteogallus urubitinga,Buteogallus urubitinga,EE908632CACAB29E,EE908632CACAB29E,Great Black Hawk,Great Black Hawk
Nyctibiiformes,Nyctibiidae,Nyctibius griseus,Nyctibius griseus,Nyctibius griseus,Nyctibius griseus,Nyctibius griseus,Nyctibius griseus,7333ADB3332EB885,7333ADB3332EB885,Common Potoo,Common Potoo
Strigiformes,Strigidae,Megascops choliba,Megascops choliba,Megascops choliba,Megascops choliba,Megascops choliba,Megascops choliba,E2B40A6E68F699C4,E2B40A6E68F699C4,Tropical Screech-Owl,Tropical Screech Owl
Passeriformes,Thraupidae,Sporophila lineola,Sporophila lineola,Sporophila lineola,Sporophila lineola,Sporophila lineola,Sporophila lineola,7B104DA6971B0FC8,7B104DA6971B0FC8,Lined Seedeater,Lined Seedeater
Coraciiformes,Alcedinidae,Chloroceryle amazona,Chloroceryle amazona,Chloroceryle amazona,Chloroceryle amazona,Chloroceryle amazona,Chloroceryle amazona,331DC00B72FD8419,331DC00B72FD8419,Amazon Kingfisher,Amazon Kingfisher
Passeriformes,Thraupidae,Tersina viridis,Tersina viridis,Tersina viridis,Tersina viridis,Tersina viridis,Tersina viridis,EB9B653A49B15F67,EB9B653A49B15F67,Swallow Tanager,Swallow Tanager
Passeriformes,Tyrannidae,Leptopogon amaurocephalus,Leptopogon amaurocephalus,Leptopogon amaurocephalus,Leptopogon amaurocephalus,Leptopogon amaurocephalus,Leptopogon amaurocephalus,61EA91A86889AEAB,61EA91A86889AEAB,Sepia-capped Flycatcher,Sepia-capped Flycatcher
Apodiformes,Apodidae,Chaetura brachyura,Chaetura brachyura,Chaetura brachyura,Chaetura brachyura,Chaetura brachyura,Chaetura brachyura,5368983F2524C467,5368983F2524C467,Short-tailed Swift,Short-tailed Swift
Passeriformes,Vireonidae,Hylophilus flavipes,Hylophilus flavipes,Hylophilus flavipes,Hylophilus flavipes,Hylophilus flavipes,Hylophilus flavipes,8D6D0F253D3CA471,8D6D0F253D3CA471,Scrub Greenlet,Scrub Greenlet
Galbuliformes,Galbulidae,Galbula tombacea,Galbula tombacea,Galbula tombacea,Galbula tombacea,Galbula tombacea,Galbula tombacea,7E2D591FFC436065,7E2D591FFC436065,White-chinned Jacamar,White-chinned Jacamar
Passeriformes,Thamnophilidae,Thamnophilus amazonicus,Thamnophilus amazonicus,Thamnophilus amazonicus,Thamnophilus amazonicus,Thamnophilus amazonicus,Thamnophilus amazonicus,80DBA1ED3A5EA2F1,80DBA1ED3A5EA2F1,Amazonian Antshrike,Amazonian Antshrike
Apodiformes,Trochilidae,Phaethornis griseogularis,Phaethornis griseogularis,Phaethornis griseogularis,Phaethornis griseogularis,Phaethornis griseogularis,Phaethornis griseogularis,72304E2114A5E5B9,72304E2114A5E5B9,Gray-chinned Hermit,Grey-chinned Hermit
Tinamiformes,Tinamidae,Crypturellus undulatus,Crypturellus undulatus,Crypturellus undulatus,Crypturellus undulatus,Crypturellus undulatus,Crypturellus undulatus,7A600A0FFE87DB71,7A600A0FFE87DB71,Undulated Tinamou,Undulated Tinamou
Passeriformes,Tityridae,Pachyramphus polychopterus,Pachyramphus polychopterus,Pachyramphus polychopterus,Pachyramphus polychopterus,Pachyramphus polychopterus,Pachyramphus polychopterus,CE997BBDEBCC30DB,CE997BBDEBCC30DB,White-winged Becard,White-winged Becard
Passeriformes,Turdidae,Turdus nudigenis,Turdus nudigenis,Turdus nudigenis,Turdus nudigenis,Turdus nudigenis,Turdus nudigenis,F697CCD28CE8B3F8,F697CCD28CE8B3F8,Spectacled Thrush,Spectacled Thrush
Apodiformes,Trochilidae,Glaucis hirsutus,Glaucis hirsutus,Glaucis hirsutus,Glaucis hirsutus,Glaucis hirsutus,Glaucis hirsutus,2486FC7807369CB1,2486FC7807369CB1,Rufous-breasted Hermit,Rufous-breasted Hermit
Passeriformes,Thraupidae,Eucometis penicillata,Eucometis penicillata,Eucometis penicillata,Eucometis penicillata,Eucometis penicillata,Eucometis penicillata,05296BB442B0E644,05296BB442B0E644,Gray-headed Tanager,Grey-headed Tanager
Passeriformes,Passerellidae,Ammodramus humeralis,Ammodramus humeralis,Ammodramus humeralis,Ammodramus humeralis,Ammodramus humeralis,Ammodramus humeralis,7C74D0E311C7CB85,7C74D0E311C7CB85,Grassland Sparrow,Grassland Sparrow
Galliformes,Cracidae,Penelope jacquacu,Penelope jacquacu,Penelope jacquacu,Penelope jacquacu,Penelope jacquacu,Penelope jacquacu,1D1EDAF0EE6355AD,1D1EDAF0EE6355AD,Spix's Guan,Spix's Guan
Passeriformes,Tyrannidae,Arundinicola leucocephala,Arundinicola leucocephala,Arundinicola leucocephala,Arundinicola leucocephala,Arundinicola leucocephala,Arundinicola leucocephala,9C4B6D6D67B8AF28,9C4B6D6D67B8AF28,White-headed Marsh Tyrant,White-headed Marsh Tyrant
Passeriformes,Thamnophilidae,Cercomacroides parkeri,Cercomacroides parkeri,Cercomacroides parkeri,Cercomacroides parkeri,Cercomacroides parkeri,Cercomacra parkeri,C40F0FE2B8BBE0CB,C40F0FE2B8BBE0CB,Parker's Antbird,Parker's Antbird
Pelecaniformes,Ardeidae,Ardea cocoi,Ardea cocoi,Ardea cocoi,Ardea cocoi,Ardea cocoi,Ardea cocoi,B49AB61348C178BD,B49AB61348C178BD,Cocoi Heron,Cocoi Heron
Pelecaniformes,Threskiornithidae,Platalea ajaja,Platalea ajaja,Platalea ajaja,Platalea ajaja,Platalea ajaja,Platalea ajaja,70924157EB774F64,70924157EB774F64,Roseate Spoonbill,Roseate Spoonbill
Accipitriformes,Accipitridae,Geranoaetus albicaudatus,Geranoaetus albicaudatus,Geranoaetus albicaudatus,Geranoaetus albicaudatus,Geranoaetus albicaudatus,Buteo albicaudatus,72A838365CB10BF7,72A838365CB10BF7,White-tailed Hawk,White-tailed Hawk
Pelecaniformes,Threskiornithidae,Eudocimus ruber,Eudocimus ruber,Eudocimus ruber,Eudocimus ruber,Eudocimus ruber,Eudocimus ruber,45039A43F7F8A9CF,45039A43F7F8A9CF,Scarlet Ibis,Scarlet Ibis
Passeriformes,Tyrannidae,Ochthornis littoralis,Ochthornis littoralis,Ochthornis littoralis,Ochthornis littoralis,Ochthornis littoralis,Ochthornis littoralis,BFE83634FCFDBDBD,BFE83634FCFDBDBD,Drab Water Tyrant,Drab Water Tyrant
Accipitriformes,Accipitridae,Circus buffoni,Circus buffoni,Circus buffoni,Circus buffoni,Circus buffoni,Circus buffoni,07E22FE291DC864D,07E22FE291DC864D,Long-winged Harrier,Long-winged Harrier
Gruiformes,Aramidae,Aramus guarauna,Aramus guarauna,Aramus guarauna,Aramus guarauna,Aramus guarauna,Aramus guarauna,5D864313BEB5CCAA,5D864313BEB5CCAA,Limpkin,Limpkin
Passeriformes,Thraupidae,Sicalis luteola,Sicalis luteola,Sicalis luteola,Sicalis luteola,Sicalis luteola,Sicalis luteola,85C6D2E5CE2F7915,85C6D2E5CE2F7915,Grassland Yellow-Finch,Grassland Yellow Finch
Passeriformes,Passerellidae,Ammodramus aurifrons,Ammodramus aurifrons,Ammodramus aurifrons,Ammodramus aurifrons,Ammodramus aurifrons,Ammodramus aurifrons,02E3ACBDB2AD6E58,02E3ACBDB2AD6E58,Yellow-browed Sparrow,Yellow-browed Sparrow
Ciconiiformes,Ciconiidae,Mycteria americana,Mycteria americana,Mycteria americana,Mycteria americana,Mycteria americana,Mycteria americana,19196211B7630B88,19196211B7630B88,Wood Stork,Wood Stork
Piciformes,Ramphastidae,Ramphastos sulfuratus,Ramphastos sulfuratus,Ramphastos sulfuratus,Ramphastos sulfuratus,Ramphastos sulfuratus,Ramphastos sulfuratus,BB0FBBA4DEE10E3C,BB0FBBA4DEE10E3C,Keel-billed Toucan,Keel-billed Toucan
Passeriformes,Furnariidae,Synallaxis candei,Synallaxis candei,Synallaxis candei,Synallaxis candei,Synallaxis candei,Synallaxis candei,CF9F617D5C954F55,CF9F617D5C954F55,White-whiskered Spinetail,White-whiskered Spinetail
Piciformes,Picidae,Picumnus cinnamomeus,Picumnus cinnamomeus,Picumnus cinnamomeus,Picumnus cinnamomeus,Picumnus cinnamomeus,Picumnus cinnamomeus,5945045BA94DEC03,5945045BA94DEC03,Chestnut Piculet,Chestnut Piculet
Apodiformes,Trochilidae,Chlorostilbon gibsoni,Chlorostilbon gibsoni,Chlorostilbon gibsoni,Chlorostilbon gibsoni,Chlorostilbon gibsoni,Chlorostilbon gibsoni,114CC90EA154A599,114CC90EA154A599,Red-billed Emerald,Red-billed Emerald
Tinamiformes,Tinamidae,Crypturellus erythropus,Crypturellus erythropus,Crypturellus erythropus,Crypturellus erythropus,Crypturellus erythropus,Crypturellus erythropus,4E03F38D44C4C8A4,4E03F38D44C4C8A4,Red-legged Tinamou,Red-legged Tinamou
Columbiformes,Columbidae,Claravis pretiosa,Claravis pretiosa,Claravis pretiosa,Claravis pretiosa,Claravis pretiosa,Claravis pretiosa,C4C9F313CB04424E,C4C9F313CB04424E,Blue Ground Dove,Blue Ground Dove
Passeriformes,Tyrannidae,Inezia caudata,Inezia caudata,Inezia caudata,Inezia caudata,Inezia caudata,Inezia caudata,DE77BA6A2B8C84BC,DE77BA6A2B8C84BC,Pale-tipped Tyrannulet,Pale-tipped Inezia
Passeriformes,Hirundinidae,Tachycineta albiventer,Tachycineta albiventer,Tachycineta albiventer,Tachycineta albiventer,Tachycineta albiventer,Tachycineta albiventer,9FC801AF6A13C290,9FC801AF6A13C290,White-winged Swallow,White-winged Swallow
Passeriformes,Thamnophilidae,Thamnophilus melanonotus,Thamnophilus melanonotus,Thamnophilus melanonotus,Thamnophilus melanonotus,Thamnophilus melanonotus,Sakesphorus melanonotus,B72A9344F395848D,B72A9344F395848D,Black-backed Antshrike,Black-backed Antshrike
Cuculiformes,Cuculidae,Coccycua minuta,Coccycua minuta,Coccycua minuta,Coccycua minuta,Coccycua minuta,Coccycua minuta,07DD8007BC9EA1DA,07DD8007BC9EA1DA,Little Cuckoo,Little Cuckoo
Passeriformes,Thamnophilidae,Thamnophilus atrinucha,Thamnophilus atrinucha,Thamnophilus atrinucha,Thamnophilus atrinucha,Thamnophilus atrinucha,Thamnophilus atrinucha,E61CE1008257EF07,E61CE1008257EF07,Black-crowned Antshrike,Black-crowned Antshrike
Cathartiformes,Cathartidae,Sarcoramphus papa,Sarcoramphus papa,Sarcoramphus papa,Sarcoramphus papa,Sarcoramphus papa,Sarcoramphus papa,9306DA2F3B23E74C,9306DA2F3B23E74C,King Vulture,King Vulture
Passeriformes,Fringillidae,Euphonia trinitatis,Euphonia trinitatis,Euphonia trinitatis,Euphonia trinitatis,Euphonia trinitatis,Euphonia trinitatis,1DF34F2F4038DF7E,1DF34F2F4038DF7E,Trinidad Euphonia,Trinidad Euphonia
Apodiformes,Trochilidae,Phaethornis anthophilus,Phaethornis anthophilus,Phaethornis anthophilus,Phaethornis anthophilus,Phaethornis anthophilus,Phaethornis anthophilus,0636BA022DB80318,0636BA022DB80318,Pale-bellied Hermit,Pale-bellied Hermit
Psittaciformes,Psittacidae,Ara macao,Ara macao,Ara macao,Ara macao,Ara macao,Ara macao,5B015EDA14786E2D,5B015EDA14786E2D,Scarlet Macaw,Scarlet Macaw
Apodiformes,Trochilidae,Chrysolampis mosquitus,Chrysolampis mosquitus,Chrysolampis mosquitus,Chrysolampis mosquitus,Chrysolampis mosquitus,Chrysolampis mosquitus,0ED012F9F8E9BA80,0ED012F9F8E9BA80,Ruby-topaz Hummingbird,Ruby-topaz Hummingbird
Passeriformes,Tyrannidae,Oncostoma olivaceum,Oncostoma olivaceum,Oncostoma olivaceum,Oncostoma olivaceum,Oncostoma olivaceum,Oncostoma olivaceum,709BBA1D16BB1184,709BBA1D16BB1184,Southern Bentbill,Southern Bentbill
Apodiformes,Trochilidae,Chalybura buffonii,Chalybura buffonii,Chalybura buffonii,Chalybura buffonii,Chalybura buffonii,Chalybura buffonii,B9AD54280D4E4CE2,B9AD54280D4E4CE2,White-vented Plumeleteer,White-vented Plumeleteer
Passeriformes,Troglodytidae,Henicorhina leucophrys,Henicorhina leucophrys,Henicorhina leucophrys,Henicorhina leucophrys,Henicorhina leucophrys,Henicorhina leucophrys,57420691A32A007C,57420691A32A007C,Gray-breasted Wood-Wren,Grey-breasted Wood Wren
Passeriformes,Tyrannidae,Attila spadiceus,Attila spadiceus,Attila spadiceus,Attila spadiceus,Attila spadiceus,Attila spadiceus,BA09A296EE7B7D70,BA09A296EE7B7D70,Bright-rumped Attila,Bright-rumped Attila
Passeriformes,Tityridae,Tityra semifasciata,Tityra semifasciata,Tityra semifasciata,Tityra semifasciata,Tityra semifasciata,Tityra semifasciata,EA93E0B1725F2991,EA93E0B1725F2991,Masked Tityra,Masked Tityra
Passeriformes,Vireonidae,Cyclarhis gujanensis,Cyclarhis gujanensis,Cyclarhis gujanensis,Cyclarhis gujanensis,Cyclarhis gujanensis,Cyclarhis gujanensis,8776BD04D3C6BD81,8776BD04D3C6BD81,Rufous-browed Peppershrike,Rufous-browed Peppershrike
Passeriformes,Tyrannidae,Myiarchus panamensis,Myiarchus panamensis,Myiarchus panamensis,Myiarchus panamensis,Myiarchus panamensis,Myiarchus panamensis,2A2A4A6F6AE99C58,2A2A4A6F6AE99C58,Panama Flycatcher,Panama Flycatcher
Cuculiformes,Cuculidae,Coccyzus lansbergi,Coccyzus lansbergi,Coccyzus lansbergi,Coccyzus lansbergi,Coccyzus lansbergi,Coccyzus lansbergi,618790D9D70EC769,618790D9D70EC769,Gray-capped Cuckoo,Grey-capped Cuckoo
Passeriformes,Thraupidae,Nemosia pileata,Nemosia pileata,Nemosia pileata,Nemosia pileata,Nemosia pileata,Nemosia pileata,B112B15754CF5692,B112B15754CF5692,Hooded Tanager,Hooded Tanager
Passeriformes,Icteridae,Icterus mesomelas,Icterus mesomelas,Icterus mesomelas,Icterus mesomelas,Icterus mesomelas,Icterus mesomelas,2E74AF7D8FFDBDBD,2E74AF7D8FFDBDBD,Yellow-tailed Oriole,Yellow-tailed Oriole
Pelecaniformes,Ardeidae,Tigrisoma lineatum,Tigrisoma lineatum,Tigrisoma lineatum,Tigrisoma lineatum,Tigrisoma lineatum,Tigrisoma lineatum,435D9988DEB2C2FD,435D9988DEB2C2FD,Rufescent Tiger-Heron,Rufescent Tiger Heron
Coraciiformes,Alcedinidae,Chloroceryle aenea,Chloroceryle aenea,Chloroceryle aenea,Chloroceryle aenea,Chloroceryle aenea,Chloroceryle aenea,A08C5C0687704F82,A08C5C0687704F82,American Pygmy Kingfisher,American Pygmy Kingfisher
Passeriformes,Troglodytidae,Campylorhynchus zonatus,Campylorhynchus zonatus,Campylorhynchus zonatus,Campylorhynchus zonatus,Campylorhynchus zonatus,Campylorhynchus zonatus,DA03B16FC1768D08,DA03B16FC1768D08,Band-backed Wren,Band-backed Wren
Passeriformes,Icteridae,Icterus auricapillus,Icterus auricapillus,Icterus auricapillus,Icterus auricapillus,Icterus auricapillus,Icterus auricapillus,A27737B7A5A5EDEE,A27737B7A5A5EDEE,Orange-crowned Oriole,Orange-crowned Oriole
Falconiformes,Falconidae,Micrastur semitorquatus,Micrastur semitorquatus,Micrastur semitorquatus,Micrastur semitorquatus,Micrastur semitorquatus,Micrastur semitorquatus,8217BC4F4EA08CA0,8217BC4F4EA08CA0,Collared Forest-Falcon,Collared Forest Falcon
Passeriformes,Furnariidae,Campylorhamphus trochilirostris,Campylorhamphus trochilirostris,Campylorhamphus trochilirostris,Campylorhamphus trochilirostris,Campylorhamphus trochilirostris,Campylorhamphus trochilirostris,D5961A8ED9C376F5,D5961A8ED9C376F5,Red-billed Scythebill,Red-billed Scythebill
Passeriformes,Icteridae,Icterus icterus,Icterus icterus,Icterus icterus,Icterus icterus,Icterus icterus,Icterus icterus,B7C6DEB5671C3D9F,B7C6DEB5671C3D9F,Venezuelan Troupial,Venezuelan Troupial
Passeriformes,Thamnophilidae,Thamnophilus doliatus,Thamnophilus doliatus,Thamnophilus doliatus,Thamnophilus doliatus,Thamnophilus doliatus,Thamnophilus doliatus,484E85E3FA36390D,484E85E3FA36390D,Barred Antshrike,Barred Antshrike
Passeriformes,Troglodytidae,Pheugopedius mystacalis,Pheugopedius mystacalis,Pheugopedius mystacalis,Pheugopedius mystacalis,Pheugopedius mystacalis,Thryothorus mystacalis,A5AADBF7509BED70,A5AADBF7509BED70,Whiskered Wren,Whiskered Wren
Passeriformes,Tyrannidae,Inezia tenuirostris,Inezia tenuirostris,Inezia tenuirostris,Inezia tenuirostris,Inezia tenuirostris,Inezia tenuirostris,2741129523F290C7,2741129523F290C7,Slender-billed Tyrannulet,Slender-billed Inezia
Strigiformes,Strigidae,Pulsatrix perspicillata,Pulsatrix perspicillata,Pulsatrix perspicillata,Pulsatrix perspicillata,Pulsatrix perspicillata,Pulsatrix perspicillata,BA3C3A5CA9C8F367,BA3C3A5CA9C8F367,Spectacled Owl,Spectacled Owl
Passeriformes,Rhodinocichlidae,Rhodinocichla rosea,Rhodinocichla rosea,Rhodinocichla rosea,Rhodinocichla rosea,Rhodinocichla rosea,Rhodinocichla rosea,358DFBA288093A93,358DFBA288093A93,Rosy Thrush-Tanager,Rosy Thrush-tanager
Galbuliformes,Bucconidae,Malacoptila mystacalis,Malacoptila mystacalis,Malacoptila mystacalis,Malacoptila mystacalis,Malacoptila mystacalis,Malacoptila mystacalis,C1804C72F4782419,C1804C72F4782419,Moustached Puffbird,Moustached Puffbird
Passeriformes,Furnariidae,Sclerurus albigularis,Sclerurus albigularis,Sclerurus albigularis,Sclerurus albigularis,Sclerurus albigularis,Sclerurus albigularis,217490B517933F68,217490B517933F68,Gray-throated Leaftosser,Grey-throated Leaftosser
Passeriformes,Furnariidae,Xiphocolaptes promeropirhynchus,Xiphocolaptes promeropirhynchus,Xiphocolaptes promeropirhynchus,Xiphocolaptes promeropirhynchus,Xiphocolaptes promeropirhynchus,Xiphocolaptes promeropirhynchus,6B0B288512CB505D,6B0B288512CB505D,Strong-billed Woodcreeper,Strong-billed Woodcreeper
Passeriformes,Vireonidae,Vireo leucophrys,Vireo leucophrys,Vireo leucophrys,Vireo leucophrys,Vireo leucophrys,Vireo leucophrys,66DCDF47E2051564,66DCDF47E2051564,Brown-capped Vireo,Brown-capped Vireo
Passeriformes,Tityridae,Tityra inquisitor,Tityra inquisitor,Tityra inquisitor,Tityra inquisitor,Tityra inquisitor,Tityra inquisitor,85750F2BCDF9637A,85750F2BCDF9637A,Black-crowned Tityra,Black-crowned Tityra
Passeriformes,Tyrannidae,Ornithion brunneicapillus,Ornithion brunneicapillus,Ornithion brunneicapillus,Ornithion brunneicapillus,Ornithion brunneicapillus,Ornithion brunneicapillus,BF56665950BD377D,BF56665950BD377D,Brown-capped Tyrannulet,Brown-capped Tyrannulet
Passeriformes,Parulidae,Basileuterus culicivorus,Basileuterus culicivorus,Basileuterus culicivorus,Basileuterus culicivorus,Basileuterus culicivorus,Basileuterus culicivorus,E15EEACD3258027C,E15EEACD3258027C,Golden-crowned Warbler,Golden-crowned Warbler
Passeriformes,Passerellidae,Arremon schlegeli,Arremon schlegeli,Arremon schlegeli,Arremon schlegeli,Arremon schlegeli,Arremon schlegeli,A149DC0A3619FF07,A149DC0A3619FF07,Golden-winged Sparrow,Golden-winged Sparrow
Passeriformes,Tyrannidae,Pitangus lictor,Pitangus lictor,Philohydor lictor,Philohydor lictor,Pitangus lictor,Pitangus lictor,5B0BE8ADA58C6B64,5B0BE8ADA58C6B64,Lesser Kiskadee,Lesser Kiskadee
Suliformes,Phalacrocoracidae,Phalacrocorax brasilianus,Phalacrocorax brasilianus,Nannopterum brasilianum,Nannopterum brasilianus,Phalacrocorax brasilianus,Phalacrocorax brasilianus,56036504EDE6F930,56036504EDE6F930,Neotropic Cormorant,Neotropic Cormorant
Passeriformes,Passerellidae,Arremon basilicus,Arremon basilicus,Arremon basilicus,Arremon basilicus,Arremon basilicus,Arremon torquatus,610607744940A96C,610607744940A96C,Sierra Nevada Brushfinch,Sierra Nevada Brushfinch
Passeriformes,Thamnophilidae,Myrmeciza longipes,Myrmeciza longipes,Myrmeciza longipes,Myrmeciza longipes,Myrmeciza longipes,Myrmeciza longipes,40373FE11FCA0636,40373FE11FCA0636,White-bellied Antbird,White-bellied Antbird
Apodiformes,Trochilidae,Phaethornis atrimentalis,Phaethornis atrimentalis,Phaethornis atrimentalis,Phaethornis atrimentalis,Phaethornis atrimentalis,Phaethornis atrimentalis,BF1FDF215680C1E7,BF1FDF215680C1E7,Black-throated Hermit,Black-throated Hermit
Passeriformes,Tyrannidae,Tyrannulus elatus,Tyrannulus elatus,Tyrannulus elatus,Tyrannulus elatus,Tyrannulus elatus,Tyrannulus elatus,C28307D6363A11CC,C28307D6363A11CC,Yellow-crowned Tyrannulet,Yellow-crowned Tyrannulet
Passeriformes,Turdidae,Myadestes ralloides,Myadestes ralloides,Myadestes ralloides,Myadestes ralloides,Myadestes ralloides,Myadestes ralloides,8FE62CA53C11A847,8FE62CA53C11A847,Andean Solitaire,Andean Solitaire
Passeriformes,Thamnophilidae,Thamnophilus punctatus,Thamnophilus punctatus,Thamnophilus punctatus,Thamnophilus punctatus,Thamnophilus punctatus,Thamnophilus punctatus,3B9B9B3E41915918,3B9B9B3E41915918,Northern Slaty-Antshrike,Northern Slaty Antshrike
Passeriformes,Thraupidae,Dacnis lineata,Dacnis lineata,Dacnis lineata,Dacnis lineata,Dacnis lineata,Dacnis lineata,B2FA0B2328236CD5,B2FA0B2328236CD5,Black-faced Dacnis,Black-faced Dacnis
Passeriformes,Tyrannidae,Todirostrum chrysocrotaphum,Todirostrum chrysocrotaphum,Todirostrum chrysocrotaphum,Todirostrum chrysocrotaphum,Todirostrum chrysocrotaphum,Todirostrum chrysocrotaphum,6D2F0F0B55527F9F,6D2F0F0B55527F9F,Yellow-browed Tody-Flycatcher,Yellow-browed Tody-Flycatcher
Passeriformes,Furnariidae,Glyphorynchus spirurus,Glyphorynchus spirurus,Glyphorynchus spirurus,Glyphorynchus spirurus,Glyphorynchus spirurus,Glyphorynchus spirurus,B7517CD14785870F,B7517CD14785870F,Wedge-billed Woodcreeper,Wedge-billed Woodcreeper
Passeriformes,Fringillidae,Euphonia minuta,Euphonia minuta,Euphonia minuta,Euphonia minuta,Euphonia minuta,Euphonia minuta,A243C1D2977F227F,A243C1D2977F227F,White-vented Euphonia,White-vented Euphonia
Strigiformes,Strigidae,Megascops watsonii,Megascops watsonii,Megascops watsonii,Megascops watsonii,Megascops watsonii,Megascops watsonii,D33F04937F307552,D33F04937F307552,Tawny-bellied Screech-Owl,Tawny-bellied Screech Owl
Apodiformes,Trochilidae,Chrysuronia oenone,Chrysuronia oenone,Chrysuronia oenone,Amazilia oenone,Chrysuronia oenone,Chrysuronia oenone,1E1E7878500DD95D,1E1E7878500DD95D,Golden-tailed Sapphire,Golden-tailed Sapphire
Passeriformes,Thamnophilidae,Myrmophylax atrothorax,Myrmophylax atrothorax,Myrmophylax atrothorax,Myrmophylax atrothorax,Myrmophylax atrothorax,Myrmeciza atrothorax,6877831AE6CA88B3,6877831AE6CA88B3,Black-throated Antbird,Black-throated Antbird
Passeriformes,Troglodytidae,Pheugopedius coraya,Pheugopedius coraya,Pheugopedius coraya,Pheugopedius coraya,Pheugopedius coraya,Thryothorus coraya,FB669B0D75311F88,FB669B0D75311F88,Coraya Wren,Coraya Wren
Passeriformes,Tyrannidae,Tolmomyias poliocephalus,Tolmomyias poliocephalus,Tolmomyias poliocephalus,Tolmomyias poliocephalus,Tolmomyias poliocephalus,Tolmomyias poliocephalus,672EA938D18E3A53,672EA938D18E3A53,Gray-crowned Flycatcher,Grey-crowned Flatbill
Passeriformes,Icteridae,Psarocolius angustifrons,Psarocolius angustifrons,Psarocolius angustifrons,Psarocolius angustifrons,Psarocolius angustifrons,Psarocolius angustifrons,A7ED11A4D19AE3F8,A7ED11A4D19AE3F8,Russet-backed Oropendola,Russet-backed Oropendola
Galbuliformes,Bucconidae,Monasa flavirostris,Monasa flavirostris,Monasa flavirostris,Monasa flavirostris,Monasa flavirostris,Monasa flavirostris,0C64158A9BABC066,0C64158A9BABC066,Yellow-billed Nunbird,Yellow-billed Nunbird
Apodiformes,Trochilidae,Chlorostilbon mellisugus,Chlorostilbon mellisugus,Chlorostilbon mellisugus,Chlorostilbon mellisugus,Chlorostilbon mellisugus,Chlorostilbon mellisugus,EFE80E7B84CB16D2,EFE80E7B84CB16D2,Blue-tailed Emerald,Blue-tailed Emerald
Passeriformes,Pipridae,Ceratopipra erythrocephala,Ceratopipra erythrocephala,Ceratopipra erythrocephala,Ceratopipra erythrocephala,Ceratopipra erythrocephala,Pipra erythrocephala,1C713394C9EE96CF,1C713394C9EE96CF,Golden-headed Manakin,Golden-headed Manakin
Accipitriformes,Accipitridae,Helicolestes hamatus,Helicolestes hamatus,Helicolestes hamatus,Helicolestes hamatus,Helicolestes hamatus,Helicolestes hamatus,58078CCA004B027C,58078CCA004B027C,Slender-billed Kite,Slender-billed Kite
Passeriformes,Pipridae,Machaeropterus striolatus,Machaeropterus striolatus,Machaeropterus striolatus,Machaeropterus striolatus,Machaeropterus striolatus,Machaeropterus regulus,B4FFD3993307F7E7,B4FFD3993307F7E7,Striolated Manakin,Striolated Manakin
Apodiformes,Trochilidae,Heliodoxa schreibersii,Heliodoxa schreibersii,Heliodoxa schreibersii,Heliodoxa schreibersii,Heliodoxa schreibersii,Heliodoxa schreibersii,F3CD71B9EC42D902,F3CD71B9EC42D902,Black-throated Brilliant,Black-throated Brilliant
Passeriformes,Fringillidae,Chlorophonia cyanea,Chlorophonia cyanea,Chlorophonia cyanea,Chlorophonia cyanea,Chlorophonia cyanea,Chlorophonia cyanea,AB545C67E0244E74,AB545C67E0244E74,Blue-naped Chlorophonia,Blue-naped Chlorophonia
Galbuliformes,Bucconidae,Chelidoptera tenebrosa,Chelidoptera tenebrosa,Chelidoptera tenebrosa,Chelidoptera tenebrosa,Chelidoptera tenebrosa,Chelidoptera tenebrosa,B2B4CA5815AB38A2,B2B4CA5815AB38A2,Swallow-winged Puffbird,Swallow-winged Puffbird
Passeriformes,Parulidae,Myiothlypis fulvicauda,Myiothlypis fulvicauda,Myiothlypis fulvicauda,Myiothlypis fulvicauda,Myiothlypis fulvicauda,Phaeothlypis fulvicauda,0232E9DC51E069FE,0232E9DC51E069FE,Buff-rumped Warbler,Buff-rumped Warbler
Passeriformes,Tyrannidae,Poecilotriccus latirostris,Poecilotriccus latirostris,Poecilotriccus latirostris,Poecilotriccus latirostris,Poecilotriccus latirostris,Poecilotriccus latirostris,106B40D1270B408C,106B40D1270B408C,Rusty-fronted Tody-Flycatcher,Rusty-fronted Tody-Flycatcher
Passeriformes,Thamnophilidae,Myrmotherula axillaris,Myrmotherula axillaris,Myrmotherula axillaris,Myrmotherula axillaris,Myrmotherula axillaris,Myrmotherula axillaris,76C308FC9E57BD37,76C308FC9E57BD37,White-flanked Antwren,White-flanked Antwren
Galbuliformes,Bucconidae,Monasa nigrifrons,Monasa nigrifrons,Monasa nigrifrons,Monasa nigrifrons,Monasa nigrifrons,Monasa nigrifrons,BB158D41AC6DECDD,BB158D41AC6DECDD,Black-fronted Nunbird,Black-fronted Nunbird
Galbuliformes,Galbulidae,Galbula albirostris,Galbula albirostris,Galbula albirostris,Galbula albirostris,Galbula albirostris,Galbula albirostris,3F3135FF0D9C0290,3F3135FF0D9C0290,Yellow-billed Jacamar,Yellow-billed Jacamar
Pelecaniformes,Threskiornithidae,Cercibis oxycerca,Cercibis oxycerca,Cercibis oxycerca,Cercibis oxycerca,Cercibis oxycerca,Cercibis oxycerca,237E5445EF31A5A7,237E5445EF31A5A7,Sharp-tailed Ibis,Sharp-tailed Ibis
Galliformes,Odontophoridae,Odontophorus gujanensis,Odontophorus gujanensis,Odontophorus gujanensis,Odontophorus gujanensis,Odontophorus gujanensis,Odontophorus gujanensis,B41E681C2E1EE5C1,B41E681C2E1EE5C1,Marbled Wood-Quail,Marbled Wood Quail
Passeriformes,Tyrannidae,Mionectes olivaceus,Mionectes olivaceus,Mionectes olivaceus,Mionectes galbinus,Mionectes olivaceus,Mionectes olivaceus,F083DCE5D8729621,F083DCE5D8729621,Olive-striped Flycatcher,Olive-striped Flycatcher
Piciformes,Picidae,Celeus flavus,Celeus flavus,Celeus flavus,Celeus flavus,Celeus flavus,Celeus flavus,2186DAF534147862,2186DAF534147862,Cream-colored Woodpecker,Cream-colored Woodpecker
Passeriformes,Cardinalidae,Piranga leucoptera,Piranga leucoptera,Piranga leucoptera,Piranga leucoptera,Piranga leucoptera,Piranga leucoptera,CA0D68AEB313EC60,CA0D68AEB313EC60,White-winged Tanager,White-winged Tanager
Apodiformes,Trochilidae,Thalurania furcata,Thalurania furcata,Thalurania furcata,Thalurania furcata,Thalurania furcata,Thalurania furcata,EB8F11B5962D476F,EB8F11B5962D476F,Fork-tailed Woodnymph,Fork-tailed Woodnymph
Apodiformes,Apodidae,Streptoprocne rutila,Streptoprocne rutila,Streptoprocne rutila,Streptoprocne rutila,Streptoprocne rutila,Streptoprocne rutila,50222B1F0367C7EA,50222B1F0367C7EA,Chestnut-collared Swift,Chestnut-collared Swift
Apodiformes,Trochilidae,Doryfera ludovicae,Doryfera ludovicae,Doryfera ludovicae,Doryfera ludovicae,Doryfera ludovicae,Doryfera ludovicae,0EB01930E20923FD,0EB01930E20923FD,Green-fronted Lancebill,Green-fronted Lancebill
Coraciiformes,Momotidae,Momotus aequatorialis,Momotus aequatorialis,Momotus aequatorialis,Momotus aequatorialis,Momotus aequatorialis,Momotus aequatorialis,6CAC15FBBC46544B,6CAC15FBBC46544B,Andean Motmot,Andean Motmot
Galliformes,Cracidae,Chamaepetes goudotii,Chamaepetes goudotii,Chamaepetes goudotii,Chamaepetes goudotii,Chamaepetes goudotii,Chamaepetes goudotii,B019CEB915F5ECD7,B019CEB915F5ECD7,Sickle-winged Guan,Sickle-winged Guan
Passeriformes,Parulidae,Myioborus miniatus,Myioborus miniatus,Myioborus miniatus,Myioborus miniatus,Myioborus miniatus,Myioborus miniatus,CB8A94374DC4F1A7,CB8A94374DC4F1A7,Slate-throated Redstart,Slate-throated Whitestart
Apodiformes,Trochilidae,Coeligena coeligena,Coeligena coeligena,Coeligena coeligena,Coeligena coeligena,Coeligena coeligena,Coeligena coeligena,97D31AA60105CDD6,97D31AA60105CDD6,Bronzy Inca,Bronzy Inca
Passeriformes,Tyrannidae,Phylloscartes poecilotis,Phylloscartes poecilotis,Pogonotriccus poecilotis,Pogonotriccus poecilotis,Phylloscartes poecilotis,Phylloscartes poecilotis,0FE016C3D6F8B465,0FE016C3D6F8B465,Variegated Bristle-Tyrant,Variegated Bristle Tyrant
Passeriformes,Parulidae,Myiothlypis coronata,Myiothlypis coronata,Myiothlypis coronata,Myiothlypis coronata,Myiothlypis coronata,Basileuterus coronatus,99F5D09F9FE7EC22,99F5D09F9FE7EC22,Russet-crowned Warbler,Russet-crowned Warbler
Passeriformes,Tyrannidae,Leptopogon rufipectus,Leptopogon rufipectus,Leptopogon rufipectus,Leptopogon rufipectus,Leptopogon rufipectus,Leptopogon rufipectus,5C461582FFB31F09,5C461582FFB31F09,Rufous-breasted Flycatcher,Rufous-breasted Flycatcher
Passeriformes,Thraupidae,Diglossa sittoides,Diglossa sittoides,Diglossa sittoides,Diglossa sittoides,Diglossa sittoides,Diglossa sittoides,4D0ECEE5D5D773BD,4D0ECEE5D5D773BD,Rusty Flowerpiercer,Rusty Flowerpiercer
Apodiformes,Trochilidae,Colibri coruscans,Colibri coruscans,Colibri coruscans,Colibri coruscans,Colibri coruscans,Colibri coruscans,51F7C3616210CEDA,51F7C3616210CEDA,Sparkling Violetear,Sparkling Violetear
Passeriformes,Cotingidae,Pyroderus scutatus,Pyroderus scutatus,Pyroderus scutatus,Pyroderus scutatus,Pyroderus scutatus,Pyroderus scutatus,50B7979C1446161B,50B7979C1446161B,Red-ruffed Fruitcrow,Red-ruffed Fruitcrow
Passeriformes,Corvidae,Cyanocorax yncas,Cyanocorax yncas,Cyanocorax yncas,Cyanocorax yncas,Cyanocorax yncas,Cyanocorax yncas,361B447AC6442911,361B447AC6442911,Green Jay,Green Jay
Piciformes,Ramphastidae,Aulacorhynchus haematopygus,Aulacorhynchus haematopygus,Aulacorhynchus haematopygus,Aulacorhynchus haematopygus,Aulacorhynchus haematopygus,Aulacorhynchus haematopygus,23DB835648606957,23DB835648606957,Crimson-rumped Toucanet,Crimson-rumped Toucanet
Piciformes,Picidae,Campephilus pollens,Campephilus pollens,Campephilus pollens,Campephilus pollens,Campephilus pollens,Campephilus pollens,7AD8B03645DD8531,7AD8B03645DD8531,Powerful Woodpecker,Powerful Woodpecker
Passeriformes,Furnariidae,Anabacerthia striaticollis,Anabacerthia striaticollis,Anabacerthia striaticollis,Anabacerthia striaticollis,Anabacerthia striaticollis,Anabacerthia striaticollis,A499C7BEE2DA8913,A499C7BEE2DA8913,Montane Foliage-gleaner,Montane Foliage-gleaner
Passeriformes,Tyrannidae,Phyllomyias cinereiceps,Phyllomyias cinereiceps,Tyranniscus cinereiceps,Phyllomyias cinereiceps,Phyllomyias cinereiceps,Phyllomyias cinereiceps,68EA03E877AB8181,68EA03E877AB8181,Ashy-headed Tyrannulet,Ashy-headed Tyrannulet
Apodiformes,Trochilidae,Aglaiocercus kingii,Aglaiocercus kingii,Aglaiocercus kingii,Aglaiocercus kingii,Aglaiocercus kingii,Aglaiocercus kingi,F9C6A6530D61E8E1,F9C6A6530D61E8E1,Long-tailed Sylph,Long-tailed Sylph
Passeriformes,Tyrannidae,Platyrinchus mystaceus,Platyrinchus mystaceus,Platyrinchus mystaceus,Platyrinchus albogularis,Platyrinchus mystaceus,Platyrinchus mystaceus,F0BFC39BFCFED853,F0BFC39BFCFED853,White-throated Spadebill,White-throated Spadebill
Apodiformes,Trochilidae,Phaethornis guy,Phaethornis guy,Phaethornis guy,Phaethornis guy,Phaethornis guy,Phaethornis guy,5C47DAE84A06C3A6,5C47DAE84A06C3A6,Green Hermit,Green Hermit
Apodiformes,Trochilidae,Adelomyia melanogenys,Adelomyia melanogenys,Adelomyia melanogenys,Adelomyia melanogenys,Adelomyia melanogenys,Adelomyia melanogenys,0A1A1F0F86C629F6,0A1A1F0F86C629F6,Speckled Hummingbird,Speckled Hummingbird
Piciformes,Picidae,Colaptes rubiginosus,Colaptes rubiginosus,Colaptes rubiginosus,Colaptes rubiginosus,Colaptes rubiginosus,Colaptes rubiginosus,1161239FB8C84D55,1161239FB8C84D55,Golden-olive Woodpecker,Golden-olive Woodpecker
Passeriformes,Thamnophilidae,Drymophila striaticeps,Drymophila striaticeps,Drymophila striaticeps,Drymophila striaticeps,Drymophila striaticeps,Drymophila caudata,C48433AAD1C0E30C,C48433AAD1C0E30C,Streak-headed Antbird,Streak-headed Antbird
Passeriformes,Furnariidae,Lepidocolaptes lacrymiger,Lepidocolaptes lacrymiger,Lepidocolaptes lacrymiger,Lepidocolaptes lacrymiger,Lepidocolaptes lacrymiger,Lepidocolaptes lacrymiger,D6EF464BA3CBDB1D,D6EF464BA3CBDB1D,Montane Woodcreeper,Montane Woodcreeper
Psittaciformes,Psittacidae,Pionus tumultuosus,Pionus tumultuosus,Pionus tumultuosus,Pionus seniloides,Pionus tumultuosus,Pionus tumultuosus,93DC24A5C94CCFBB,93DC24A5C94CCFBB,Speckle-faced Parrot,Speckle-faced Parrot
Passeriformes,Thraupidae,Pipraeidea melanonota,Pipraeidea melanonota,Pipraeidea melanonota,Pipraeidea melanonota,Pipraeidea melanonota,Pipraeidea melanonota,F403E113768C53F4,F403E113768C53F4,Fawn-breasted Tanager,Fawn-breasted Tanager
Passeriformes,Thraupidae,Sericossypha albocristata,Sericossypha albocristata,Sericossypha albocristata,Sericossypha albocristata,Sericossypha albocristata,Sericossypha albocristata,961A51A723D30F75,961A51A723D30F75,White-capped Tanager,White-capped Tanager
Passeriformes,Thraupidae,Diglossa albilatera,Diglossa albilatera,Diglossa albilatera,Diglossa albilatera,Diglossa albilatera,Diglossa albilatera,C33D6D15A11D894A,C33D6D15A11D894A,White-sided Flowerpiercer,White-sided Flowerpiercer
Passeriformes,Furnariidae,Anabacerthia variegaticeps,Anabacerthia variegaticeps,Anabacerthia variegaticeps,Anabacerthia variegaticeps,Anabacerthia variegaticeps,Anabacerthia variegaticeps,C9861D7FBDAFBE3C,C9861D7FBDAFBE3C,Scaly-throated Foliage-gleaner,Scaly-throated Foliage-gleaner
Passeriformes,Tyrannidae,Mionectes striaticollis,Mionectes striaticollis,Mionectes striaticollis,Mionectes striaticollis,Mionectes striaticollis,Mionectes striaticollis,9A4AE6AEF1206DC6,9A4AE6AEF1206DC6,Streak-necked Flycatcher,Streak-necked Flycatcher
Passeriformes,Tyrannidae,Poecilotriccus ruficeps,Poecilotriccus ruficeps,Poecilotriccus ruficeps,Poecilotriccus ruficeps,Poecilotriccus ruficeps,Poecilotriccus ruficeps,E353EA711A741D0E,E353EA711A741D0E,Rufous-crowned Tody-Flycatcher,Rufous-crowned Tody-Flycatcher
Apodiformes,Trochilidae,Metallura tyrianthina,Metallura tyrianthina,Metallura tyrianthina,Metallura tyrianthina,Metallura tyrianthina,Metallura tyrianthina,7AEDC0147FAFBB8D,7AEDC0147FAFBB8D,Tyrian Metaltail,Tyrian Metaltail
Apodiformes,Trochilidae,Chaetocercus mulsant,Chaetocercus mulsant,Chaetocercus mulsant,Chaetocercus mulsant,Chaetocercus mulsant,Chaetocercus mulsant,1C5AB70439D3B05C,1C5AB70439D3B05C,White-bellied Woodstar,White-bellied Woodstar
Galliformes,Odontophoridae,Odontophorus hyperythrus,Odontophorus hyperythrus,Odontophorus hyperythrus,Odontophorus hyperythrus,Odontophorus hyperythrus,Odontophorus hyperythrus,D8BFC2F1F70BD4DD,D8BFC2F1F70BD4DD,Chestnut Wood-Quail,Chestnut Wood Quail
Passeriformes,Thraupidae,Anisognathus somptuosus,Anisognathus somptuosus,Anisognathus somptuosus,Anisognathus somptuosus,Anisognathus somptuosus,Anisognathus somptuosus,1F7275CB784DCA14,1F7275CB784DCA14,Blue-winged Mountain-Tanager,Blue-winged Mountain Tanager
Passeriformes,Thamnophilidae,Dysithamnus mentalis,Dysithamnus mentalis,Dysithamnus mentalis,Dysithamnus mentalis,Dysithamnus mentalis,Dysithamnus mentalis,90AD65F26191985D,90AD65F26191985D,Plain Antvireo,Plain Antvireo
Charadriiformes,Scolopacidae,Gallinago nobilis,Gallinago nobilis,Gallinago nobilis,Gallinago nobilis,Gallinago nobilis,Gallinago nobilis,0A79923BFD9426C8,0A79923BFD9426C8,Noble Snipe,Noble Snipe
Passeriformes,Thraupidae,Sphenopsis frontalis,Sphenopsis frontalis,Sphenopsis frontalis,Sphenopsis frontalis,Sphenopsis frontalis,Hemispingus frontalis,0539220A13714D0E,0539220A13714D0E,Oleaginous Hemispingus,Oleaginous Hemispingus
Passeriformes,Thraupidae,Tangara nigroviridis,Tangara nigroviridis,Tangara nigroviridis,Tangara nigroviridis,Tangara nigroviridis,Tangara nigroviridis,D311DF971A9639E9,D311DF971A9639E9,Beryl-spangled Tanager,Beryl-spangled Tanager
Passeriformes,Thamnophilidae,Myrmotherula schisticolor,Myrmotherula schisticolor,Myrmotherula schisticolor,Myrmotherula schisticolor,Myrmotherula schisticolor,Myrmotherula schisticolor,CF8A33941B7EEE70,CF8A33941B7EEE70,Slaty Antwren,Slaty Antwren
Passeriformes,Tyrannidae,Pseudotriccus ruficeps,Pseudotriccus ruficeps,Pseudotriccus ruficeps,Pseudotriccus ruficeps,Pseudotriccus ruficeps,Pseudotriccus ruficeps,C727EA6AC62A56CD,C727EA6AC62A56CD,Rufous-headed Pygmy-Tyrant,Rufous-headed Pygmy Tyrant
Apodiformes,Trochilidae,Lafresnaya lafresnayi,Lafresnaya lafresnayi,Lafresnaya lafresnayi,Lafresnaya lafresnayi,Lafresnaya lafresnayi,Lafresnaya lafresnayi,9ECA2AFB65F5AE84,9ECA2AFB65F5AE84,Mountain Velvetbreast,Mountain Velvetbreast
Passeriformes,Thraupidae,Tangara xanthocephala,Tangara xanthocephala,Tangara xanthocephala,Tangara xanthocephala,Tangara xanthocephala,Tangara xanthocephala,4929583B7F2C6A79,4929583B7F2C6A79,Saffron-crowned Tanager,Saffron-crowned Tanager
Passeriformes,Furnariidae,Dendrocincla tyrannina,Dendrocincla tyrannina,Dendrocincla tyrannina,Dendrocincla tyrannina,Dendrocincla tyrannina,Dendrocincla tyrannina,871963BCB42C3A7E,871963BCB42C3A7E,Tyrannine Woodcreeper,Tyrannine Woodcreeper
Galliformes,Cracidae,Penelope montagnii,Penelope montagnii,Penelope montagnii,Penelope montagnii,Penelope montagnii,Penelope montagnii,6CF279AC46DAF55E,6CF279AC46DAF55E,Andean Guan,Andean Guan
Passeriformes,Furnariidae,Xenops rutilans,Xenops rutilans,Xenops rutilans,Xenops rutilus,Xenops rutilans,Xenops rutilans,D55A3901E0E3152D,D55A3901E0E3152D,Streaked Xenops,Streaked Xenops
Passeriformes,Furnariidae,Thripadectes flammulatus,Thripadectes flammulatus,Thripadectes flammulatus,Thripadectes flammulatus,Thripadectes flammulatus,Thripadectes flammulatus,8550D28A443F4C19,8550D28A443F4C19,Flammulated Treehunter,Flammulated Treehunter
Passeriformes,Rhinocryptidae,Myornis senilis,Myornis senilis,Myornis senilis,Myornis senilis,Myornis senilis,Myornis senilis,EFE9D5AA5F5C8D69,EFE9D5AA5F5C8D69,Ash-colored Tapaculo,Ash-colored Tapaculo
Passeriformes,Passerellidae,Arremon brunneinucha,Arremon brunneinucha,Arremon brunneinucha,Arremon brunneinucha,Arremon brunneinucha,Arremon brunneinucha,5A24AF5EDDF6B5E7,5A24AF5EDDF6B5E7,Chestnut-capped Brushfinch,Chestnut-capped Brushfinch
Passeriformes,Furnariidae,Pseudocolaptes boissonneautii,Pseudocolaptes boissonneautii,Pseudocolaptes boissonneautii,Pseudocolaptes boissonneauii,Pseudocolaptes boissonneautii,Pseudocolaptes boissonneautii,0898B91BCFF4AA93,0898B91BCFF4AA93,Streaked Tuftedcheek,Streaked Tuftedcheek
Trogoniformes,Trogonidae,Trogon personatus,Trogon personatus,Trogon personatus,Trogon personatus,Trogon personatus,Trogon personatus,DEF0668899DD8D07,DEF0668899DD8D07,Masked Trogon,Masked Trogon
Piciformes,Picidae,Colaptes rivolii,Colaptes rivolii,Colaptes rivolii,Colaptes rivolii,Colaptes rivolii,Colaptes rivolii,8947FC5394BC6A9F,8947FC5394BC6A9F,Crimson-mantled Woodpecker,Crimson-mantled Woodpecker
Passeriformes,Grallariidae,Grallaria ruficapilla,Grallaria ruficapilla,Grallaria ruficapilla,Grallaria ruficapilla,Grallaria ruficapilla,Grallaria ruficapilla,F46A4E196B6CC4F5,F46A4E196B6CC4F5,Chestnut-crowned Antpitta,Chestnut-crowned Antpitta
Passeriformes,Hirundinidae,Orochelidon murina,Orochelidon murina,Orochelidon murina,Orochelidon murina,Orochelidon murina,Notiochelidon murina,61CC48FF5D1C278B,61CC48FF5D1C278B,Brown-bellied Swallow,Brown-bellied Swallow
Passeriformes,Tyrannidae,Pyrrhomyias cinnamomeus,Pyrrhomyias cinnamomeus,Pyrrhomyias cinnamomeus,Pyrrhomyias cinnamomeus,Pyrrhomyias cinnamomeus,Pyrrhomyias cinnamomeus,370FEC506B5231B2,370FEC506B5231B2,Cinnamon Flycatcher,Cinnamon Flycatcher
Passeriformes,Turdidae,Catharus aurantiirostris,Catharus aurantiirostris,Catharus aurantiirostris,Catharus aurantiirostris,Catharus aurantiirostris,Catharus aurantiirostris,7FC3681FDB70C5AD,7FC3681FDB70C5AD,Orange-billed Nightingale-Thrush,Orange-billed Nightingale-Thrush
Passeriformes,Cinclidae,Cinclus leucocephalus,Cinclus leucocephalus,Cinclus leucocephalus,Cinclus leucocephalus,Cinclus leucocephalus,Cinclus leucocephalus,DE849BDB7AE02377,DE849BDB7AE02377,White-capped Dipper,White-capped Dipper
Passeriformes,Tyrannidae,Serpophaga cinerea,Serpophaga cinerea,Serpophaga cinerea,Serpophaga cinerea,Serpophaga cinerea,Serpophaga cinerea,F42A12965AFE6BD3,F42A12965AFE6BD3,Torrent Tyrannulet,Torrent Tyrannulet
Anseriformes,Anatidae,Merganetta armata,Merganetta armata,Merganetta armata,Merganetta armata,Merganetta armata,Merganetta armata,C10685103180BD72,C10685103180BD72,Torrent Duck,Torrent Duck
Passeriformes,Troglodytidae,Troglodytes solstitialis,Troglodytes solstitialis,Troglodytes solstitialis,Troglodytes solstitialis,Troglodytes solstitialis,Troglodytes solstitialis,A223AEB9EE059F49,A223AEB9EE059F49,Mountain Wren,Mountain Wren
Apodiformes,Trochilidae,Heliangelus exortis,Heliangelus exortis,Heliangelus exortis,Heliangelus exortis,Heliangelus exortis,Heliangelus exortis,D13C5D606F4DE1C8,D13C5D606F4DE1C8,Tourmaline Sunangel,Tourmaline Sunangel
Passeriformes,Tyrannidae,Myiotheretes fumigatus,Myiotheretes fumigatus,Myiotheretes fumigatus,Myiotheretes fumigatus,Myiotheretes fumigatus,Myiotheretes fumigatus,0E03869D1B0A3952,0E03869D1B0A3952,Smoky Bush-Tyrant,Smoky Bush Tyrant
Passeriformes,Thraupidae,Diglossa cyanea,Diglossa cyanea,Diglossa cyanea,Diglossa cyanea,Diglossa cyanea,Diglossa cyanea,480CCA00771279B3,480CCA00771279B3,Masked Flowerpiercer,Masked Flowerpiercer
Apodiformes,Trochilidae,Boissonneaua flavescens,Boissonneaua flavescens,Boissonneaua flavescens,Boissonneaua flavescens,Boissonneaua flavescens,Boissonneaua flavescens,8DA07483E99977D8,8DA07483E99977D8,Buff-tailed Coronet,Buff-tailed Coronet
Passeriformes,Tyrannidae,Myiotriccus ornatus,Myiotriccus ornatus,Myiotriccus ornatus,Myiotriccus ornatus,Myiotriccus ornatus,Myiotriccus ornatus,8897A0C59885B1B7,8897A0C59885B1B7,Ornate Flycatcher,Ornate Flycatcher
Passeriformes,Icteridae,Amblycercus holosericeus,Amblycercus holosericeus,Amblycercus holosericeus,Amblycercus holosericeus,Amblycercus holosericeus,Amblycercus holosericeus,8DAADD7F224DD9B5,8DAADD7F224DD9B5,Yellow-billed Cacique,Yellow-billed Cacique
Passeriformes,Cotingidae,Pipreola riefferii,Pipreola riefferii,Pipreola riefferii,Pipreola riefferii,Pipreola riefferii,Pipreola riefferii,FCFD16887C5B0515,FCFD16887C5B0515,Green-and-black Fruiteater,Green-and-black Fruiteater
Piciformes,Ramphastidae,Andigena nigrirostris,Andigena nigrirostris,Andigena nigrirostris,Andigena nigrirostris,Andigena nigrirostris,Andigena nigrirostris,64516AE0ACD1E341,64516AE0ACD1E341,Black-billed Mountain-Toucan,Black-billed Mountain Toucan
Psittaciformes,Psittacidae,Leptosittaca branickii,Leptosittaca branickii,Leptosittaca branickii,Leptosittaca branickii,Leptosittaca branickii,Leptosittaca branickii,B6D7DD310F119FC8,B6D7DD310F119FC8,Golden-plumed Parakeet,Golden-plumed Parakeet
Passeriformes,Furnariidae,Xiphorhynchus triangularis,Xiphorhynchus triangularis,Xiphorhynchus triangularis,Xiphorhynchus triangularis,Xiphorhynchus triangularis,Xiphorhynchus triangularis,79447EBBF2A2DE54,79447EBBF2A2DE54,Olive-backed Woodcreeper,Olive-backed Woodcreeper
Passeriformes,Furnariidae,Hellmayrea gularis,Hellmayrea gularis,Hellmayrea gularis,Hellmayrea gularis,Hellmayrea gularis,Hellmayrea gularis,3FACD55E6DCC281C,3FACD55E6DCC281C,White-browed Spinetail,White-browed Spinetail
Passeriformes,Thraupidae,Catamenia inornata,Catamenia inornata,Catamenia inornata,Catamenia inornata,Catamenia inornata,Catamenia inornata,830AC9D2A0FAB913,830AC9D2A0FAB913,Plain-colored Seedeater,Plain-colored Seedeater
Apodiformes,Trochilidae,Coeligena prunellei,Coeligena prunellei,Coeligena prunellei,Coeligena prunellei,Coeligena prunellei,Coeligena prunellei,76079E12EF24EC2D,76079E12EF24EC2D,Black Inca,Black Inca
Passeriformes,Tyrannidae,Myiotheretes striaticollis,Myiotheretes striaticollis,Myiotheretes striaticollis,Myiotheretes striaticollis,Myiotheretes striaticollis,Myiotheretes striaticollis,8200F58CF0A9414B,8200F58CF0A9414B,Streak-throated Bush-Tyrant,Streak-throated Bush Tyrant
Passeriformes,Thraupidae,Tangara labradorides,Tangara labradorides,Tangara labradorides,Tangara labradorides,Tangara labradorides,Tangara labradorides,19CC72C910B7EE0D,19CC72C910B7EE0D,Metallic-green Tanager,Metallic-green Tanager
Passeriformes,Thraupidae,Conirostrum albifrons,Conirostrum albifrons,Conirostrum albifrons,Conirostrum albifrons,Conirostrum albifrons,Conirostrum albifrons,6FA6ED4007FD18EB,6FA6ED4007FD18EB,Capped Conebill,Capped Conebill
Apodiformes,Trochilidae,Aglaeactis cupripennis,Aglaeactis cupripennis,Aglaeactis cupripennis,Aglaeactis cupripennis,Aglaeactis cupripennis,Aglaeactis cupripennis,5875989578285F52,5875989578285F52,Shining Sunbeam,Shining Sunbeam
Passeriformes,Rhinocryptidae,Scytalopus spillmanni,Scytalopus spillmanni,Scytalopus spillmanni,Scytalopus spillmanni,Scytalopus spillmanni,Scytalopus spillmanni,20768B0CF128DFAE,20768B0CF128DFAE,Spillmann's Tapaculo,Spillmann's Tapaculo
Passeriformes,Passerellidae,Atlapetes albofrenatus,Atlapetes albofrenatus,Atlapetes albofrenatus,Atlapetes albofrenatus,Atlapetes albofrenatus,Atlapetes albofrenatus,3D4BB93DA10A22C9,3D4BB93DA10A22C9,Moustached Brushfinch,Moustached Brushfinch
Passeriformes,Fringillidae,Euphonia chlorotica,Euphonia chlorotica,Euphonia chlorotica,Euphonia chlorotica,Euphonia chlorotica,Euphonia chlorotica,71C90D9EF6889FF3,71C90D9EF6889FF3,Purple-throated Euphonia,Purple-throated Euphonia
Piciformes,Ramphastidae,Ramphastos vitellinus,Ramphastos vitellinus,Ramphastos vitellinus,Ramphastos culminatus,Ramphastos vitellinus,Ramphastos vitellinus,5C18D846700868E6,5C18D846700868E6,Channel-billed Toucan,Channel-billed Toucan
Psittaciformes,Psittacidae,Brotogeris cyanoptera,Brotogeris cyanoptera,Brotogeris cyanoptera,Brotogeris cyanoptera,Brotogeris cyanoptera,Brotogeris cyanoptera,14FCAD62B3A68AF6,14FCAD62B3A68AF6,Cobalt-winged Parakeet,Cobalt-winged Parakeet
Passeriformes,Furnariidae,Xiphorhynchus guttatus,Xiphorhynchus guttatus,Xiphorhynchus guttatus,Xiphorhynchus guttatus,Xiphorhynchus guttatus,Xiphorhynchus guttatus,34528F8F30E3DDD9,34528F8F30E3DDD9,Buff-throated Woodcreeper,Buff-throated Woodcreeper
Pelecaniformes,Ardeidae,Tigrisoma fasciatum,Tigrisoma fasciatum,Tigrisoma fasciatum,Tigrisoma fasciatum,Tigrisoma fasciatum,Tigrisoma fasciatum,4F6C59889D899AE7,4F6C59889D899AE7,Fasciated Tiger-Heron,Fasciated Tiger Heron
Psittaciformes,Psittacidae,Touit stictopterus,Touit stictopterus,Touit stictopterus,Touit stictopterus,Touit stictopterus,Touit stictopterus,72692065B2DA8854,72692065B2DA8854,Spot-winged Parrotlet,Spot-winged Parrotlet
Psittaciformes,Psittacidae,Touit huetii,Touit huetii,Touit huetii,Touit huetii,Touit huetii,Touit huetii,2BFD21848543B0B0,2BFD21848543B0B0,Scarlet-shouldered Parrotlet,Scarlet-shouldered Parrotlet
Columbiformes,Columbidae,Geotrygon montana,Geotrygon montana,Geotrygon montana,Geotrygon montana,Geotrygon montana,Geotrygon montana,4817EC0131FB3E2F,4817EC0131FB3E2F,Ruddy Quail-Dove,Ruddy Quail-Dove
Passeriformes,Furnariidae,Synallaxis gujanensis,Synallaxis gujanensis,Synallaxis gujanensis,Synallaxis gujanensis,Synallaxis gujanensis,Synallaxis gujanensis,CFEEAE9D2AA8D5EF,CFEEAE9D2AA8D5EF,Plain-crowned Spinetail,Plain-crowned Spinetail
Accipitriformes,Accipitridae,Spizaetus tyrannus,Spizaetus tyrannus,Spizaetus tyrannus,Spizaetus tyrannus,Spizaetus tyrannus,Spizaetus tyrannus,7680293AEE20F452,7680293AEE20F452,Black Hawk-Eagle,Black Hawk-Eagle
Passeriformes,Thraupidae,Tachyphonus surinamus,Tachyphonus surinamus,Tachyphonus surinamus,Maschalethraupis surinama,Tachyphonus surinamus,Tachyphonus surinamus,A90F77DC3085A6ED,A90F77DC3085A6ED,Fulvous-crested Tanager,Fulvous-crested Tanager
Apodiformes,Trochilidae,Phaethornis syrmatophorus,Phaethornis syrmatophorus,Phaethornis syrmatophorus,Phaethornis syrmatophorus,Phaethornis syrmatophorus,Phaethornis syrmatophorus,F8E582735291E25C,F8E582735291E25C,Tawny-bellied Hermit,Tawny-bellied Hermit
Passeriformes,Furnariidae,Xiphorhynchus susurrans,Xiphorhynchus susurrans,Xiphorhynchus susurrans,Xiphorhynchus susurrans,Xiphorhynchus susurrans,Xiphorhynchus susurrans,FF942BA2F889C018,FF942BA2F889C018,Cocoa Woodcreeper,Cocoa Woodcreeper
Passeriformes,Thamnophilidae,Myrmotherula brachyura,Myrmotherula brachyura,Myrmotherula brachyura,Myrmotherula brachyura,Myrmotherula brachyura,Myrmotherula brachyura,64B34CDD74B273B4,64B34CDD74B273B4,Pygmy Antwren,Pygmy Antwren
Passeriformes,Tyrannidae,Ramphotrigon megacephalum,Ramphotrigon megacephalum,Ramphotrigon megacephalum,Ramphotrigon megacephalum,Ramphotrigon megacephalum,Ramphotrigon megacephalum,3955CDE64675ABC1,3955CDE64675ABC1,Large-headed Flatbill,Large-headed Flatbill
Apodiformes,Apodidae,Chaetura cinereiventris,Chaetura cinereiventris,Chaetura cinereiventris,Chaetura cinereiventris,Chaetura cinereiventris,Chaetura cinereiventris,0F898234A1C10960,0F898234A1C10960,Gray-rumped Swift,Grey-rumped Swift
Accipitriformes,Accipitridae,Accipiter striatus,Accipiter striatus,Accipiter striatus,Accipiter striatus,Accipiter striatus,Accipiter striatus,3B024163DF58A0E0,3B024163DF58A0E0,Sharp-shinned Hawk,Sharp-shinned Hawk
Passeriformes,Tyrannidae,Lophotriccus pileatus,Lophotriccus pileatus,Lophotriccus pileatus,Lophotriccus pileatus,Lophotriccus pileatus,Lophotriccus pileatus,ACC831CF30663DB5,ACC831CF30663DB5,Scale-crested Pygmy-Tyrant,Scale-crested Pygmy Tyrant
Passeriformes,Turdidae,Turdus leucops,Turdus leucops,Turdus leucops,Turdus leucops,Turdus leucops,Turdus leucops,EE26D2EAB44A7C38,EE26D2EAB44A7C38,Pale-eyed Thrush,Pale-eyed Thrush
Passeriformes,Thraupidae,Conirostrum sitticolor,Conirostrum sitticolor,Conirostrum sitticolor,Conirostrum sitticolor,Conirostrum sitticolor,Conirostrum sitticolor,EF7A953807743DA5,EF7A953807743DA5,Blue-backed Conebill,Blue-backed Conebill
Passeriformes,Vireonidae,Pachysylvia semibrunnea,Pachysylvia semibrunnea,Pachysylvia semibrunnea,Pachysylvia semibrunnea,Pachysylvia semibrunnea,Hylophilus semibrunneus,204918E7C671BAC6,204918E7C671BAC6,Rufous-naped Greenlet,Rufous-naped Greenlet
Passeriformes,Thraupidae,Saltator atripennis,Saltator atripennis,Saltator atripennis,Saltator atripennis,Saltator atripennis,Saltator atripennis,A51E5593D24B2A36,A51E5593D24B2A36,Black-winged Saltator,Black-winged Saltator
Passeriformes,Tyrannidae,Phylloscartes ophthalmicus,Phylloscartes ophthalmicus,Pogonotriccus ophthalmicus,Pogonotriccus ophthalmicus,Phylloscartes ophthalmicus,Phylloscartes ophthalmicus,060A7FB70732C08A,060A7FB70732C08A,Marble-faced Bristle-Tyrant,Marble-faced Bristle Tyrant
Passeriformes,Passerellidae,Chlorospingus canigularis,Chlorospingus canigularis,Chlorospingus canigularis,Chlorospingus canigularis,Chlorospingus canigularis,Chlorospingus canigularis,C6F07B0B029C9F9A,C6F07B0B029C9F9A,Ashy-throated Chlorospingus,Ashy-throated Chlorospingus
Passeriformes,Furnariidae,Thripadectes virgaticeps,Thripadectes virgaticeps,Thripadectes virgaticeps,Thripadectes virgaticeps,Thripadectes virgaticeps,Thripadectes virgaticeps,20B6505401EC36CF,20B6505401EC36CF,Streak-capped Treehunter,Streak-capped Treehunter
Passeriformes,Grallariidae,Grallaria alleni,Grallaria alleni,Grallaria alleni,Grallaria alleni,Grallaria alleni,Grallaria alleni,73BDA8FBD91D9A66,73BDA8FBD91D9A66,Moustached Antpitta,Moustached Antpitta
Passeriformes,Furnariidae,Syndactyla subalaris,Syndactyla subalaris,Syndactyla subalaris,Syndactyla subalaris,Syndactyla subalaris,Syndactyla subalaris,93B0214599260D8D,93B0214599260D8D,Lineated Foliage-gleaner,Lineated Foliage-gleaner
Passeriformes,Vireonidae,Cyclarhis nigrirostris,Cyclarhis nigrirostris,Cyclarhis nigrirostris,Cyclarhis nigrirostris,Cyclarhis nigrirostris,Cyclarhis nigrirostris,444E59872B4B272F,444E59872B4B272F,Black-billed Peppershrike,Black-billed Peppershrike
Passeriformes,Furnariidae,Premnoplex brunnescens,Premnoplex brunnescens,Premnoplex brunnescens,Premnoplex brunnescens,Premnoplex brunnescens,Premnoplex brunnescens,B023E37883BB7D29,B023E37883BB7D29,Spotted Barbtail,Spotted Barbtail
Passeriformes,Cardinalidae,Piranga flava,Piranga flava,Piranga flava,Piranga hepatica,Piranga flava,Piranga hepatica,083E787F47CC9882,083E787F47CC9882,Hepatic Tanager,Hepatic Tanager
Passeriformes,Cardinalidae,Piranga flava,Piranga flava,Piranga flava,Piranga hepatica,Piranga flava,Piranga lutea,083E787F47CC9882,083E787F47CC9882,Hepatic Tanager,Hepatic Tanager
Trogoniformes,Trogonidae,Pharomachrus auriceps,Pharomachrus auriceps,Pharomachrus auriceps,Pharomachrus auriceps,Pharomachrus auriceps,Pharomachrus auriceps,A9525D744A915488,A9525D744A915488,Golden-headed Quetzal,Golden-headed Quetzal
Passeriformes,Tyrannidae,Pseudotriccus pelzelni,Pseudotriccus pelzelni,Pseudotriccus pelzelni,Pseudotriccus pelzelni,Pseudotriccus pelzelni,Pseudotriccus pelzelni,257BC6C68DC4953D,257BC6C68DC4953D,Bronze-olive Pygmy-Tyrant,Bronze-olive Pygmy Tyrant
Passeriformes,Furnariidae,Cranioleuca erythrops,Cranioleuca erythrops,Cranioleuca erythrops,Cranioleuca erythrops,Cranioleuca erythrops,Cranioleuca erythrops,6D00ECAF9030E289,6D00ECAF9030E289,Red-faced Spinetail,Red-faced Spinetail
Passeriformes,Tityridae,Pachyramphus versicolor,Pachyramphus versicolor,Pachyramphus versicolor,Pachyramphus versicolor,Pachyramphus versicolor,Pachyramphus versicolor,69B72BD02EE412F0,69B72BD02EE412F0,Barred Becard,Barred Becard
Passeriformes,Turdidae,Catharus fuscater,Catharus fuscater,Catharus fuscater,Catharus fuscater,Catharus fuscater,Catharus fuscater,345A1B6EF5032FEE,345A1B6EF5032FEE,Slaty-backed Nightingale-Thrush,Slaty-backed Nightingale-Thrush
Passeriformes,Thamnophilidae,Hafferia immaculata,Hafferia immaculata,Hafferia immaculata,Hafferia immaculata,Hafferia immaculata,Myrmeciza immaculata,F076888527374A83,F076888527374A83,Blue-lored Antbird,Blue-lored Antbird
Pelecaniformes,Ardeidae,Butorides striata,Butorides striata,Butorides striata,Butorides striata,Butorides striata,Butorides striata,36DF115BD3E2C1C1,67ADD2E32D0F64B7,Striated Heron,Striated Heron
Accipitriformes,Accipitridae,Chondrohierax uncinatus,Chondrohierax uncinatus,Chondrohierax uncinatus,Chondrohierax uncinatus,Chondrohierax uncinatus,Chondrohierax uncinatus,9AD67123A2FA9A15,DCB3560C8BC93B42,Hook-billed Kite,Hook-billed Kite
Galliformes,Cracidae,Ortalis guttata,Ortalis guttata,Ortalis guttata,Ortalis guttata,Ortalis guttata,Ortalis guttata,E14D2BC45D824299,3BA3E03ED8B5E443,Speckled Chachalaca,Speckled Chachalaca
Galliformes,Odontophoridae,Colinus cristatus,Colinus cristatus,Colinus cristatus,Colinus cristatus,Colinus cristatus,Colinus cristatus,C5B72F4EFA7556E9,5C8A2A0C53DF562D,Crested Bobwhite,Crested Bobwhite
Gruiformes,Rallidae,Aramides cajaneus,Aramides cajaneus,Aramides cajaneus,Aramides cajaneus,Aramides cajaneus,Aramides cajanea,F0CDDB1458141D52,A52752EF8B6E8F1B,Gray-necked Wood-Rail,Grey-cowled Wood Rail
Columbiformes,Columbidae,Patagioenas plumbea,Patagioenas plumbea,Patagioenas plumbea,Patagioenas plumbea,Patagioenas plumbea,Patagioenas plumbea,482E951DFAF34AED,CD161B09A5538083,Plumbeous Pigeon,Plumbeous Pigeon
Columbiformes,Columbidae,Patagioenas subvinacea,Patagioenas subvinacea,Patagioenas subvinacea,Patagioenas subvinacea,Patagioenas subvinacea,Patagioenas subvinacea,FB7BEF43DEBE9E25,F4F72BD91E9F0A9E,Ruddy Pigeon,Ruddy Pigeon
Psittaciformes,Psittacidae,Psittacara wagleri,Psittacara wagleri,Psittacara wagleri,Psittacara wagleri,Psittacara wagleri,Aratinga wagleri,F4B7B96EA09EAA96,8B1CF9DFE731CB95,Scarlet-fronted Parakeet,Scarlet-fronted Parakeet
Psittaciformes,Psittacidae,Amazona autumnalis,Amazona autumnalis,Amazona autumnalis,Amazona autumnalis,Amazona autumnalis,Amazona autumnalis,F2DFC4C162CF50BC,56EC9CA956D0349B,Red-lored Parrot,Red-lored Amazon
Cuculiformes,Cuculidae,Piaya cayana,Piaya cayana,Piaya cayana,Piaya cayana,Piaya cayana,Piaya cayana,6AA111B5364FA03C,F549E115E0ABD9B0,Squirrel Cuckoo,Common Squirrel Cuckoo
Caprimulgiformes,Caprimulgidae,Systellura longirostris,Systellura longirostris,Systellura longirostris,Systellura longirostris,Systellura longirostris,Caprimulgus longirostris,F1501B2717F5B74B,73356C9D38FBFE85,Band-winged Nightjar,Band-winged Nightjar
Apodiformes,Trochilidae,Coeligena torquata,Coeligena torquata,Coeligena torquata,Coeligena torquata,Coeligena torquata,Coeligena torquata,C108D081C4146796,A40F87D866053DF2,Collared Inca,Collared Inca
Apodiformes,Trochilidae,Ocreatus underwoodii,Ocreatus underwoodii,Ocreatus underwoodii,Ocreatus underwoodii,Ocreatus underwoodii,Ocreatus underwoodii,D3ECED637552A51F,D58511D6CA31F67E,Booted Racket-tail,White-booted Racket-tail
Trogoniformes,Trogonidae,Trogon collaris,Trogon collaris,Trogon collaris,Trogon collaris,Trogon collaris,Trogon collaris,4204248B87306EC6,A1458984CE7E23CA,Collared Trogon,Collared Trogon
Trogoniformes,Trogonidae,Trogon rufus,Trogon rufus,Trogon rufus,Trogon rufus,Trogon rufus,Trogon rufus,EB24DFEE3F0B69E3,3687A50D1A80A2D4,Black-throated Trogon,Amazonian Black-throated Trogon
Galbuliformes,Bucconidae,Hypnelus ruficollis,Hypnelus ruficollis,Hypnelus ruficollis,Hypnelus ruficollis,Hypnelus ruficollis,Hypnelus ruficollis,28CE257DFBE53F60,C98A8A1B86DFABC3,Russet-throated Puffbird,Russet-throated Puffbird
Piciformes,Picidae,Picumnus squamulatus,Picumnus squamulatus,Picumnus squamulatus,Picumnus squamulatus,Picumnus squamulatus,Picumnus squamulatus,999D26A5619DB724,7C5E211BF9DEB707,Scaled Piculet,Scaled Piculet
Passeriformes,Tyrannidae,Zimmerius chrysops,Zimmerius chrysops,Zimmerius chrysops,Zimmerius chrysops,Zimmerius chrysops,Zimmerius chrysops,51BE981D53F43240,102A6B97881859B3,Golden-faced Tyrannulet,Golden-faced Tyrannulet
Passeriformes,Tyrannidae,Elaenia pallatangae,Elaenia pallatangae,Elaenia pallatangae,Elaenia pallatangae,Elaenia pallatangae,Elaenia pallatangae,8ED06844B3EDDDC4,A443B64D21B5D7F6,Sierran Elaenia,Sierran Elaenia
Passeriformes,Tyrannidae,Tolmomyias flaviventris,Tolmomyias flaviventris,Tolmomyias flaviventris,Tolmomyias flaviventris,Tolmomyias flaviventris,Tolmomyias flaviventris,ACDFC0466C4495CD,E0B5F9D3DC324D24,Yellow-breasted Flycatcher,Ochre-lored Flatbill
Passeriformes,Onychorhynchidae,Onychorhynchus coronatus,Onychorhynchus coronatus,Onychorhynchus coronatus,Onychorhynchus coronatus,Onychorhynchus coronatus,Onychorhynchus coronatus,5197821F834A7D30,2A931A37CBFE2F93,Royal Flycatcher,Tropical Royal Flycatcher
Passeriformes,Tyrannidae,Pyrocephalus rubinus,Pyrocephalus rubinus,Pyrocephalus rubinus,Pyrocephalus rubinus,Pyrocephalus rubinus,Pyrocephalus rubinus,A80DB9891A5CACF6,1456993D48B01C82,Vermilion Flycatcher,Vermilion Flycatcher
Passeriformes,Tyrannidae,Ochthoeca cinnamomeiventris,Ochthoeca cinnamomeiventris,Ochthoeca cinnamomeiventris,Ochthoeca cinnamomeiventris,Ochthoeca cinnamomeiventris,Ochthoeca cinnamomeiventris,400BAC3E4E2F970B,5E381EA46C01043E,Slaty-backed Chat-Tyrant,Slaty-backed Chat-Tyrant
Passeriformes,Tyrannidae,Ochthoeca fumicolor,Ochthoeca fumicolor,Ochthoeca fumicolor,Ochthoeca fumicolor,Ochthoeca fumicolor,Ochthoeca fumicolor,D5E07ED015570908,1FDE49DF0F82B1FC,Brown-backed Chat-Tyrant,Brown-backed Chat-Tyrant
Passeriformes,Thamnophilidae,Sakesphorus canadensis,Sakesphorus canadensis,Sakesphorus canadensis,Sakesphorus canadensis,Sakesphorus canadensis,Sakesphorus canadensis,E81903BC3860E5A6,7608AA0E33D0D0EA,Black-crested Antshrike,Black-crested Antshrike
Passeriformes,Furnariidae,Furnarius leucopus,Furnarius leucopus,Furnarius leucopus,Furnarius cinnamomeus,Furnarius leucopus,Furnarius cinnamomeus,936D8DECB93437FF,71B6E38FB3431158,Pale-legged Hornero,Pale-legged Hornero
Passeriformes,Furnariidae,Synallaxis albescens,Synallaxis albescens,Synallaxis albescens,Synallaxis albescens,Synallaxis albescens,Synallaxis albescens,79FE537C1514B3BF,346286FC47EB3519,Pale-breasted Spinetail,Pale-breasted Spinetail
Passeriformes,Furnariidae,Automolus ochrolaemus,Automolus ochrolaemus,Automolus ochrolaemus,Automolus ochrolaemus,Automolus ochrolaemus,Automolus ochrolaemus,C1DCEE2E800CB02D,9E69919380D65453,Buff-throated Foliage-gleaner,Ochre-throated Foliage-gleaner
Passeriformes,Furnariidae,Dendrocolaptes certhia,Dendrocolaptes certhia,Dendrocolaptes certhia,Dendrocolaptes certhia,Dendrocolaptes certhia,Dendrocolaptes certhia,01C23F524CBDCAA6,8B206172BF508466,Amazonian Barred-Woodcreeper,Amazonian Barred Woodcreeper
Passeriformes,Formicariidae,Formicarius analis,Formicarius analis,Formicarius analis,Formicarius analis,Formicarius analis,Formicarius analis,0098E8DB9F4EA4CF,7E4EE12D47683E8E,Black-faced Antthrush,Black-faced Antthrush
Passeriformes,Grallariidae,Grallaria quitensis,Grallaria quitensis,Grallaria quitensis,Grallaria quitensis,Grallaria quitensis,Grallaria quitensis,889C98A2D371584B,356BAAEDBC9363BF,Tawny Antpitta,Tawny Antpitta
Passeriformes,Rhinocryptidae,Scytalopus latrans,Scytalopus latrans,Scytalopus latrans,Scytalopus latrans,Scytalopus latrans,Scytalopus latrans,CBEAD6461573E6AF,058E053699654EDA,Blackish Tapaculo,Blackish Tapaculo
Passeriformes,Turdidae,Turdus ignobilis,Turdus ignobilis,Turdus ignobilis,Turdus ignobilis,Turdus ignobilis,Turdus ignobilis,7D959A8FC9C92418,F2FC64EAC40AD921,Black-billed Thrush,Black-billed Thrush
Passeriformes,Polioptilidae,Ramphocaenus melanurus,Ramphocaenus melanurus,Ramphocaenus melanurus,Ramphocaenus melanurus,Ramphocaenus melanurus,Ramphocaenus melanurus,969787EABA9D9A69,32BF3F024F98EEBA,Long-billed Gnatwren,Trilling Gnatwren
Passeriformes,Polioptilidae,Polioptila plumbea,Polioptila plumbea,Polioptila plumbea,Polioptila plumbea,Polioptila plumbea,Polioptila plumbea,874AC123B65D1B9B,8412E21BCB46EE5A,Tropical Gnatcatcher,Tropical Gnatcatcher
Passeriformes,Passerellidae,Arremon taciturnus,Arremon taciturnus,Arremon taciturnus,Arremon taciturnus,Arremon taciturnus,Arremon taciturnus,AD73A859CB75DDBA,A5A38A04B864D8BB,Pectoral Sparrow,Pectoral Sparrow
Passeriformes,Passerellidae,Atlapetes schistaceus,Atlapetes schistaceus,Atlapetes schistaceus,Atlapetes schistaceus,Atlapetes schistaceus,Atlapetes schistaceus,8B1FBB86E1BB6A8E,7A6A87538353C30A,Slaty Brushfinch,Slaty Brushfinch
Passeriformes,Parulidae,Geothlypis aequinoctialis,Geothlypis aequinoctialis,Geothlypis aequinoctialis,Geothlypis aequinoctialis,Geothlypis aequinoctialis,Geothlypis aequinoctialis,235DAAFD4229411B,0B42CDFF495E072D,Masked Yellowthroat,Masked Yellowthroat
Passeriformes,Parulidae,Basileuterus tristriatus,Basileuterus tristriatus,Basileuterus tristriatus,Basileuterus tristriatus,Basileuterus tristriatus,Basileuterus tristriatus,7FC9CC55C55BE03C,99E9FFE09BBFD8EE,Three-striped Warbler,Three-striped Warbler
Passeriformes,Passerellidae,Chlorospingus flavopectus,Chlorospingus flavopectus,Chlorospingus flavopectus,Chlorospingus flavopectus,Chlorospingus flavopectus,Chlorospingus ophthalmicus,5F80B24D527A729F,D083FB4D28BE3D08,Common Chlorospingus,Common Chlorospingus
Passeriformes,Thraupidae,Sphenopsis melanotis,Sphenopsis melanotis,Sphenopsis melanotis,Sphenopsis ochracea,Sphenopsis melanotis,Hemispingus ochraceus,B9B8DA6F155228BC,2F027A590C52680C,Black-eared Hemispingus,Black-eared Hemispingus
Passeriformes,Thraupidae,Tangara mexicana,Tangara mexicana,Tangara mexicana,Tangara mexicana,Tangara mexicana,Tangara mexicana,FEAE9BE03BC38A03,186AE9369E4E6C63,Turquoise Tanager,Turquoise Tanager
Passeriformes,Thraupidae,Sporophila crassirostris,Sporophila crassirostris,Sporophila crassirostris,Sporophila crassirostris,Sporophila crassirostris,Oryzoborus crassirostris,EA9E7D2EE8A14F48,2824A1D96DFBD243,Large-billed Seed-Finch,Large-billed Seed Finch
Passeriformes,Thraupidae,Saltator coerulescens,Saltator coerulescens,Saltator coerulescens,Saltator coerulescens,Saltator coerulescens,Saltator coerulescens,47BA6FAF20A9E687,6D75BBB8FAC41AB3,Grayish Saltator,Bluish-grey Saltator
Passeriformes,Icteridae,Sturnella magna,Sturnella magna,Sturnella magna,Sturnella magna,Sturnella magna,Sturnella magna,27410227323B07A1,8CD66855AB6A611D,Eastern Meadowlark,Eastern Meadowlark
Pelecaniformes,Ardeidae,Bubulcus ibis,Bubulcus ibis,Ardea ibis,Bubulcus ibis,Bubulcus ibis,Bubulcus ibis,6CCDAC53F56435B4,AB1CB2161CDC177A,Cattle Egret,Western Cattle Egret
Accipitriformes,Accipitridae,Accipiter bicolor,Accipiter bicolor,Astur bicolor,Accipiter bicolor,Accipiter bicolor,Accipiter bicolor,ADBE44E1798EC2B6,FB27427BB7288B30,Bicolored Hawk,Bicolored Hawk
Passeriformes,Tyrannidae,Phaeomyias murina,Phaeomyias murina,Nesotriccus murinus,Phaeomyias murina,Phaeomyias murina,Phaeomyias murina,F2D76F957E86511F,17E6282FBDCFEC80,Mouse-colored Tyrannulet,Mouse-colored Tyrannulet
Passeriformes,Tyrannidae,Myiodynastes chrysocephalus,Myiodynastes chrysocephalus,Myiodynastes hemichrysus,Myiodynastes hemichrysus,Myiodynastes hemicrysus,Myiodynastes hemichrysus,077E33E34B5DAFC4,D460A5CBA976EDA1,Golden-crowned Flycatcher,Golden-bellied Flycatcher
Passeriformes,Furnariidae,Xenops minutus,Xenops minutus,Xenops genibarbis,Xenops genibarbis,Xenops minutus,Xenops minutus,8C310C5055981E7A,DEB6C2E67057A33E,Plain Xenops,Amazonian Plain Xenops
Passeriformes,Furnariidae,Xenops minutus,Xenops minutus,Xenops mexicanus,Xenops genibarbis,Xenops minutus,Xenops minutus,8C310C5055981E7A,31CEF156CA10E5B3,Plain Xenops,Northern Plain Xenops
Passeriformes,Troglodytidae,Troglodytes aedon,Troglodytes aedon,Troglodytes musculus,Troglodytes aedon,Troglodytes aedon,Troglodytes aedon,A381417FEA4045E3,A41F13600803FC13,House Wren,Southern House Wren
Passeriformes,Troglodytidae,Cyphorhinus thoracicus,Cyphorhinus thoracicus,Cyphorhinus dichrous,Cyphorhinus thoracicus,Cyphorhinus thoracicus,Cyphorhinus thoracicus,938582C13CA4E3EE,EC974AC4F93A1E43,Chestnut-breasted Wren,Northern Chestnut-breasted Wren
Passeriformes,Parulidae,Basileuterus rufifrons,Basileuterus rufifrons,Basileuterus delattrii,Basileuterus rufifrons,Basileuterus delattrii,Basileuterus rufifrons,013A7BF7B9C87961,F50F4ACE3D9DA570,Rufous-capped Warbler,Chestnut-capped Warbler
Passeriformes,Icteridae,Molothrus aeneus,Molothrus aeneus,Molothrus armenti,Molothrus aeneus,Molothrus aeneus,Molothrus aeneus,D8310D39D9FEB2F4,C21B323AD430E945,Bronzed Cowbird,Bronze-brown Cowbird
Passeriformes,Tyrannidae,Contopus cinereus,Contopus cinereus,Contopus bogotensis,Contopus bogotensis,Contopus bogotensis,Contopus cinereus,ED18DC0CF222ED9B,784D06ACC99AFCDD,Tropical pewee,Northern Tropical Pewee
Passeriformes,Thamnophilidae,Formicivora grisea,Formicivora grisea,Formicivora intermedia,Formicivora intermedia,Formicivora grisea,Formicivora intermedia,AC7F0A897CCA84DE,E62C56950E52E045,White-fringed Antwren,Northern White-fringed Antwren
Charadriiformes,Scolopacidae,Tringa solitaria,Tringa solitaria,Tringa solitaria,Tringa solitaria,NA,Tringa solitaria,D4A73324DB24F142,D4A73324DB24F142,Solitary Sandpiper,Solitary Sandpiper
Passeriformes,Icteridae,Icterus galbula,Icterus galbula,Icterus galbula,Icterus galbula,NA,Icterus galbula,5110842FA06DD11C,5110842FA06DD11C,Baltimore Oriole,Baltimore Oriole
Passeriformes,Parulidae,Setophaga fusca,Setophaga fusca,Setophaga fusca,Setophaga fusca,NA,Dendroica fusca,4168AF09C7BCB40B,4168AF09C7BCB40B,Blackburnian Warbler,Blackburnian Warbler
Passeriformes,Parulidae,Setophaga ruticilla,Setophaga ruticilla,Setophaga ruticilla,Setophaga ruticilla,NA,Setophaga ruticilla,BED38F505F0B8509,BED38F505F0B8509,American Redstart,American Redstart
Passeriformes,Tyrannidae,Tyrannus dominicensis,Tyrannus dominicensis,Tyrannus dominicensis,Tyrannus dominicensis,NA,Tyrannus dominicensis,F5388B5EF2C0D783,F5388B5EF2C0D783,Gray Kingbird,Grey Kingbird
Passeriformes,Tyrannidae,Myiarchus crinitus,Myiarchus crinitus,Myiarchus crinitus,Myiarchus crinitus,NA,Myiarchus crinitus,8D6D5F2BEA07A0CF,8D6D5F2BEA07A0CF,Great Crested Flycatcher,Great Crested Flycatcher
Passeriformes,Parulidae,Leiothlypis peregrina,Leiothlypis peregrina,Leiothlypis peregrina,Leiothlypis peregrina,NA,Vermivora peregrina,D204A9309E8CCC3A,D204A9309E8CCC3A,Tennessee Warbler,Tennessee Warbler
Passeriformes,Tyrannidae,Tyrannus tyrannus,Tyrannus tyrannus,Tyrannus tyrannus,Tyrannus tyrannus,NA,Tyrannus tyrannus,082D833CF61D6360,082D833CF61D6360,Eastern Kingbird,Eastern Kingbird
Passeriformes,Cardinalidae,Piranga rubra,Piranga rubra,Piranga rubra,Piranga rubra,NA,Piranga rubra,891798D9EFFE1F8D,891798D9EFFE1F8D,Summer Tanager,Summer Tanager
Cuculiformes,Cuculidae,Coccyzus americanus,Coccyzus americanus,Coccyzus americanus,Coccyzus americanus,NA,Coccyzus americanus,0CF12F8155708DC8,0CF12F8155708DC8,Yellow-billed Cuckoo,Yellow-billed Cuckoo
Passeriformes,Turdidae,Catharus ustulatus,Catharus ustulatus,Catharus ustulatus,Catharus ustulatus,NA,Catharus ustulatus,E53FC25C090A6AD8,E53FC25C090A6AD8,Swainson's Thrush,Swainson's Thrush
Passeriformes,Parulidae,Setophaga striata,Setophaga striata,Setophaga striata,Setophaga striata,NA,Dendroica striata,544A5E6BC69CEAAC,544A5E6BC69CEAAC,Blackpoll Warbler,Blackpoll Warbler
Passeriformes,Cardinalidae,Piranga olivacea,Piranga olivacea,Piranga olivacea,Piranga olivacea,NA,Piranga olivacea,4210163221C2E458,4210163221C2E458,Scarlet Tanager,Scarlet Tanager
Passeriformes,Icteridae,Sturnella militaris,Sturnella militaris,Leistes militaris,Leistes militaris,NA,Sturnella militaris,5E08EF7369DCED33,5E08EF7369DCED33,Red-breasted Meadowlark,Red-breasted Meadowlark
Passeriformes,Parulidae,Mniotilta varia,Mniotilta varia,Mniotilta varia,Mniotilta varia,NA,Mniotilta varia,4D207AF69A79DDCF,4D207AF69A79DDCF,Black-and-white Warbler,Black-and-white Warbler
Passeriformes,Thraupidae,Tiaris obscurus,Tiaris obscurus,Asemospiza obscura,Asemospiza obscura,NA,Tiaris obscurus,E83C7E460B250287,E83C7E460B250287,Dull-colored Grassquit,Dull-colored Grassquit
Passeriformes,Hirundinidae,Hirundo rustica,Hirundo rustica,Hirundo rustica,Hirundo rustica,NA,Hirundo rustica,58C502EA7AF3E023,58C502EA7AF3E023,Barn Swallow,Barn Swallow
Passeriformes,Tyrannidae,Empidonax virescens,Empidonax virescens,Empidonax virescens,Empidonax virescens,NA,Empidonax virescens,2778A3F42BBFEBD5,2778A3F42BBFEBD5,Acadian Flycatcher,Acadian Flycatcher
Passeriformes,Vireonidae,Vireo flavifrons,Vireo flavifrons,Vireo flavifrons,Vireo flavifrons,NA,Vireo flavifrons,F8DDF6A6429E64D0,F8DDF6A6429E64D0,Yellow-throated Vireo,Yellow-throated Vireo
Accipitriformes,Pandionidae,Pandion haliaetus,Pandion haliaetus,Pandion haliaetus,Pandion haliaetus,NA,Pandion haliaetus,1327AC55AA9D579B,1327AC55AA9D579B,Osprey,Osprey
Passeriformes,Parulidae,Cardellina canadensis,Cardellina canadensis,Cardellina canadensis,Cardellina canadensis,NA,Wilsonia canadensis,F2D675AFB11EEEFF,F2D675AFB11EEEFF,Canada Warbler,Canada Warbler
Passeriformes,Tyrannidae,Contopus virens,Contopus virens,Contopus virens,Contopus virens,NA,Contopus virens,9891BF73279CAB69,9891BF73279CAB69,Eastern Wood-Pewee,Eastern Wood Pewee
Passeriformes,Tyrannidae,Empidonomus varius,Empidonomus varius,Empidonomus varius,Empidonomus varius,NA,Empidonomus varius,BD902263BE371758,BD902263BE371758,Variegated Flycatcher,Variegated Flycatcher
Passeriformes,Tyrannidae,Myiarchus swainsoni,Myiarchus swainsoni,Myiarchus swainsoni,Myiarchus swainsoni,NA,Myiarchus swainsoni,EF21F7B5356EB94A,EF21F7B5356EB94A,Swainson's Flycatcher,Swainson's Flycatcher
Piciformes,Picidae,Veniliornis passerinus,Veniliornis passerinus,Veniliornis passerinus,Veniliornis passerinus,NA,Veniliornis passerinus,898101E601D55C5D,898101E601D55C5D,Little Woodpecker,Little Woodpecker
Charadriiformes,Scolopacidae,Actitis macularius,Actitis macularius,Actitis macularius,Actitis macularius,NA,Actitis macularius,0D88C072E71FE4B8,0D88C072E71FE4B8,Spotted Sandpiper,Spotted Sandpiper
Passeriformes,Parulidae,Setophaga caerulescens,Setophaga caerulescens,Setophaga caerulescens,Setophaga caerulescens,NA,Dendroica caerulescens,67B455A71B1C2506,67B455A71B1C2506,Black-throated Blue Warbler,Black-throated Blue Warbler
Passeriformes,Vireonidae,Vireo flavoviridis,Vireo flavoviridis,Vireo flavoviridis,Vireo flavoviridis,NA,Vireo flavoviridis,6A7F76A728D8690F,6A7F76A728D8690F,Yellow-green Vireo,Yellow-green Vireo
Passeriformes,Parulidae,Protonotaria citrea,Protonotaria citrea,Protonotaria citrea,Protonotaria citrea,NA,Protonotaria citrea,4D08EE7E80D2E275,4D08EE7E80D2E275,Prothonotary Warbler,Prothonotary Warbler
Piciformes,Picidae,Veniliornis kirkii,Veniliornis kirkii,Veniliornis kirkii,Veniliornis kirkii,NA,Veniliornis kirkii,CB586CF63D62C020,CB586CF63D62C020,Red-rumped Woodpecker,Red-rumped Woodpecker
Accipitriformes,Accipitridae,Buteo platypterus,Buteo platypterus,Buteo platypterus,Buteo platypterus,NA,Buteo platypterus,79F3C681417F2056,79F3C681417F2056,Broad-winged Hawk,Broad-winged Hawk
Passeriformes,Thraupidae,Thraupis cyanocephala,Thraupis cyanocephala,Sporathraupis cyanocephala,Sporathraupis cyanocephala,NA,Thraupis cyanocephala,E97657AA2E338CC0,E97657AA2E338CC0,Blue-capped Tanager,Blue-capped Tanager
Passeriformes,Parulidae,Geothlypis philadelphia,Geothlypis philadelphia,Geothlypis philadelphia,Geothlypis philadelphia,NA,Oporornis philadelphia,1A0096F2F929CEA2,1A0096F2F929CEA2,Mourning Warbler,Mourning Warbler
Passeriformes,Parulidae,Parkesia noveboracensis,Parkesia noveboracensis,Parkesia noveboracensis,Parkesia noveboracensis,NA,Seiurus noveboracensis,709AF716468341F7,709AF716468341F7,Northern Waterthrush,Northern Waterthrush
Passeriformes,Cardinalidae,Spiza americana,Spiza americana,Spiza americana,Spiza americana,NA,Spiza americana,592E58CE67D092DA,592E58CE67D092DA,Dickcissel,Dickcissel
Passeriformes,Parulidae,Setophaga cerulea,Setophaga cerulea,Setophaga cerulea,Setophaga cerulea,NA,Dendroica cerulea,D00EC2C974F1B880,D00EC2C974F1B880,Cerulean Warbler,Cerulean Warbler
Passeriformes,Tyrannidae,Empidonax traillii,Empidonax traillii,Empidonax traillii,Empidonax traillii,NA,Empidonax traillii,5BC4E0EFAB129B9D,5BC4E0EFAB129B9D,Willow Flycatcher,Willow Flycatcher
Passeriformes,Parulidae,Oporornis agilis,Oporornis agilis,Oporornis agilis,Oporornis agilis,NA,Oporornis agilis,0B23929DF27B0963,0B23929DF27B0963,Connecticut Warbler,Connecticut Warbler
Accipitriformes,Accipitridae,Geranoaetus polyosoma,Geranoaetus polyosoma,Geranoaetus polyosoma,Geranoaetus polyosoma,NA,Buteo polyosoma,2AAA7F7696B93BD3,2AAA7F7696B93BD3,Variable Hawk,Variable Hawk
Passeriformes,Turdidae,Catharus minimus,Catharus minimus,Catharus minimus,Catharus minimus,NA,Catharus minimus,B904BB227C07317E,B904BB227C07317E,Gray-cheeked Thrush,Grey-cheeked Thrush
Passeriformes,Parulidae,Setophaga castanea,Setophaga castanea,Setophaga castanea,Setophaga castanea,NA,Dendroica castanea,10C601D3BCC5A85C,10C601D3BCC5A85C,Bay-breasted Warbler,Bay-breasted Warbler
Passeriformes,Cardinalidae,Pheucticus ludovicianus,Pheucticus ludovicianus,Pheucticus ludovicianus,Pheucticus ludovicianus,NA,Pheucticus ludovicianus,7C2FCB13BAA660EE,7C2FCB13BAA660EE,Rose-breasted Grosbeak,Rose-breasted Grosbeak
Piciformes,Picidae,Picoides fumigatus,Picoides fumigatus,Leuconotopicus fumigatus,Leuconotopicus fumigatus,NA,Picoides fumigatus,5481FBB203FDFD78,5481FBB203FDFD78,Smoky-brown Woodpecker,Smoky-brown Woodpecker
Falconiformes,Falconidae,Falco peregrinus,Falco peregrinus,Falco peregrinus,Falco peregrinus,NA,Falco peregrinus,5A9A42C1DF7154B8,47E5840880DC9FA8,Peregrine Falcon,Peregrine Falcon
Psittaciformes,Psittacidae,Forpus xanthopterygius,Forpus xanthopterygius,Forpus xanthopterygius,Forpus xanthopterygius,NA,Forpus xanthopterygius,4FC2DF643DCD4AC1,B07EFFE6CCF3C8A3,Blue-winged Parrotlet,Cobalt-rumped Parrotlet
Passeriformes,Vireonidae,Vireo olivaceus,Vireo olivaceus,Vireo olivaceus,Vireo olivaceus,NA,Vireo olivaceus,7254F08DB80D349C,847717E2FC283AD8,Red-eyed Vireo,Red-eyed Vireo
Passeriformes,Hirundinidae,Riparia riparia,Riparia riparia,Riparia riparia,Riparia riparia,NA,Riparia riparia,755E2AD4ECF114FB,94A1C447583CB6D2,Bank Swallow,Sand Martin
Passeriformes,Estrildidae,Lonchura malacca,Lonchura malacca,Lonchura malacca,Lonchura malacca,NA,Lonchura malacca,9831DB02E7C7481B,937B5409A423667F,Tricolored Munia,Tricolored Munia
Passeriformes,Parulidae,Setophaga petechia,Setophaga petechia,Setophaga petechia,Setophaga petechia,NA,Dendroica aestiva,A6C0C4A9DCB84453,6C439FF4CDC95AA8,Yellow Warbler,Mangrove Warbler
Passeriformes,Parulidae,Setophaga petechia,Setophaga petechia,Setophaga petechia,Setophaga petechia,NA,Dendroica petechia,A6C0C4A9DCB84453,6C439FF4CDC95AA8,Yellow Warbler,Mangrove Warbler
Falconiformes,Falconidae,Caracara cheriway,Caracara cheriway,Caracara plancus,Caracara plancus,NA,Caracara plancus,ABF6C3C492AE0D2B,CFED276FD6D14015,Crested Caracara,Crested Caracara
Strigiformes,Strigidae,Megascops colombianus,Megascops colombianus,Megascops ingens,Megascops ingens,NA,Megascops ingens,7235DAD7CB2F5EC6,CA408A36EDA2AA56,Colombian Screech Owl ,Rufescent Screech Owl
Passeriformes,Parulidae,NA,Setophaga pinus,Setophaga pinus,Setophaga pinus,NA,Dendroica pinus,NA,6283E61EEF174882,Pine Warbler,Pine Warbler
Piciformes,Ramphastidae,Aulacorhynchus prasinus,Aulacorhynchus prasinus,Aulacorhynchus albivitta,Aulacorhynchus albivitta,NA,Aulacorhynchus prasinus,BD14A324338310D9,8E12984DF5D16ABA,Emerald Toucanet,Southern Emerald Toucanet
Apodiformes,Trochilidae,Lepidopyga coeruleogularis,Lepidopyga coeruleogularis,Chrysuronia coeruleogularis,Amazilia coeruleogularis,NA,Lepidopyga coeruleogularis,D3D0C21B714A76C3,D3D0C21B714A76C3,Sapphire-throated Hummingbird,Sapphire-throated Hummingbird
Apodiformes,Trochilidae,Lepidopyga goudoti,Lepidopyga goudoti,Chrysuronia goudoti,Amazilia goudoti,NA,Lepidopyga goudoti,2BE9465CF19C93A3,2BE9465CF19C93A3,Shining-green Hummingbird,Shining-green Hummingbird
Apodiformes,Trochilidae,Amazilia fimbriata,Amazilia fimbriata,Chionomesa fimbriata,Amazilia fimbriata,NA,Amazilia fimbriata,91AD1DE4F0918A55,91AD1DE4F0918A55,Glittering-throated Emerald,Glittering-throated Emerald
Passeriformes,Thraupidae,Tangara cayana,Tangara cayana,Stilpnia cayana,Tangara cayana,NA,Tangara cayana,D9A843C8A421D467,D9A843C8A421D467,Burnished-buff Tanager,Burnished-buff Tanager
Passeriformes,Fringillidae,Euphonia cyanocephala,Euphonia cyanocephala,Chlorophonia cyanocephala,Euphonia cyanocephala,NA,Euphonia cyanocephala,852ECDA200E6FEEC,852ECDA200E6FEEC,Golden-rumped Euphonia,Golden-rumped Euphonia
Passeriformes,Thraupidae,Tangara heinei,Tangara heinei,Stilpnia heinei,Tangara heinei,NA,Tangara heinei,41A0DB768C440C9F,41A0DB768C440C9F,Black-capped Tanager,Black-capped Tanager
Passeriformes,Thraupidae,Tangara cyanicollis,Tangara cyanicollis,Stilpnia cyanicollis,Tangara cyanicollis,NA,Tangara cyanicollis,98A1673541105E41,98A1673541105E41,Blue-necked Tanager,Blue-necked Tanager
Passeriformes,Thraupidae,Tangara vitriolina,Tangara vitriolina,Stilpnia vitriolina,Tangara vitriolina,NA,Tangara vitriolina,A7B6279C1D95DE49,A7B6279C1D95DE49,Scrub Tanager,Scrub Tanager
Apodiformes,Trochilidae,Hylocharis cyanus,Hylocharis cyanus,Chlorestes cyanus,Amazilia cyanus,NA,Hylocharis cyanus,8564ACE3CD9B4360,8564ACE3CD9B4360,White-chinned Sapphire,White-chinned Sapphire
Apodiformes,Trochilidae,Amazilia versicolor,Amazilia versicolor,Chrysuronia versicolor,Amazilia versicolor,NA,Amazilia versicolor,9CAB5D95838D108D,9CAB5D95838D108D,Versicolored Emerald,Versicolored Emerald
Pelecaniformes,Ardeidae,Butorides virescens,Butorides virescens,Butorides virescens,Butorides striata,NA,Butorides virescens,86D45B8F04F61F0E,86D45B8F04F61F0E,Green Heron,Green Heron
Passeriformes,Thraupidae,Tachyphonus luctuosus,Tachyphonus luctuosus,Loriotus luctuosus,Islerothraupis luctuosa,NA,Tachyphonus luctuosus,47CB5669EB406A38,47CB5669EB406A38,White-shouldered Tanager,White-shouldered Tanager
Passeriformes,Thraupidae,Tangara nigrocincta,Tangara nigrocincta,Stilpnia nigrocincta,Tangara nigrocincta,NA,Tangara nigrocincta,76F91EB1E704CDEF,76F91EB1E704CDEF,Masked Tanager,Masked Tanager
Apodiformes,Trochilidae,Amazilia franciae,Amazilia franciae,Uranomitra franciae,Amazilia franciae,NA,Amazilia franciae,3FFAFC07CF7C8A21,3FFAFC07CF7C8A21,Andean Emerald,Andean Emerald
Passeriformes,Thraupidae,Tangara ruficervix,Tangara ruficervix,Chalcothraupis ruficervix,Tangara ruficervix,NA,Tangara ruficervix,4B490812CC621063,4B490812CC621063,Golden-naped Tanager,Golden-naped Tanager
Apodiformes,Trochilidae,Colibri thalassinus,Colibri thalassinus,Colibri cyanotus,Colibri thalassinus,NA,Colibri thalassinus,526931C99923A2A0,94CB63F7A26DE616,Green Violetear,Lesser Violetear
Apodiformes,Trochilidae,Amazilia saucerottei,Amazilia saucerottei,Saucerottia saucerottei,Amazilia saucerottei,NA,Amazilia saucerrottei,3A309CC78B65004C,D51213D32F2B6AD6,Steely-vented Hummingbird,Steely-vented Hummingbird
Passeriformes,Thraupidae,Tangara cyanoptera,Tangara cyanoptera,Stilpnia cyanoptera,Tangara cyanoptera,NA,Thraupis cyanoptera,2823F536B1EE999B,F9C4B0455951C3BE,Black-headed Tanager,Black-headed Tanager
